map_order,title,year,first_broadcast_date,source,broadcasting_station,cluster,form,genre,protagonist_verified,author,director,url,raw_map_protagonist_original
1,Brasil,1982,28.01.1982,DRA,Hessischer Rundfunk / Österreichischer Rundfunk / Schweizer Radio DRS / Netherlands Broadcasting,Portrait catalogue,original radio play,Originalhörspiel,Brazil,Matthias von Spallart,Matthias von Spallart,https://hoerspiele.dra.de/detailansicht/1356662,Brasil
2,Das unheilvolle Porträt,1981,15.12.1981,DRA,Westdeutscher Rundfunk,Portrait catalogue,adaptation,Hörspielbearbeitung,Denis Diderot,Denis Diderot,Heinz Wilhelm Schwarz,https://hoerspiele.dra.de/detailansicht/1356564,Denis Diderot
3,Die verlorenen Spuren (2. Teil),1982,01.06.1982,DRA,Westdeutscher Rundfunk,Diaries and self-records,adaptation,Hörspielbearbeitung,The unnamed composer/musicologist narrator,Alejo Carpentier,Heinz von Cramer,https://hoerspiele.dra.de/detailansicht/1356916,Lost Traces
4,Marienbader Briefe,1982,20.03.1982,DRA,Sender Freies Berlin / Radio Bremen,Letters and correspondence,other,Hörspiel,Johann Wolfgang von Goethe and Ulrike von Levetzow,Rolf Schneider,Rolf Schneider,https://hoerspiele.dra.de/detailansicht/1356785,Johann Wolfgang v. Goethe
5,Emma Goldmann - Die gefährlichste Frau der Welt,1981,31.08.1981,DRA,RIAS Berlin / Südwestfunk,Autobiographical lives,adaptation,Hörspielbearbeitung,Emma Goldman,Emma Goldmann,Rosa von Praunheim,https://hoerspiele.dra.de/detailansicht/1349346,Emma Goldmann
6,Tagebuch meiner Töne,1982,26.10.1982,DRA,Westdeutscher Rundfunk,Diaries and self-records,other,Hörspiel,Pierre Henry,Pierre Henry,Pierre Henry,https://hoerspiele.dra.de/detailansicht/1356959,Pierre Henry
7,"""Nachwort eines Zauberers"" nach dem Hörspiel 'Cagliostro - Porträt eines Schriftstellers' von Karl Richard Tschon",1983,12.01.1983,DRA,Deutschlandfunk,Autobiographical lives,other,Kommentar,Cagliostro / Karl Richard Tschon's Cagliostro portrait,Alexander Adrion,,https://hoerspiele.dra.de/detailansicht/1357042,Cagliostro
8,Biographie und Liebe,1983,09.05.1983,DRA,Bayerischer Rundfunk,Autobiographical lives,adaptation,Hörspielbearbeitung,Marion Froude,Samuel Nathaniel Behrman,Wolf Euba,https://hoerspiele.dra.de/detailansicht/1356998,Marion Froude
9,Fortsetzung einer Flucht - Ein autobiographisches Hörspiel,1983,25.03.1983,DRA,Radio Bremen,Autobiographical lives,feature / documentary,Originaltonhörspiel,Werner Meyke,Werner Meyke,Werner Meyke,https://hoerspiele.dra.de/detailansicht/1357148,Werner Meyke
10,Das Kranke Dorf oder: Vier Briefe aus L.,1987,02.11.1987,DRA,Südwestfunk,Letters and correspondence,other,Hörspiel,An unnamed young man,Christian Wolf,Thomas Köhler,https://hoerspiele.dra.de/detailansicht/1366276,A young man
11,Ein Leben auf der Flucht vor der Koralle,1994,14.01.1994,DRA,Bayerischer Rundfunk,Autobiographical lives,original radio play,Originalhörspiel,Ruth Frau,Max Goldt,Max Goldt,https://hoerspiele.dra.de/detailansicht/1369519,Ruth Frau
12,Mein Leben,1994,24.06.1994,DRA,Bayerischer Rundfunk,Autobiographical lives,adaptation,Hörspielbearbeitung,Johann Gottfried Seume,Johann Gottfried Seume,Christoph Lindenmeyer,https://hoerspiele.dra.de/detailansicht/1369551,Johann Gottfried Seume
13,... is a dangerous number,1994,11.03.1994,DRA,Bayerischer Rundfunk,Portrait catalogue,feature / documentary,Feature,Amiri Baraka / LeRoi Jones,Karl Bruckmaier,,https://hoerspiele.dra.de/detailansicht/1369714,Amiri Baraka
14,"Vom Enden einer Liebe, einer Frau",1987,10.11.1987,DRA,Westdeutscher Rundfunk,Social documentary lives,adaptation,Hörspielbearbeitung,Susette Gontard,Susette Gontard; Friedrich Hölderlin,Hans Ulrich Humpert,https://hoerspiele.dra.de/detailansicht/1370391,Susette Gontard
15,"Hörspielwerkstatt - ""Wichtig ist auch die durchkomponierte Pause ...""",1988,17.08.1988,DRA,Norddeutscher Rundfunk,Portrait catalogue,other,Hörspiel,Siegfried Franz,Henning Rademacher,Henning Rademacher,https://hoerspiele.dra.de/detailansicht/1370564,Henning Rademacher
16,Das Porträt,1994,26.12.1994,DRA,Mitteldeutscher Rundfunk / Norddeutscher Rundfunk,Portrait catalogue,adaptation,Hörspielbearbeitung,James Lord and Alberto Giacometti,Anders Nyman,Jörg Jannings,https://hoerspiele.dra.de/detailansicht/1370331,Das Porträt
17,John Cage,1988,18.08.1988,DRA,Südwestfunk,Autobiographical lives,portrait,Porträt,John Cage,Klaus Schöning,Klaus Schöning,https://hoerspiele.dra.de/detailansicht/1370867,John Cage
18,Der Ohrenblick,1988,25.08.1988,DRA,Südwestfunk / La Muse en Circuit,Portrait catalogue,portrait,Porträt,Luc Ferrari,Brunhild Meyer,Brunhild Meyer,https://hoerspiele.dra.de/detailansicht/1370870,Luc Ferrari
19,Mauricio Kagel,1988,20.08.1988,DRA,Südwestfunk,Portrait catalogue,portrait,Porträt,Mauricio Kagel,Michael Schäfermeyer,Michael Schäfermeyer,https://hoerspiele.dra.de/detailansicht/1370868,Mauricio Kagel
20,Oktober-Nächte/Les nuits d'octobre,1988,27.12.1988,DRA,Westdeutscher Rundfunk,Autobiographical lives,adaptation,Hörspielbearbeitung,Gérard de Nerval,Gerard de Nerval,Heinz von Cramer,https://hoerspiele.dra.de/detailansicht/1371042,Gérard de Nerval
21,"Lieber Piet, liebe Sandra",1989,04.04.1989,DRA,Hessischer Rundfunk,Letters and correspondence,other,Kurzhörspiel,"Sandra, Piet, and Truck",Bernhard Pfletschinger,Ferdinand Ludwig,https://hoerspiele.dra.de/detailansicht/1371169,Shortly
22,Von Herren und Knechten,1989,11.04.1989,DRA,Hessischer Rundfunk,Letters and correspondence,other,Kurzhörspiel,Herr Fecht and his former landlord/neighbor,Bernhard Pfletschinger,Ferdinand Ludwig,https://hoerspiele.dra.de/detailansicht/1371171,Mr. Fecht
23,And what about me? Ein Porträt des Autors Raymond Federman,1989,13.10.1989,DRA,Bayerischer Rundfunk,Portrait catalogue,portrait,Porträt,Raymond Federman,Herbert Kapfer,Herbert Kapfer,https://hoerspiele.dra.de/detailansicht/1371100,Raymond Federman
24,"Amore, Amore",1989,18.04.1989,DRA,Hessischer Rundfunk,Letters and correspondence,other,Kurzhörspiel,Elsa and Renzo,Bernhard Pfletschinger,Ferdinand Ludwig,https://hoerspiele.dra.de/detailansicht/1371173,Elsa
25,Die Courage des George Tabori,1989,25.05.1989,DRA,Bayerischer Rundfunk,Portrait catalogue,feature / documentary,Originaltonhörspiel,George Tabori,Dieter Mayer-Simeth,Dieter Mayer-Simeth,https://hoerspiele.dra.de/detailansicht/1371074,George Tabori
26,Baal Babylon,1989,07.03.1989,DRA,Radio Bremen / Saarländischer Rundfunk,Autobiographical lives,adaptation,Hörspielbearbeitung,Fernando Arrabal,Fernando Arrabal,Norbert Schaeffer,https://hoerspiele.dra.de/detailansicht/1371238,Fernando Arrabal
27,Mein Spaziergang nach Syrakus - Briefe an einen Freund (2. Teil: Annäherungen),1985,14.05.1985,DRA,RIAS Berlin,Letters and correspondence,other,Hörspiel,Jürgen Liebing in dialogue with Johann Gottfried Seume,Jürgen Liebing,Bärbel Jarchow,https://hoerspiele.dra.de/detailansicht/1371889,Johann Gottfried Seume
28,New York City,1984,17.04.1984,DRA,Westdeutscher Rundfunk,Social documentary lives,other,Hörspiel,New York City / New Yorkers,Richard Kostelanetz,Richard Kostelanetz,https://hoerspiele.dra.de/detailansicht/1371603,New York City
29,Mein Spaziergang nach Syrakus - Briefe an einen Freund (1. Teil: Entfernungen),1985,13.05.1985,DRA,RIAS Berlin,Letters and correspondence,other,Hörspiel,Jürgen Liebing in dialogue with Johann Gottfried Seume,Jürgen Liebing,Bärbel Jarchow,https://hoerspiele.dra.de/detailansicht/1371888,Johann Gottfried Seume
30,Franz Kafka hört noch immer Radio und telefoniert mit schönen Frauen. Porträt eines Mannes vor dem Sterben,1985,11.07.1985,DRA,Südwestfunk,Portrait catalogue,original radio play,Originalhörspiel,Franz Kafka,Elmar Podlech,Bernd Lau,https://hoerspiele.dra.de/detailansicht/1372064,Franz Kafka
31,Fred von Hoerschelmann - Zum 10. Todestag des Hörspielautors,1986,17.06.1986,DRA,Bayerischer Rundfunk,Portrait catalogue,other,Hörspiel,Fred von Hoerschelmann,Dieter Hasselblatt,Dieter Hasselblatt,https://hoerspiele.dra.de/detailansicht/1372247,Fred von Hoerschelmann
32,Der Rundfunkmann Ernst Schnabel,1986,25.07.1986,DRA,Bayerischer Rundfunk,Portrait catalogue,other,Kurzhörspiel,Ernst Schnabel,Karl Karst,Karl Karst,https://hoerspiele.dra.de/detailansicht/1372252,Ernst Schnabel
33,Ein Schmuck für Momente - Helmut Käutner und das Hörspiel,1986,19.12.1986,DRA,Bayerischer Rundfunk,Portrait catalogue,other,Hörspiel,Helmut Käutner,Wolfram Wessels,Wolfram Wessels,https://hoerspiele.dra.de/detailansicht/1372270,Helmut Käutner
34,Die Straße nach Lushoto. Tanzania - Notizen aus meinem Tagebuch,1976,24.01.1976,DRA,RIAS Berlin,Diaries and self-records,other,Hörspiel,European-African cooperation around the LIDEP project,Gisela Albrecht,Robert Matejka,https://hoerspiele.dra.de/detailansicht/1372504,Road
35,Lady sings the Blues. Billie Holiday erinnert sich,1991,27.12.1991,DRA,Radio Bremen,Autobiographical lives,adaptation,Hörspielbearbeitung,Billie Holiday,Billie Holiday,Stefan Hardt,https://hoerspiele.dra.de/detailansicht/1372907,Billie Holiday
36,Anonyme Briefe,1950,31.03.1950,DRA,Bayerischer Rundfunk,Letters and correspondence,original radio play,Originalhörspiel,Students at an acting school,Annemarie Artinger,Heinz-Günter Stamm,https://hoerspiele.dra.de/detailansicht/1372532,Anonyme Briefe
37,Briefe an Olga,1991,08.10.1991,DRA,Westdeutscher Rundfunk,Sound art and listening,sound art,"Hörspielbearbeitung, Ars acustica",Václav Havel,Václav Havel,Petr Kotík,https://hoerspiele.dra.de/detailansicht/1373260,Czech
38,Familienpackung,1989,28.03.1989,DRA,Westdeutscher Rundfunk,Autobiographical lives,other,"Kurzhörspiel, Kinderhörspiel",Johann Christoph,Gudrun Mebs,Klaus-Dieter Pittrich,https://hoerspiele.dra.de/detailansicht/1374699,Johann Christoph
39,Aus dem Tagebuch der Anne Frank,1989,12.06.1989,DRA,Süddeutscher Rundfunk / Südwestfunk / Saarländischer Rundfunk,Diaries and self-records,adaptation,"Hörspielbearbeitung, Kurzhörspiel, Kinderhörspiel",Anne Frank,Anne Frank,Detlef Ihnken,https://hoerspiele.dra.de/detailansicht/1374444,Anne Frank
40,Der Autor Hartmut Geerken,1990,16.02.1990,DRA,Bayerischer Rundfunk,Autobiographical lives,portrait,Porträt,Hartmut Geerken,Klaus Peter Harmening,Klaus Peter Harmening,https://hoerspiele.dra.de/detailansicht/1374721,Hartmut Geerken
41,Jean Anouilh zum 80. Geburtstag: Majestät des Boulevard - Porträt,1990,23.06.1990,DRA,Bayerischer Rundfunk,Portrait catalogue,portrait,Porträt,Jean Anouilh,Thomas Thieringer; Wilfried Geldner,Christoph Lindenmeyer,https://hoerspiele.dra.de/detailansicht/1374736,Jean Anouilh
42,Briefe an Franz Pawell,1990,04.12.1990,DRA,Radio Bremen,Letters and correspondence,other,Hörspiel,Franz Pawell,Adolf Schröder,Gerhard Willert,https://hoerspiele.dra.de/detailansicht/1374916,Two Germanys
43,"Pioniere der Radiokunst (9. Folge: ... ""Quer zum Betrieb der Kulturindustrie"")",1986,06.09.1986,DRA,Südwestfunk,Portrait catalogue,portrait,Porträt,Ernst Schoen,August Soppe,Johannes Hertel,https://hoerspiele.dra.de/detailansicht/1375730,Ernst Schoen
44,Bodo Katzenbergers Tagebuch,1986,17.05.1986,DRA,Westdeutscher Rundfunk,Diaries and self-records,other,Hörspiel,Bodo Katzenberger,Marion Mosell,Angeli Backhausen,https://hoerspiele.dra.de/detailansicht/1375816,Bodo Katzenberger
45,Porträt,1986,10.06.1986,DRA,Westdeutscher Rundfunk,Portrait catalogue,other,Hörspiel,"An unnamed deceased man as remembered by wife, daughter, and granddaughter",Irene Oppenheim,Kaye Mortley,https://hoerspiele.dra.de/detailansicht/1375822,Porträt
46,Vier Briefe aus Amerika,1986,16.10.1986,DRA,Westdeutscher Rundfunk,Letters and correspondence,other,Hörspiel,Josef Kraus,Konrad Wühr,Frank Hübner,https://hoerspiele.dra.de/detailansicht/1375861,Colorado
47,Per Einschreiben,1987,02.08.1987,DRA,Deutsche Welle,Letters and correspondence,original radio play,"Originalhörspiel, Kurzhörspiel",Elli and Karli,Eva Maria Mudrich,Tibor von Peterdy,https://hoerspiele.dra.de/detailansicht/1375962,The radio work
48,Das Tagebuch der Redegonda,1987,27.09.1987,DRA,Südwestfunk,Diaries and self-records,adaptation,"Hörspielbearbeitung, Kurzhörspiel",Dr. Gottfried Wehwald and Redegonda,Arthur Schnitzler,Hermann Naber,https://hoerspiele.dra.de/detailansicht/1376346,Redegonda
49,Walter Ruttmann - der Visionär bewegter Rhythmen,1987,08.05.1987,DRA,Bayerischer Rundfunk,Portrait catalogue,other,Hörspiel,Walter Ruttmann,Jeanpaul Goergen,Irene Schuck,https://hoerspiele.dra.de/detailansicht/1375917,Walter Ruttmann
50,Das akustische Tagebuch,1987,30.06.1987,DRA,Sender Freies Berlin,Diaries and self-records,other,Hörspiel,Ronald Steckel,Ronald Steckel,Ronald Steckel,https://hoerspiele.dra.de/detailansicht/1376147,THE ACOUSTIC DIARY
51,C'era una volta il west oder Alte Briefe aus Amerika,1986,18.10.1986,DRA,Westdeutscher Rundfunk,Letters and correspondence,other,Kurzhörspiel,Karl,Reinhard Döhl,Hans Gerd Krogmann,https://hoerspiele.dra.de/detailansicht/1375863,Because
52,Ein Cäsar wäre ich sehr gerne gewesen - Monolog eines Mörders,1996,23.06.1996,DRA,Süddeutscher Rundfunk,Autobiographical lives,adaptation,"Hörspielbearbeitung, Monolog",Ernst Wagner,Ernst Wagner; Horst Brandstätter; Bernd Neuzner,Heinz von Cramer,https://hoerspiele.dra.de/detailansicht/1377165,Radelstetten
53,Anti. Ein Rainer-Werner-Fassbinder-Porträt,1992,05.06.1992,DRA,Bayerischer Rundfunk,Portrait catalogue,portrait,Porträt,Rainer Werner Fassbinder,Carl-Ludwig Reichert,Carl-Ludwig Reichert,https://hoerspiele.dra.de/detailansicht/1377516,Anti. Ein Rainer-Werner-Fassbinder-Porträt
54,Und der Haifisch... . Mackie Messer erzählt aus seinem Leben. Porträt Wolf Kaiser,1992,22.10.1992,DRA,Mitteldeutscher Rundfunk,Portrait catalogue,portrait,Porträt,Wolf Kaiser,Michael Trabitzsch,Michael Trabitzsch,https://hoerspiele.dra.de/detailansicht/1377586,Wolf Kaiser
55,"""Ich war irgendwie der erste Existentialist""",1992,22.04.1992,DRA,Bayerischer Rundfunk,Portrait catalogue,portrait,Porträt,Richard Huelsenbeck,Herbert Kapfer; Regina Moths,Herbert Kapfer; Regina Moths,https://hoerspiele.dra.de/detailansicht/1377511,Richard Huelsenbeck
56,Tagebuch einer heimlichen Symmetrie,1992,22.03.1992,DRA,Saarländischer Rundfunk,Diaries and self-records,adaptation,Hörspielbearbeitung,"Sabina Spielrein, Carl Gustav Jung, and Sigmund Freud",Sigmund Freud; Carl Gustav Jung; Sabina Spielrein,Christiane Ohaus,https://hoerspiele.dra.de/detailansicht/1377773,Small la
57,Zazie und der lange Kerl im Autobus S,1992,14.10.1992,DRA,Saarländischer Rundfunk,Portrait catalogue,feature / documentary,Feature,Raymond Queneau,Anette Kührmeyer,Stefanie Hoster,https://hoerspiele.dra.de/detailansicht/1377781,Raymond Queneau
58,"Das wilde Geheul unserer täglichen Arbeit oder Komm heraus, du Schönheit von Mülheim (3. Teil: Briefe an Irina - Eine Erinnerung)",1992,28.03.1992,DRA,Westdeutscher Rundfunk,Letters and correspondence,original radio play,Originalhörspiel,Irina,Stephan Bock,Frank-Erich Hübner,https://hoerspiele.dra.de/detailansicht/1378082,Ruhr
59,Der verliebte Antierotiker - Ein unbekanntes Kapitel aus dem Leben des Dichters Paul Scheerbart (1. Teil),1993,13.01.1993,DRA,Bayerischer Rundfunk,Autobiographical lives,adaptation,"Hörspielbearbeitung, Monolog",Paul Scheerbart,Paul Scheerbart,Hartmut Geerken,https://hoerspiele.dra.de/detailansicht/1378087,Paul Scheerbart
60,Die lange Weile der Briefe danach,1992,12.09.1992,DRA,Westdeutscher Rundfunk,Letters and correspondence,other,Hörspiel,Levin von Alversfeldt,Winfried Pielow,Georg Bühren,https://hoerspiele.dra.de/detailansicht/1377966,Levin von Alversfeldt
61,Andy Warhol: Das Tagebuch (1976),1993,12.01.1993,DRA,Südwestfunk,Diaries and self-records,adaptation,"Hörspielbearbeitung, Kurzhörspiel",Andy Warhol,Andy Warhol,Norbert Schaeffer,https://hoerspiele.dra.de/detailansicht/1378286,Andy Warhol
62,Autobiographie einer Leiche,1993,10.01.1993,DRA,Radio Bremen,Autobiographical lives,original radio play,Originalhörspiel,Linda Brodsky,Gabriele Jelle Behnert,Hans Helge Ott,https://hoerspiele.dra.de/detailansicht/1378202,All we know for sure
63,Andy Warhol: Das Tagebuch (1977),1993,19.01.1993,DRA,Südwestfunk,Diaries and self-records,adaptation,"Hörspielbearbeitung, Kurzhörspiel",Andy Warhol,Andy Warhol,Norbert Schaeffer,https://hoerspiele.dra.de/detailansicht/1378287,Andy Warhol
64,Andy Warhol: Das Tagebuch (1978),1993,26.01.1993,DRA,Südwestfunk,Diaries and self-records,adaptation,"Hörspielbearbeitung, Kurzhörspiel",Andy Warhol,Andy Warhol,Norbert Schaeffer,https://hoerspiele.dra.de/detailansicht/1378288,Andy Warhol
65,Andy Warhol: Das Tagebuch (1979),1993,02.02.1993,DRA,Südwestfunk,Diaries and self-records,adaptation,"Hörspielbearbeitung, Kurzhörspiel",Andy Warhol,Andy Warhol,Norbert Schaeffer,https://hoerspiele.dra.de/detailansicht/1378289,Andy Warhol
66,Andy Warhol: Das Tagebuch (1980),1993,09.02.1993,DRA,Südwestfunk,Diaries and self-records,adaptation,"Hörspielbearbeitung, Kurzhörspiel",Andy Warhol,Andy Warhol,Norbert Schaeffer,https://hoerspiele.dra.de/detailansicht/1378290,Andy Warhol
67,Andy Warhol: Das Tagebuch (1982),1993,23.02.1993,DRA,Südwestfunk,Diaries and self-records,adaptation,"Hörspielbearbeitung, Kurzhörspiel",Andy Warhol,Andy Warhol,Norbert Schaeffer,https://hoerspiele.dra.de/detailansicht/1378292,Andy Warhol
68,Andy Warhol: Das Tagebuch (1983),1993,02.03.1993,DRA,Südwestfunk,Diaries and self-records,adaptation,"Hörspielbearbeitung, Kurzhörspiel",Andy Warhol,Andy Warhol,Norbert Schaeffer,https://hoerspiele.dra.de/detailansicht/1378293,Andy Warhol
69,Andy Warhol: Das Tagebuch (1986),1993,23.03.1993,DRA,Südwestfunk,Diaries and self-records,adaptation,"Hörspielbearbeitung, Kurzhörspiel",Andy Warhol,Andy Warhol,Norbert Schaeffer,https://hoerspiele.dra.de/detailansicht/1378296,Andy Warhol
70,Andy Warhol: Das Tagebuch (1981),1993,16.02.1993,DRA,Südwestfunk,Diaries and self-records,adaptation,"Hörspielbearbeitung, Kurzhörspiel",Andy Warhol,Andy Warhol,Norbert Schaeffer,https://hoerspiele.dra.de/detailansicht/1378291,Andy Warhol
71,Andy Warhol: Das Tagebuch (1985),1993,16.03.1993,DRA,Südwestfunk,Diaries and self-records,adaptation,"Hörspielbearbeitung, Kurzhörspiel",Andy Warhol,Andy Warhol,Norbert Schaeffer,https://hoerspiele.dra.de/detailansicht/1378295,Andy Warhol
72,Andy Warhol: Das Tagebuch (1984),1993,09.03.1993,DRA,Südwestfunk,Diaries and self-records,adaptation,"Hörspielbearbeitung, Kurzhörspiel",Andy Warhol,Andy Warhol,Norbert Schaeffer,https://hoerspiele.dra.de/detailansicht/1378294,Andy Warhol
73,Andy Warhol: Das Tagebuch (1987),1993,30.03.1993,DRA,Südwestfunk,Diaries and self-records,adaptation,"Hörspielbearbeitung, Kurzhörspiel",Andy Warhol,Andy Warhol,Norbert Schaeffer,https://hoerspiele.dra.de/detailansicht/1378297,Andy Warhol
74,Meine Seele war schwarz von Fliegen (1. Teil),1993,03.11.1993,DRA,Südwestfunk / Mitteldeutscher Rundfunk,Autobiographical lives,adaptation,"Hörspielbearbeitung, Kurzhörspiel, Monolog",Vasilij Baranov,Vasilij Baranov,Ulrich Gerhardt,https://hoerspiele.dra.de/detailansicht/1378354,Meine Seele
75,Tagebuch eines Autobiographen,1993,16.06.1993,DRA,Südwestfunk / La Muse en Circuit,Diaries and self-records,original radio play,Originalhörspiel,Luc Ferrari,Luc Ferrari; Brunhild Meyer,Brunhild Meyer,https://hoerspiele.dra.de/detailansicht/1378358,A portrait
76,Der Wind geht gen Mittag und kommt herum zur Mitternacht,1993,13.07.1993,DRA,Sender Freies Berlin / Südwestfunk / Bayerischer Rundfunk,Letters and correspondence,adaptation,Hörspielbearbeitung,Belgrade and Sarajevo during the Yugoslav wars,Maruša Krese; Biljana Jovanovic; Rada Ivekovic; Radmila Lazic,Annette Jainski,https://hoerspiele.dra.de/detailansicht/1381519,Belgrade
77,Bruchstücke aus dem Tagebuch eines Dorfküsters,1993,25.12.1993,DRA,Süddeutscher Rundfunk,Diaries and self-records,adaptation,"Monolog, Hörspielbearbeitung",The village sexton,Steen Steensen Blicher,Hans Gerd Krogmann,https://hoerspiele.dra.de/detailansicht/1381497,Steen Steensen Blicher
78,Reise in den Klang der Worte. Porträt des Hörspiel-Regisseurs Jörg Jannings,1993,23.09.1993,DRA,DS Kultur,Portrait catalogue,portrait,Porträt,Jörg Jannings,Mechthild Zschau,Mechthild Zschau,https://hoerspiele.dra.de/detailansicht/1381401,Jörg Jannings
79,Sehr selten habe ich geweint,1993,09.11.1993,DRA,Sender Freies Berlin,Diaries and self-records,adaptation,Hörspielbearbeitung,Robert R.,Ingrid Hammer,Holger Rink,https://hoerspiele.dra.de/detailansicht/1381516,Crying
80,Briefe an die Königin der Nacht,1993,16.10.1993,DRA,Westdeutscher Rundfunk,Letters and correspondence,adaptation,"Hörspielbearbeitung, Kinderhörspiel",Georg Daniel Bratt,Inger Edelfeldt,Klaus Wirbitzky,https://hoerspiele.dra.de/detailansicht/1381590,Georg Daniel Bratt
81,Der Hang zur Einsilbigkeit,1993,01.08.1993,DRA,Westdeutscher Rundfunk,Diaries and self-records,original radio play,Originalhörspiel,Korde,Wolfgang Hegewald,Dieter Carls,https://hoerspiele.dra.de/detailansicht/1381670,Korde
82,"Ich tippe nur, was ich im Kopf habe",1995,29.10.1995,DRA,Saarländischer Rundfunk,Portrait catalogue,portrait,Porträt,Karl-Heinz Bölling,Heidrun Nass,Heidrun Nass,https://hoerspiele.dra.de/detailansicht/1381923,More
83,Futschlinien (1. Teil: Der Reiseschriftsteller Richard Huelsenbeck),1995,14.12.1995,DRA,Bayerischer Rundfunk,Autobiographical lives,original radio play,Originalhörspiel,Richard Huelsenbeck,Herbert Kapfer; Lisbeth Exner,Ulrich Gerhardt,https://hoerspiele.dra.de/detailansicht/1381820,Dadaist
84,Futschlinien (2. Teil: Der Emigrant Richard Huelsenbeck),1995,21.12.1995,DRA,Bayerischer Rundfunk,Autobiographical lives,original radio play,Originalhörspiel,Richard Huelsenbeck,Herbert Kapfer; Lisbeth Exner,Ulrich Gerhardt,https://hoerspiele.dra.de/detailansicht/1381821,Dadaist
85,Das schlechteste Hörspiel der Welt oder Eine Biographie über Niemand,1995,03.01.1995,DRA,Radio Bremen,Autobiographical lives,original radio play,"Originalhörspiel, Monolog",An unnamed poet (Nobody),John von Düffel,Burkhard Schmid,https://hoerspiele.dra.de/detailansicht/1384864,Nobody
86,Die innere Biografie des Robert Lax (3. Teil: Journals),1995,08.12.1995,DRA,Bayerischer Rundfunk,Autobiographical lives,essay,Essay,Robert Lax,Sigrid Hauff,Herbert Kapfer,https://hoerspiele.dra.de/detailansicht/1385344,Sigrid Hauff
87,Im Ohrensaal,1995,18.09.1995,DRA,Bayerischer Rundfunk,Autobiographical lives,adaptation,Hörspielbearbeitung,Unica Zürn,Unica Zürn; Ursula Krechel,Hans Gerd Krogmann,https://hoerspiele.dra.de/detailansicht/1385008,Unica Zürn
88,Berlin - Ein akustisches Tagebuch,1996,02.01.1996,DRA,DeutschlandRadio Berlin,Diaries and self-records,feature / documentary,"Feature, Originaltonhörspiel",Ursula Weck,Ursula Weck,Ursula Weck,https://hoerspiele.dra.de/detailansicht/1389829,Ursula Weck
89,Berlinisches Tagebuch,1996,18.01.1996,DRA,Sender Freies Berlin,Sound art and listening,sound art,Ars acustica,Mayako Kubo,Mayako Kubo,,https://hoerspiele.dra.de/detailansicht/1386162,Mayako Kubo
90,Erinnerungen an das Jahr Achtunddreißig,1996,24.11.1996,DRA,Saarländischer Rundfunk / Norddeutscher Rundfunk,Autobiographical lives,adaptation,Hörspielbearbeitung,Pereira,Antonio Tabucchi,Heinz von Cramer,https://hoerspiele.dra.de/detailansicht/1385931,Who
91,Briefe an den Kaiser,1997,22.07.1997,DRA,Radio Bremen / Rüdiger Kremer,Letters and correspondence,original radio play,"Originalhörspiel, Monolog",Johann Dietrich Weiland,Achim Tischer,Gottfried von Einem,https://hoerspiele.dra.de/detailansicht/1390079,Three
92,Das Leben des Karl Valentin (3. Teil),1995,25.10.1995,DRA,Mitteldeutscher Rundfunk,Autobiographical lives,feature / documentary,Feature,Karl Valentin,Michael Schulte,Matthias Thalheim,https://hoerspiele.dra.de/detailansicht/1392442,Karl Valentin
93,Das Leben des Karl Valentin (2. Teil),1995,24.10.1995,DRA,Mitteldeutscher Rundfunk,Autobiographical lives,feature / documentary,Feature,Karl Valentin,Michael Schulte,Matthias Thalheim,https://hoerspiele.dra.de/detailansicht/1392441,Karl Valentin
94,Das Leben des Karl Valentin (5. Teil),1995,27.10.1995,DRA,Mitteldeutscher Rundfunk,Autobiographical lives,feature / documentary,Feature,Karl Valentin,Michael Schulte,Matthias Thalheim,https://hoerspiele.dra.de/detailansicht/1392444,Karl Valentin
95,Das Leben des Karl Valentin (1. Teil),1995,23.10.1995,DRA,Mitteldeutscher Rundfunk,Autobiographical lives,feature / documentary,Feature,Karl Valentin,Michael Schulte,Matthias Thalheim,https://hoerspiele.dra.de/detailansicht/1392429,Karl Valentin
96,Das Leben des Karl Valentin (4. Teil),1995,26.10.1995,DRA,Mitteldeutscher Rundfunk,Autobiographical lives,feature / documentary,Feature,Karl Valentin,Michael Schulte,Matthias Thalheim,https://hoerspiele.dra.de/detailansicht/1392443,Karl Valentin
97,Das Leben des Karl Valentin (6. Teil),1995,30.10.1995,DRA,Mitteldeutscher Rundfunk,Autobiographical lives,feature / documentary,Feature,Karl Valentin,Michael Schulte,Matthias Thalheim,https://hoerspiele.dra.de/detailansicht/1392445,Karl Valentin
98,Das Leben des Karl Valentin (7. Teil),1995,01.11.1995,DRA,Mitteldeutscher Rundfunk,Autobiographical lives,feature / documentary,Feature,Karl Valentin,Michael Schulte,Matthias Thalheim,https://hoerspiele.dra.de/detailansicht/1392446,Karl Valentin
99,Das Leben des Karl Valentin (8. Teil),1995,02.11.1995,DRA,Mitteldeutscher Rundfunk,Autobiographical lives,feature / documentary,Feature,Karl Valentin,Michael Schulte,Matthias Thalheim,https://hoerspiele.dra.de/detailansicht/1392447,Karl Valentin
100,Das Leben des Karl Valentin (10. Teil),1995,06.11.1995,DRA,Mitteldeutscher Rundfunk,Autobiographical lives,feature / documentary,Feature,Karl Valentin,Michael Schulte,Matthias Thalheim,https://hoerspiele.dra.de/detailansicht/1392449,Karl Valentin
101,Das Leben des Karl Valentin (9. Teil),1995,03.11.1995,DRA,Mitteldeutscher Rundfunk,Autobiographical lives,feature / documentary,Feature,Karl Valentin,Michael Schulte,Matthias Thalheim,https://hoerspiele.dra.de/detailansicht/1392448,Karl Valentin
102,Das Leben des Karl Valentin (11. Teil),1995,07.11.1995,DRA,Mitteldeutscher Rundfunk,Autobiographical lives,feature / documentary,Feature,Karl Valentin,Michael Schulte,Matthias Thalheim,https://hoerspiele.dra.de/detailansicht/1392450,Karl Valentin
103,Das Leben des Karl Valentin (12. Teil),1995,08.11.1995,DRA,Mitteldeutscher Rundfunk,Autobiographical lives,feature / documentary,Feature,Karl Valentin,Michael Schulte,Matthias Thalheim,https://hoerspiele.dra.de/detailansicht/1392451,Karl Valentin
104,Das Leben des Karl Valentin (13. Teil),1995,09.11.1995,DRA,Mitteldeutscher Rundfunk,Autobiographical lives,feature / documentary,Feature,Karl Valentin,Michael Schulte,Matthias Thalheim,https://hoerspiele.dra.de/detailansicht/1392452,Karl Valentin
105,Das Leben des Karl Valentin (14. Teil),1995,10.11.1995,DRA,Mitteldeutscher Rundfunk,Autobiographical lives,feature / documentary,Feature,Karl Valentin,Michael Schulte,Matthias Thalheim,https://hoerspiele.dra.de/detailansicht/1392453,Karl Valentin
106,Aus dem Tagebuch eines Trinkers,1996,10.12.1996,DRA,Südwestfunk,Diaries and self-records,adaptation,"Hörspielbearbeitung, Kurzhörspiel",unnamed drinker,Eugen Egner,Ulrich Lampen,https://hoerspiele.dra.de/detailansicht/1393594,Somehow
107,Ihr Lieben viel zu weit Entfernten,1996,14.12.1996,DRA,Südwestfunk,Letters and correspondence,adaptation,Hörspielbearbeitung,Louise Jacobson,Louise Jacobson,Karin Hutzler,https://hoerspiele.dra.de/detailansicht/1393596,Parisian Jew Louise Jacobson
108,Leben sammeln. Die Tagebücher des Victor Klemperer (1918-1932) (2. Teil: Die Jahre 1920-1925),1997,10.12.1997,DRA,DeutschlandRadio Berlin (Deutschlandradio) / Ostdeutscher Rundfunk Brandenburg,Autobiographical lives,adaptation,Hörspielbearbeitung,Victor Klemperer,Victor Klemperer,Peter Groeger,https://hoerspiele.dra.de/detailansicht/1394148,Klemperer
109,Leben sammeln. Die Tagebücher des Victor Klemperer (1918-1932) (3. Teil: Die Jahre 1926-1932),1997,17.12.1997,DRA,DeutschlandRadio Berlin (Deutschlandradio) / Ostdeutscher Rundfunk Brandenburg,Autobiographical lives,adaptation,Hörspielbearbeitung,Victor Klemperer,Victor Klemperer,Peter Groeger,https://hoerspiele.dra.de/detailansicht/1394149,Klemperer
110,"Anne Sexton - ""Ich bin wie ein lebender Stein...""",1998,04.11.1998,DRA,Norddeutscher Rundfunk,Portrait catalogue,adaptation,Hörspielbearbeitung,Anne Sexton,Anne Sexton,Wolfgang Stockmann,https://hoerspiele.dra.de/detailansicht/1395063,Anne Sexton
111,Die Jagd nach dem Täter (27. Folge: Briefe von fremder Hand),1958,02.03.1958,DRA,Norddeutscher Rundfunk,Letters and correspondence,original radio play,"Originalhörspiel, Kriminalhörspiel",not stated,Hellmut Kleffel,S. O. Wagner,https://hoerspiele.dra.de/detailansicht/1398880,Crime
112,Porträt einer Kongruenz,1969,18.09.1969,DRA,Radio Bremen,Portrait catalogue,other,Hörspiel,not stated,Guntram Vesper,Horst Loebe,https://hoerspiele.dra.de/detailansicht/1401599,Porträt
113,Briefe nach Luzern,1957,11.11.1957,DRA,Hessischer Rundfunk,Letters and correspondence,adaptation,Hörspielbearbeitung,not stated,Fritz Rotter,Ulrich Lauterbach,https://hoerspiele.dra.de/detailansicht/1403139,Letters
114,Der einzigartige Anonyme,1998,27.06.1998,DRA,Westdeutscher Rundfunk,Portrait catalogue,feature / documentary,Feature,Robert Cahen,Michel Chion; Robert Cahen,,https://hoerspiele.dra.de/detailansicht/1403993,Robert Cahen
115,Die Aspern-Briefe,1960,07.03.1960,DRA,Hessischer Rundfunk,Letters and correspondence,adaptation,Hörspielbearbeitung,Clara Claremont,Henry James,Fränze Roloff,https://hoerspiele.dra.de/detailansicht/1405456,Clara Claremont
116,Ladykiller. Versuch einer Würdigung,1998,30.08.1998,DRA,DeutschlandRadio Berlin (Deutschlandradio),Autobiographical lives,original radio play,Originalhörspiel,unnamed paparazzo,Helmuth Mößmer; Eberhard Petschinka,Eberhard Petschinka,https://hoerspiele.dra.de/detailansicht/1404357,Paris
117,Mein Flug über den Ozean (1. Teil),1963,12.01.1963,DRA,Westdeutscher Rundfunk,Autobiographical lives,adaptation,"Hörspielbearbeitung, Kinderhörspiel",Charles A. Lindbergh,Charles A. Lindbergh,Heinz Dieter Köhler,https://hoerspiele.dra.de/detailansicht/1412213,Lindbergh
118,Mein Flug über den Ozean (2. Teil),1963,19.01.1963,DRA,Westdeutscher Rundfunk,Autobiographical lives,adaptation,"Hörspielbearbeitung, Kinderhörspiel",Charles A. Lindbergh,Charles A. Lindbergh,Heinz Dieter Köhler,https://hoerspiele.dra.de/detailansicht/1412214,Lindbergh
119,Mein Flug über den Ozean (3. Teil),1963,26.01.1963,DRA,Westdeutscher Rundfunk,Autobiographical lives,adaptation,"Hörspielbearbeitung, Kinderhörspiel",Charles A. Lindbergh,Charles A. Lindbergh,Heinz Dieter Köhler,https://hoerspiele.dra.de/detailansicht/1412215,Lindbergh
120,Mein Flug über den Ozean (4. Teil),1963,02.02.1963,DRA,Westdeutscher Rundfunk,Autobiographical lives,adaptation,"Hörspielbearbeitung, Kinderhörspiel",Charles A. Lindbergh,Charles A. Lindbergh,Heinz Dieter Köhler,https://hoerspiele.dra.de/detailansicht/1412216,Lindbergh
121,Mein Flug über den Ozean (5. Teil),1963,09.02.1963,DRA,Westdeutscher Rundfunk,Autobiographical lives,adaptation,"Hörspielbearbeitung, Kinderhörspiel",Charles A. Lindbergh,Charles A. Lindbergh,Heinz Dieter Köhler,https://hoerspiele.dra.de/detailansicht/1412217,Lindbergh
122,Mein Flug über den Ozean (6. Teil),1963,16.02.1963,DRA,Westdeutscher Rundfunk,Autobiographical lives,adaptation,"Hörspielbearbeitung, Kinderhörspiel",Charles A. Lindbergh,Charles A. Lindbergh,Heinz Dieter Köhler,https://hoerspiele.dra.de/detailansicht/1412221,Lindbergh
123,Tagebuch,1963,17.07.1963,DRA,RIAS Berlin,Diaries and self-records,original radio play,Originalhörspiel,Peter Lembach,Traute Hellberg,Jörg Jannings,https://hoerspiele.dra.de/detailansicht/1415190,Strindberg
124,Berlin und Scherl,1963,04.12.1963,DRA,RIAS Berlin,Portrait catalogue,other,Hörspiel,August Scherl,Hans Ermann,Ulrich Gerhardt,https://hoerspiele.dra.de/detailansicht/1415198,Büxenstein
125,Tagebuch der Eva Heyman,1965,1965,DRA,Norddeutscher Rundfunk,Autobiographical lives,adaptation,Hörspielbearbeitung,Eva Heyman,Pnina Navé,Fritz Schröder-Jahn,https://hoerspiele.dra.de/detailansicht/1415202,Eva Heyman
126,Nun komm' ich als Richter,1965,10.11.1965,DRA,RIAS Berlin,Autobiographical lives,original radio play,"Originalhörspiel, Originaltonhörspiel",Georg Zivier,Georg Zivier,Ulrich Gerhardt,https://hoerspiele.dra.de/detailansicht/1415239,Georg Zivier
127,Zwischen allen Stühlen (2. Teil),1999,02.06.1999,DRA,DeutschlandRadio Berlin / Sender Freies Berlin / Ostdeutscher Rundfunk Brandenburg,Autobiographical lives,adaptation,Hörspielbearbeitung,Victor Klemperer,Victor Klemperer,Peter Groeger,https://hoerspiele.dra.de/detailansicht/1417417,Klemperer
128,Pension Spreewitz (Erinnerungen),1964,04.01.1964,DRA,RIAS Berlin,Autobiographical lives,other,Hörspiel,Pension Spreewitz,Thierry,,https://hoerspiele.dra.de/detailansicht/1418105,Pension Spreewitz
129,Goethe in Dachau,1999,29.08.1999,DRA,DeutschlandRadio Berlin / Hessischer Rundfunk,Diaries and self-records,adaptation,Hörspielbearbeitung,Nico Rost,Nico Rost,Ulrich Gerhardt,https://hoerspiele.dra.de/detailansicht/1417478,What
130,Tagebuch eines sentimentalen Killers,1999,28.11.1999,DRA,Sender Freies Berlin / Ostdeutscher Rundfunk Brandenburg,Diaries and self-records,adaptation,Hörspielbearbeitung,unnamed sentimental killer,Luis Sepúlveda,Jutta Schnirch,https://hoerspiele.dra.de/detailansicht/1418159,Tagebuch
131,Tagebuch eines Verführers,1965,15.12.1965,DRA,Norddeutscher Rundfunk,Diaries and self-records,other,Hörspiel,Johannes,Søren Aabye Kierkegaard,Hans Bernd Müller,https://hoerspiele.dra.de/detailansicht/1418153,Johannes
132,Kimmerlingers Abenteuer,1955,10.04.1955,DRA,Bayerischer Rundfunk,Autobiographical lives,adaptation,Hörspielbearbeitung,Kimmerlinger,Artur Schubart,Walter Netzsch,https://hoerspiele.dra.de/detailansicht/1423425,Somewhere
133,Seine Rolle finden,2000,29.10.2000,DRA,DeutschlandRadio Berlin (Deutschlandradio),Portrait catalogue,feature / documentary,"Originalhörspiel, Dokumentarhörspiel",David Hirsch / David Hurst,Christine Nagel,Christine Nagel,https://hoerspiele.dra.de/detailansicht/1427146,David Hirsch / David Hurst
134,Tagebuch 1985-1989,2000,21.11.2000,DRA,DeutschlandRadio Köln,Diaries and self-records,adaptation,Hörspielbearbeitung,Sándor Márai,Sándor Márai,Klaus Buhlert,https://hoerspiele.dra.de/detailansicht/1427158,Sándor Márai
135,Briefwechsel mit einem Kollegen,1974,07.10.1974,DRA,Hessischer Rundfunk,Autobiographical lives,feature / documentary,"Originalhörspiel, Dokumentarhörspiel",Gerhard Zwerenz,Gerhard Zwerenz,Günther Sauer,https://hoerspiele.dra.de/detailansicht/1427972,Gerhard Zwerenz
136,Briefe für eine Landkarte,1969,17.11.1969,DRA,RIAS Berlin,Letters and correspondence,other,Hörspiel,young Yugoslav woman,Irena Vrkljan,Gert Westphal,https://hoerspiele.dra.de/detailansicht/1427974,Yugoslavian
137,Wartheländisches Tagebuch,1974,23.11.1974,DRA,Sender Freies Berlin,Diaries and self-records,adaptation,Hörspielbearbeitung,Alexander Hohenstein,Alexander Hohenstein,Hans Bernd Müller,https://hoerspiele.dra.de/detailansicht/1428416,Wartheland Diary
138,(schreibt auf. unsere haut.) - PROJEKT RAF,1999,06.10.1999,DRA,Hessischer Rundfunk,Letters and correspondence,adaptation,Hörspielbearbeitung,RAF prisoners,Paul Plamper; Alban Rehnitz,Paul Plamper; Andreas Weiser,https://hoerspiele.dra.de/detailansicht/1429651,Combat Zones
139,Stille Bilder kann ich nicht malen,2000,30.03.2000,DRA,Mitteldeutscher Rundfunk / Ulf Köhler,Portrait catalogue,feature / documentary,Feature,Bernhard Heisig,Marina Leischner-Farschid,Ingo Colbow,https://hoerspiele.dra.de/detailansicht/1430360,Bernhard Heisig
140,Der Todestrieb,1999,16.12.1999,DRA,Westdeutscher Rundfunk,Autobiographical lives,adaptation,Hörspielbearbeitung,Jacques Mesrine,Jacques Mesrine,Walter Adler,https://hoerspiele.dra.de/detailansicht/1430397,Jacques Mesrine
141,"Wer hören will, wird fühlen",2000,19.07.2000,DRA,Hessischer Rundfunk / Westdeutscher Rundfunk,Portrait catalogue,portrait,"Porträt, Essay",Nathalie Sarraute,Hans-Jürgen Heinrichs,,https://hoerspiele.dra.de/detailansicht/1430815,Nathalie Sarraute
142,Ich spreche als Mensch,2000,05.06.2000,DRA,Bayerischer Rundfunk,Portrait catalogue,feature / documentary,"Porträt, Originalhörspiel, Dokumentarhörspiel",Max Aub,Roana Brogsitter,Christiane Klenz,https://hoerspiele.dra.de/detailansicht/1432185,Max Aub
143,Ich bin so gierig nach Leben,2001,04.02.2001,DRA,Norddeutscher Rundfunk / DeutschlandRadio Berlin (Deutschlandradio),Autobiographical lives,adaptation,Hörspielbearbeitung,Brigitte Reimann,Brigitte Reimann,Barbara Plensat,https://hoerspiele.dra.de/detailansicht/1431093,Leben
144,Worpsweder Tagebuch,1979,21.09.1979,DRA,Radio Bremen,Diaries and self-records,other,Hörspiel,Alfred Behrens,Alfred Behrens,Alfred Behrens,https://hoerspiele.dra.de/detailansicht/1432481,Alfred Behrens
145,Tagebuch/Diario,1999,09.01.1999,DRA,Westdeutscher Rundfunk,Sound art and listening,sound art,Ars acustica,not stated,José Iges; Concha Jerez,,https://hoerspiele.dra.de/detailansicht/1433537,Ottavia
146,Edgar Varèse,1999,26.06.1999,DRA,Westdeutscher Rundfunk,Sound art and listening,feature / documentary,Feature,Edgar Varèse,Rudolf Frisius,Claudia Johanna Leist,https://hoerspiele.dra.de/detailansicht/1433539,Edgar Varèse
147,Teresas Tagebuch,2000,01.07.2000,DRA,Südwestrundfunk / Westdeutscher Rundfunk / Bayerischer Rundfunk,Diaries and self-records,original radio play,"Originalhörspiel, Kinderhörspiel",Teresa,Sebastian Goy,Annette Berger,https://hoerspiele.dra.de/detailansicht/1434071,Grandpa
148,Peter Zwetkoff - Porträt des Komponisten als Hörspielmacher,2000,13.04.2000,DRA,Südwestrundfunk,Portrait catalogue,portrait,Porträt,Peter Zwetkoff,Ulrich Lampen,Ulrich Lampen,https://hoerspiele.dra.de/detailansicht/1434175,Peter Zwetkoff
149,Eismitte,2000,02.05.2000,DRA,Saarländischer Rundfunk / Bayerischer Rundfunk,Sound art and listening,sound art,Ars acustica,Johannes Georgi,Johannes Georgi; Simone Weil; René Char,Werner Hofmeister; Ulrich Müller,https://hoerspiele.dra.de/detailansicht/1435644,Werner Hofmeister
150,Blitzlichter (2. Teil: Souveränität der Lächerlichkeit),2002,06.03.2002,DRA,Bayerischer Rundfunk,Autobiographical lives,adaptation,Hörspielbearbeitung,Ilse Aichinger,Ilse Aichinger,Ulrich Lampen,https://hoerspiele.dra.de/detailansicht/1436245,Ilse Aichinger
151,Auf der Suche nach dem Klanng - Atanasio Khyrsh und die Musik der Zukunft,2001,07.03.2001,DRA,Hessischer Rundfunk,Portrait catalogue,portrait,"Porträt, Originalhörspiel",Atanasio Khyrsh,Moritz Eggert,Moritz Eggert,https://hoerspiele.dra.de/detailansicht/1436056,Atanasio Khyrsh
152,Zur Zeit - live,2001,16.02.2001,DRA,Hessischer Rundfunk,Sound art and listening,sound art,Ars acustica,Hermann Kretzschmar,Hermann Kretzschmar,Hermann Kretzschmar,https://hoerspiele.dra.de/detailansicht/1436678,Hermann Kretzschmar
153,"""Leuchtkugeln aus Blut"" - Ein Thomas Harlan Porträt",2001,14.06.2001,DRA,Bayerischer Rundfunk,Portrait catalogue,portrait,Porträt,Thomas Harlan,Michael Farin,Bernhard Jugel,https://hoerspiele.dra.de/detailansicht/1436732,Broadcast
154,Koljas Briefe,2002,10.02.2002,DRA,Norddeutscher Rundfunk,Letters and correspondence,original radio play,"Originalhörspiel, Monolog",an old woman,Adolf Schröder,Heinz von Cramer,https://hoerspiele.dra.de/detailansicht/1436832,An old woman
155,Ich bin einsam wie ...,2001,21.05.2001,DRA,Südwestrundfunk,Autobiographical lives,original radio play,Originalhörspiel,Franz Kafka; Friedrich Hölderlin,Gerwig Epkes,Gerwig Epkes,https://hoerspiele.dra.de/detailansicht/1436805,Those whose nature
156,Blitzlichter (3. Teil: Augenblicke von Entschluss und Untergang),2002,13.03.2002,DRA,Bayerischer Rundfunk,Autobiographical lives,adaptation,Hörspielbearbeitung,Ilse Aichinger,Ilse Aichinger,Ulrich Lampen,https://hoerspiele.dra.de/detailansicht/1437211,Ilse Aichinger
157,Blitzlichter (1. Teil: Film und Verhängnis),2002,27.02.2002,DRA,Bayerischer Rundfunk,Autobiographical lives,adaptation,Hörspielbearbeitung,Ilse Aichinger,Ilse Aichinger,Ulrich Lampen,https://hoerspiele.dra.de/detailansicht/1437210,Ilse Aichinger
158,Blitzlichter (4. Teil: Entwurf einer Zukunft),2002,20.03.2002,DRA,Bayerischer Rundfunk,Autobiographical lives,adaptation,Hörspielbearbeitung,Ilse Aichinger,Ilse Aichinger,Ulrich Lampen,https://hoerspiele.dra.de/detailansicht/1437212,Ilse Aichinger
159,Blitzlichter (5. Teil: Journal des Verschwindens),2002,27.03.2002,DRA,Bayerischer Rundfunk,Autobiographical lives,adaptation,Hörspielbearbeitung,Ilse Aichinger,Ilse Aichinger,Ulrich Lampen,https://hoerspiele.dra.de/detailansicht/1437213,Ilse Aichinger
160,"Melville, der Rätselhafte",2002,01.12.2002,DRA,Bayerischer Rundfunk,Portrait catalogue,portrait,"Porträt, Originalhörspiel",Herman Melville,Mira Alexandra Schnoor,,https://hoerspiele.dra.de/detailansicht/1437296,Herman Melville
161,The making of Roaratorio,2002,10.08.2002,DRA,DeutschlandRadio Köln,Autobiographical lives,portrait,Porträt,John Cage,Klaus Schöning,,https://hoerspiele.dra.de/detailansicht/1437268,Finnegans Wake
162,Tagebuch eines sentimentalen Killers,2002,07.03.2002,DRA,Westdeutscher Rundfunk,Diaries and self-records,adaptation,"Hörspielbearbeitung, Kriminalhörspiel",the killer,Luis Sepúlveda,Michael Wehrhan,https://hoerspiele.dra.de/detailansicht/1437351,Tagebuch
163,Nie wieder! (3. Teil: Briefe an Barbara),2002,27.01.2002,DRA,Westdeutscher Rundfunk,Letters and correspondence,adaptation,"Hörspielbearbeitung, Kinderhörspiel",Leo Meter,Leo Meter,Claudia Johanna Leist,https://hoerspiele.dra.de/detailansicht/1437384,A father
164,Memorial,1956,21.03.1956,DRA,Rundfunk der DDR vor 21.03.,Autobiographical lives,adaptation,Hörspielbearbeitung,Günther Weisenborn,Günther Weisenborn,Wolfgang Schonendorf,https://hoerspiele.dra.de/detailansicht/1438374,Memorial
165,Ein Jahr mit Thomas Bernhard (2. Teil: Wegen 2 Minuten kann nicht gespielt werden),2002,11.04.2002,DRA,Südwestrundfunk,Diaries and self-records,adaptation,Hörspielbearbeitung,Thomas Bernhard,Karl Ignaz Hennetmair,Ulrich Gerhardt,https://hoerspiele.dra.de/detailansicht/1440546,Thomas Bernhard
166,"Zur Zeit - live, revisited",2003,23.05.2003,DRA,Hessischer Rundfunk,Sound art and listening,sound art,Ars acustica,Hermann Kretzschmar,Hermann Kretzschmar,,https://hoerspiele.dra.de/detailansicht/1441137,Hermann Kretzschmar
167,Heim-Suchungen,1971,08.09.1971,DRA,Westdeutscher Rundfunk,Portrait catalogue,other,Hörspiel,freelance authors,Helga M. Novak,Friedhelm Ortmann,https://hoerspiele.dra.de/detailansicht/1441250,Heim-Suchungen
168,Ein Porträt des plattdeutschen Autors Christian Holsten,1976,08.01.1976,DRA,Westdeutscher Rundfunk,Portrait catalogue,other,Mundarthörspiel,Christian Holsten,Hans O. E. Gronau,Wolfram Rosemann,https://hoerspiele.dra.de/detailansicht/1441212,Christian Holsten
169,Fortsetzung einer Biographie,1978,29.08.1978,DRA,Westdeutscher Rundfunk,Autobiographical lives,original radio play,Originalhörspiel,Erika,Hannelies Taschau,Otto Düben,https://hoerspiele.dra.de/detailansicht/1441789,The author
170,Deiner fernen Wüste Trauer,2003,13.12.2003,DRA,DeutschlandRadio Köln,Autobiographical lives,adaptation,Hörspielbearbeitung,Maria Wolkonskaja,Maria Wolkonskaja,Christine Nagel,https://hoerspiele.dra.de/detailansicht/1441334,Maria Wolkonskaja
171,Ein weiter Weg (Teil 1: Aller Anfang ist Maloche),1969,04.09.1969,DRA,Rundfunk der DDR,Autobiographical lives,adaptation,Hörspielbearbeitung,Robert Hesse,Fritz Selbmann,Fritz-Ernst Fechner,https://hoerspiele.dra.de/detailansicht/1442954,Teil
172,Ein weiter Weg (Teil 2: Heimfahrt ins gelobte Land),1969,11.09.1969,DRA,Rundfunk der DDR,Autobiographical lives,adaptation,Hörspielbearbeitung,Robert Hesse,Fritz Selbmann,Fritz-Ernst Fechner,https://hoerspiele.dra.de/detailansicht/1442955,Teil
173,Ein weiter Weg (Teil 3: Das Jahr 1923),1969,18.09.1969,DRA,Rundfunk der DDR,Autobiographical lives,adaptation,Hörspielbearbeitung,Robert Hesse,Fritz Selbmann,Fritz-Ernst Fechner,https://hoerspiele.dra.de/detailansicht/1442956,Teil
174,Ein weiter Weg (Teil 4: Schlesisches Zwischenspiel),1969,25.09.1969,DRA,Rundfunk der DDR,Autobiographical lives,adaptation,Hörspielbearbeitung,Robert Hesse,Fritz Selbmann,Fritz-Ernst Fechner,https://hoerspiele.dra.de/detailansicht/1442957,Fritz Selbmann
175,Ein weiter Weg (Teil 5: Wetterleuchten),1969,02.10.1969,DRA,Rundfunk der DDR,Autobiographical lives,adaptation,Hörspielbearbeitung,Robert Hesse,Fritz Selbmann,Fritz-Ernst Fechner,https://hoerspiele.dra.de/detailansicht/1442958,Teil
176,Ein weiter Weg (Teil 6: Und wenn es tausend Jahre wären),1969,09.10.1969,DRA,Rundfunk der DDR,Autobiographical lives,adaptation,Hörspielbearbeitung,Robert Hesse,Fritz Selbmann,Fritz-Ernst Fechner,https://hoerspiele.dra.de/detailansicht/1442959,Teil
177,Ein weiter Weg (Teil 7: Die lange Nacht),1969,16.10.1969,DRA,Rundfunk der DDR,Autobiographical lives,adaptation,Hörspielbearbeitung,Robert Hesse,Fritz Selbmann,Fritz-Ernst Fechner,https://hoerspiele.dra.de/detailansicht/1442960,Teil
178,Ein weiter Weg (Teil 8: Ankunft in der Stunde Null),1969,23.10.1969,DRA,Rundfunk der DDR,Autobiographical lives,adaptation,Hörspielbearbeitung,Robert Hesse,Fritz Selbmann,Fritz-Ernst Fechner,https://hoerspiele.dra.de/detailansicht/1442961,Teil
179,Zwei Briefe an Pospischiel (Teil 2: Der zweite Brief),1972,21.02.1972,DRA,Rundfunk der DDR,Letters and correspondence,adaptation,Hörspielbearbeitung,Paul Pospischiel,Max von der Grün; Gerhard Bengsch,Walter Niklaus,https://hoerspiele.dra.de/detailansicht/1443138,Paul Pospischiel and his family
180,Zwei Briefe an Pospischiel (Teil 1: Der erste Brief),1972,04.09.1972,DRA,Rundfunk der DDR,Letters and correspondence,adaptation,Hörspielbearbeitung,Paul Pospischiel,Max von der Grün; Gerhard Bengsch,Walter Niklaus,https://hoerspiele.dra.de/detailansicht/1443137,Paul Pospischiel and his family
181,Biographie einer Landschaft,1973,18.01.1973,DRA,Rundfunk der DDR,Autobiographical lives,original radio play,Originalhörspiel,two high school students,Günter Wünsche,Fritz Göhler,https://hoerspiele.dra.de/detailansicht/1443189,This commission
182,Erwachen in Mississippi,1973,11.03.1973,DRA,Rundfunk der DDR,Autobiographical lives,adaptation,"Hörspielbearbeitung, Monolog",Anne Moody,Anne Moody,Walter Niklaus,https://hoerspiele.dra.de/detailansicht/1443207,The young black Anne Moody
183,Briefe in die Ferne,1973,11.02.1973,DRA,Rundfunk der DDR,Letters and correspondence,original radio play,"Originalhörspiel, Kurzhörspiel",West German corporate executive; working-class family from the GDR,Karlheinz Zydoreck,Joachim Staritz,https://hoerspiele.dra.de/detailansicht/1443224,West German
184,Die letzte Seite im Tagebuch,1973,15.03.1973,DRA,Rundfunk der DDR,Diaries and self-records,original radio play,Originalhörspiel,17-year-old high school student,Gisela Steineckert,Günther Rücker,https://hoerspiele.dra.de/detailansicht/1443211,Seite
185,Briefe an Anne,1975,04.05.1975,DRA,Rundfunk der DDR,Letters and correspondence,original radio play,"Originalhörspiel, Kurzhörspiel",student from the GDR,Ulrike Schünemann,Barbara Plensat,https://hoerspiele.dra.de/detailansicht/1443355,A student from the GDR
186,Briefe aus New York,1974,29.12.1974,DRA,Rundfunk der DDR,Letters and correspondence,original radio play,Originalhörspiel,50-year-old German immigrant in New York,Edith Anderson,Günther Rücker,https://hoerspiele.dra.de/detailansicht/1443344,A 50-year-old woman
187,Das Tagebuch der Eva Forest,1975,01.11.1975,DRA,Rundfunk der DDR,Diaries and self-records,adaptation,Hörspielbearbeitung,Eva Forest,Eva Forest,Horst Liepach,https://hoerspiele.dra.de/detailansicht/1443399,Alfonso Sastre
188,"Jürgen Gundlach, Produktionsdirektor der LPG Kotelow",1976,30.04.1976,DRA,Rundfunk der DDR,Portrait catalogue,original radio play,"Originalhörspiel, Kurzhörspiel",Jürgen Gundlach,Günter Ebert,Joachim Staritz,https://hoerspiele.dra.de/detailansicht/1443441,Jürgen Gundlach
189,Erinnerungen an Rüdiger Kremer,2002,01.11.2002,DRA,Radio Bremen,Portrait catalogue,portrait,Porträt,Rüdiger Kremer,Peter Dahl,Holger Rink,https://hoerspiele.dra.de/detailansicht/1443482,Peter Dahl
190,"Gertrud Westphal, Dreherin im VEB Büromaschinenwerk Sömmerda",1976,29.04.1976,DRA,Rundfunk der DDR,Portrait catalogue,original radio play,"Originalhörspiel, Kurzhörspiel",Gertrud Westphal,Klaus Hemberger,Werner Grunow,https://hoerspiele.dra.de/detailansicht/1443438,Gertrud Westphal
191,"Willi Stachelhaus, Brigadier im VEB Kranbau Eberswalde",1976,03.05.1976,DRA,Rundfunk der DDR,Portrait catalogue,original radio play,"Originalhörspiel, Kurzhörspiel",Willi Stachelhaus,Joachim Ret,Werner Grunow,https://hoerspiele.dra.de/detailansicht/1443439,Brigadier Willi Spikehaus
192,Der Fliegerpfeil,2002,01.05.2002,DRA,Klangmanufaktur,Diaries and self-records,adaptation,Hörspielbearbeitung,Robert Musil,Robert Musil,Ulrich Lampen,https://hoerspiele.dra.de/detailansicht/1443485,First World War
193,Ryôan-Ji oder Die Gärten der Leere / Just to rolywholyover,2002,10.08.2002,DRA,DeutschlandRadio Köln,Autobiographical lives,sound art,Ars acustica,John Cage,Klaus Schöning,,https://hoerspiele.dra.de/detailansicht/1443955,Ryôan-Ji
194,Mushroom Talk,2002,06.08.2002,DRA,Westdeutscher Rundfunk / DeutschlandRadio Köln,Autobiographical lives,portrait,"Gespräch, Porträt",John Cage,Klaus Schöning,,https://hoerspiele.dra.de/detailansicht/1443954,John Cage
195,Erinnerungen,1980,12.02.1980,DRA,Sender Freies Berlin,Autobiographical lives,other,Kurzhörspiel,Bremen Town Musicians,Detlef Michelers,Rolf von Goth,https://hoerspiele.dra.de/detailansicht/1444158,The Bremen Town Musicians reception
196,Wie eine Staubwolke von Noten,1975,27.12.1975,DRA,Norddeutscher Rundfunk / Sender Freies Berlin / Westdeutscher Rundfunk,Portrait catalogue,original radio play,Originalhörspiel,concert orchestra musicians,Ekkehard Sass,Ekkehard Sass; Hans Rosenhauer,https://hoerspiele.dra.de/detailansicht/1444026,Staubwolke von Noten
197,Das Handwerk des Lebens (1. Teil: 1935-1939),2003,10.12.2003,DRA,Hessischer Rundfunk / Radio Bremen,Diaries and self-records,adaptation,Hörspielbearbeitung,Cesare Pavese,Cesare Pavese,Christiane Ohaus,https://hoerspiele.dra.de/detailansicht/1444843,Cesare Pavese
198,Blitzlichter (Langfassung),2002,21.10.2002,DRA,Bayerischer Rundfunk,Autobiographical lives,adaptation,Hörspielbearbeitung,Ilse Aichinger,Ilse Aichinger,Ulrich Lampen,https://hoerspiele.dra.de/detailansicht/1444869,Ilse Aichinger
199,Das Handwerk des Lebens (2. Teil: 1939-1950),2003,10.12.2003,DRA,Hessischer Rundfunk / Radio Bremen,Diaries and self-records,adaptation,Hörspielbearbeitung,Cesare Pavese,Cesare Pavese,Christiane Ohaus,https://hoerspiele.dra.de/detailansicht/1444844,Cesare Pavese
200,Blagomir Alexiev - Ein Porträt,2002,10.01.2002,DRA,Südwestrundfunk,Portrait catalogue,portrait,Porträt,Blagomir Alexiev,Gisela Erbslöh,Iris Drögekamp,https://hoerspiele.dra.de/detailansicht/1445045,Blagomir Alexiev
201,Porträt einer verfilmten Landschaft,1977,01.12.1977,DRA,Süddeutscher Rundfunk,Portrait catalogue,original radio play,Originalhörspiel,Joseta,Elfriede Jelinek,Hartmut Kirste,https://hoerspiele.dra.de/detailansicht/1445261,Tourist
202,Verurteilt oder Christa Palms Briefe in den Knast,1976,21.09.1976,DRA,Westdeutscher Rundfunk,Letters and correspondence,feature / documentary,"Originalhörspiel, Dokumentarhörspiel",Christa Palm,Wolfgang Schiffer; Charles Dürr,Heinz Wilhelm Schwarz,https://hoerspiele.dra.de/detailansicht/1445980,Manfred Gillich
203,Exakte Vision. Helen Hessels Jules und Jim,2004,08.03.2004,DRA,Bayerischer Rundfunk,Letters and correspondence,adaptation,Hörspielbearbeitung,Helen Hessel,Helen Hessel,Ulrike Haage,https://hoerspiele.dra.de/detailansicht/1446234,Exact Vision
204,Le Rêveur Au Sourire Passager,2003,11.10.2003,DRA,Westdeutscher Rundfunk,Sound art and listening,sound art,Ars acustica,Leo Küpper,Marietta Morawska-Büngeler,,https://hoerspiele.dra.de/detailansicht/1446549,Leo Küpper
205,Schlußball (1. Teil: Erinnerungen aus Neu-Spuhl),1960,1960,DRA,Sender Freies Berlin,Autobiographical lives,adaptation,Hörspielbearbeitung,residents of Neu-Spuhl,Gerd Gaiser,Lothar Kompatzki,https://hoerspiele.dra.de/detailansicht/1446756,Final
206,48 PS. Zur Biographie der Autos,1976,25.10.1976,DRA,Westdeutscher Rundfunk,Autobiographical lives,other,Hörspiel,a mid-range car,Peter Faecke; Rainer Ostendorf,Rainer Ostendorf,https://hoerspiele.dra.de/detailansicht/1446878,Autos
207,The Retreat Diaries - Tagebuch eines Rückzugs,2003,31.07.2003,DRA,Südwestrundfunk,Diaries and self-records,adaptation,Hörspielbearbeitung,William S. Burroughs,William S. Burroughs,Kai Grehn,https://hoerspiele.dra.de/detailansicht/1446910,Diary
208,Fanny,2003,27.12.2003,DRA,Südwestrundfunk,Portrait catalogue,adaptation,"Hörspielbearbeitung, Mundarthörspiel",Fanny Mayer,Heidi Knoblich,Susanne Hinkelbein,https://hoerspiele.dra.de/detailansicht/1446943,Fanny Mayer
209,"Im Zug der Zeit oder Wo geht's lang, Genosse Stalin? (2. Teil: Von Moskau in den Krieg)",2003,12.03.2003,DRA,Norddeutscher Rundfunk,Diaries and self-records,adaptation,Hörspielbearbeitung,Georgi Dimitroff,Georgi Dimitroff,Heinz von Cramer,https://hoerspiele.dra.de/detailansicht/1446946,Georgi Dimitroff
210,Außer Briefe schreiben kann man hier nichts,1978,28.11.1978,DRA,Westdeutscher Rundfunk,Letters and correspondence,original radio play,Originalhörspiel,Markus,Peter Goedel; Herbert Hoven,Klaus-Dieter Pittrich,https://hoerspiele.dra.de/detailansicht/1447208,"The radio work, which"
211,Trem Pàssaro,2003,20.06.2003,DRA,DeutschlandRadio Berlin (Deutschlandradio),Portrait catalogue,portrait,Porträt,Denise Garcia,Denise Garcia,Nathalie Singer,https://hoerspiele.dra.de/detailansicht/1447246,Denise Garcia
212,Das einzig Sichere ist das Wagnis,2003,18.04.2003,DRA,DeutschlandRadio Berlin (Deutschlandradio),Portrait catalogue,portrait,Porträt,Felix Jackson,Sylvia Rauer,Sylvia Rauer,https://hoerspiele.dra.de/detailansicht/1447238,Felix Jackson
213,Reden in der Dämmerung,1985,22.10.1985,DRA,Rundfunk der DDR,Autobiographical lives,original radio play,Originalhörspiel,Paul; Hans; Ernst,Volkmar Röhrig; Matthias Thalheim,Werner Buhss,https://hoerspiele.dra.de/detailansicht/1447271,Paul
214,"Hilde Duwe, Arbeiterin im VEB Alwo in Brandenburg",1976,24.04.1976,DRA,Rundfunk der DDR,Portrait catalogue,original radio play,"Originalhörspiel, Kurzhörspiel",Hilde Duwe,Peter Goslicki,Joachim Staritz,https://hoerspiele.dra.de/detailansicht/1447446,Workers
215,Der Vortrag,1978,20.02.1978,DRA,Rundfunk der DDR,Diaries and self-records,original radio play,"Originalhörspiel, Kurzhörspiel",a fourteen-year-old schoolgirl,Jana Kursawe,Barbara Plensat,https://hoerspiele.dra.de/detailansicht/1447582,Vortrag
216,"Irene Richter, Schichtmeister im VEB Kunstseidenwerk ""Siegfried Rädel"" in Pirna",1976,26.04.1976,DRA,Rundfunk der DDR,Portrait catalogue,original radio play,"Originalhörspiel, Kurzhörspiel",Irene Richter,Peter Biele; Elifius Paffrath,Detlef Kurzweg,https://hoerspiele.dra.de/detailansicht/1447448,Irene Richter
217,"Siegfried Pilling, Meister im Fritz-Heckert-Werk in Karl-Marx-Stadt",1976,28.04.1976,DRA,Rundfunk der DDR,Portrait catalogue,original radio play,"Originalhörspiel, Kurzhörspiel",Siegfried Pilling,Siegfried Pfaff,,https://hoerspiele.dra.de/detailansicht/1447447,Various
218,Keine Irrfahrt für Odysseus oder Erinnerungen eines gewissen Kautz,1976,04.05.1976,DRA,Rundfunk der DDR,Autobiographical lives,original radio play,Originalhörspiel,Otto Kautz,Hans-Ulrich Lüdemann,Fritz Göhler,https://hoerspiele.dra.de/detailansicht/1447450,Otto Kautz
219,"Lieselotte Kullmann, Textilarbeiterin im VEB Buntgarnwerke Leipzig-Markleeberg",1976,30.04.1976,DRA,Rundfunk der DDR,Portrait catalogue,original radio play,"Originalhörspiel, Kurzhörspiel",Lieselotte Kullmann,Ulrike Schünemann,Barbara Plensat,https://hoerspiele.dra.de/detailansicht/1447451,Employees
220,Dero ergebenster Lessing,1979,20.01.1979,DRA,Rundfunk der DDR,Letters and correspondence,feature / documentary,Feature,Gotthold Ephraim Lessing,Gotthold Ephraim Lessing,Werner Grunow,https://hoerspiele.dra.de/detailansicht/1447662,Gotthold Ephraim Lessing
221,Alles Humbug,1978,15.06.1978,DRA,Rundfunk der DDR,Autobiographical lives,adaptation,Hörspielbearbeitung,P. T. Barnum,P. T. Barnum,Joachim Staritz,https://hoerspiele.dra.de/detailansicht/1447613,United States
222,Rudi ist tot,1983,06.10.1983,DRA,Rundfunk der DDR,Autobiographical lives,feature / documentary,"Feature, Originaltonfeature",Rudi Rubbel,Siegfried Hanusch; Birgit Kessler,Siegfried Hanusch,https://hoerspiele.dra.de/detailansicht/1447948,Rudi Rubbel
223,Und morgen geht's weiter,1979,02.10.1979,DRA,Rundfunk der DDR,Portrait catalogue,feature / documentary,"Feature, Originaltonfeature",Horst Trute,Siegfried Hanusch,Barbara Plensat,https://hoerspiele.dra.de/detailansicht/1447707,Portrait
224,"Damals, als ich heimkam",1984,06.10.1984,DRA,Rundfunk der DDR,Autobiographical lives,original radio play,Originalhörspiel,Rondell,Rolf Wohlgemuth,Walter Niklaus,https://hoerspiele.dra.de/detailansicht/1448012,Rondell
225,Der letzte Penny,1969,12.11.1969,DRA,Norddeutscher Rundfunk,Autobiographical lives,other,Hörspiel,the author,Manfred Bieler,Fritz Schröder-Jahn,https://hoerspiele.dra.de/detailansicht/1448573,What
226,"""Sehr verehrter Heinz Rühmann ...""",2002,01.03.2002,DRA,Radio Bremen,Letters and correspondence,portrait,"Hörspielbearbeitung, Kurzhörspiel, Porträt",Heinz Rühmann,Heinz Rühmann; N. N.,Gottfried von Einem,https://hoerspiele.dra.de/detailansicht/1448675,German
227,Das türkische Rezept oder Leichenschmaus mit Erinnerungen (mit Musikwalzer),1978,01.12.1978,DRA,Süddeutscher Rundfunk,Autobiographical lives,original radio play,Originalhörspiel,a confectioner,Helga M. Novak,Hartmut Kirste,https://hoerspiele.dra.de/detailansicht/1448805,Turkish Recipe
228,Tagebuch einer Anpassung,1975,03.03.1975,DRA,Hessischer Rundfunk / Bayerischer Rundfunk,Diaries and self-records,original radio play,Originalhörspiel,teacher Graversen,Ernst Bruun-Olsen,Ulrich Lauterbach,https://hoerspiele.dra.de/detailansicht/1448840,Tagebuch
229,Das Tagebuch des Benjamin Gniebel,1963,08.05.1963,DRA,Saarländischer Rundfunk,Diaries and self-records,other,Hörspiel,the Gniebel family,Gerhard Niezoldi,Peter Arthur Stiller,https://hoerspiele.dra.de/detailansicht/1448839,The author
230,"Tagebuch einer Liebe oder Jetzt erzählen wir uns eine Geschichte, in der jetzt immerzu jetzt bleibt",1978,29.06.1978,DRA,Süddeutscher Rundfunk,Diaries and self-records,other,Hörspiel,Veronika and Jens,Alfred Behrens,Alfred Behrens,https://hoerspiele.dra.de/detailansicht/1448841,Veronika and Jens
231,Die Erinnerungen von Ludolf Ursleu dem Jüngeren (1. Teil),1979,01.12.1979,DRA,Norddeutscher Rundfunk,Autobiographical lives,adaptation,Hörspielbearbeitung,Galeide,Ricarda Huch,Hans Rosenhauer,https://hoerspiele.dra.de/detailansicht/1449067,Ricarda Huch
232,Die Erinnerungen von Ludolf Ursleu dem Jüngeren (2. Teil),1979,02.12.1979,DRA,Norddeutscher Rundfunk,Autobiographical lives,adaptation,Hörspielbearbeitung,Galeide,Ricarda Huch,Hans Rosenhauer,https://hoerspiele.dra.de/detailansicht/1449069,Memories
233,Sympathetic Streams,2003,10.05.2003,DRA,Westdeutscher Rundfunk,Sound art and listening,sound art,Ars acustica,Terry Fox,Marita Loosen,,https://hoerspiele.dra.de/detailansicht/1449433,Sympathetic Streams
234,Die Mimen kommen,2003,01.04.2003,DRA,Südwestrundfunk,Diaries and self-records,original radio play,"Originalhörspiel, Kurzhörspiel",actors,Camille Schlosser,Camille Schlosser,https://hoerspiele.dra.de/detailansicht/1449453,Greece
235,Ediths Tagebuch,1990,22.06.1990,DRA,Rundfunk der DDR,Diaries and self-records,adaptation,Hörspielbearbeitung,Edith Howland,Patricia Highsmith,Hans Knötzsch,https://hoerspiele.dra.de/detailansicht/1450550,America
236,...und Respekt vor zu Erziehenden,1973,21.05.1973,DRA,Rundfunk der DDR,Diaries and self-records,other,Gespräch,Gisela Steineckert,Günter-Klaus Kellas,,https://hoerspiele.dra.de/detailansicht/1450729,Gisela Steineckert
237,Zum 50. Geburtstag des rheinischen Hörspiels,1977,01.12.1977,DRA,Westdeutscher Rundfunk,Autobiographical lives,other,Mundarthörspiel,Rhenish radio play,Theo Rausch; Manfred Brückner,,https://hoerspiele.dra.de/detailansicht/1462397,Rhenish
238,Früher - das ist heute noch,1979,04.10.1979,DRA,Westdeutscher Rundfunk,Autobiographical lives,feature / documentary,Originaltonhörspiel,Frau B.,Klaus Antes,Hein Bruehl,https://hoerspiele.dra.de/detailansicht/1458120,During
239,Gerhard Rühm,1976,06.12.1976,DRA,Westdeutscher Rundfunk,Autobiographical lives,other,Hörspiel,an unnamed man,Gerhard Rühm; Klaus Schöning,Gerhard Rühm,https://hoerspiele.dra.de/detailansicht/1466628,Gerhard Rühm
240,Die Sinnlichkeit der Mikrokosmen,2004,14.10.2004,DRA,Südwestrundfunk,Portrait catalogue,portrait,Porträt,Asmus Tietchens,Iris Drögekamp,Iris Drögekamp,https://hoerspiele.dra.de/detailansicht/1466033,Mikrokosmen
241,Mauricio Kagel,1977,05.12.1977,DRA,Westdeutscher Rundfunk,Portrait catalogue,other,Hörspiel,Mauricio Kagel,Dieter Carls,,https://hoerspiele.dra.de/detailansicht/1466641,Mauricio Kagel
242,"""Ich schreibe für mich und Fremde""",2004,27.09.2004,DRA,Bayerischer Rundfunk,Portrait catalogue,portrait,Porträt,Gertrude Stein,Mira Alexandra Schnoor,,https://hoerspiele.dra.de/detailansicht/1466804,Gertrude Stein
243,Schürflizenz für ins Grab mitgenommene Geheimnisse,2004,22.11.2004,DRA,Bayerischer Rundfunk,Autobiographical lives,feature / documentary,Feature,Robert Musil,Karl Corino,Karl Corino,https://hoerspiele.dra.de/detailansicht/1470878,Robert Musil
244,Strahlungen,2004,05.05.2004,DRA,Hessischer Rundfunk,Autobiographical lives,adaptation,Hörspielbearbeitung,Ernst Jünger,Ernst Jünger,Hermann Kretzschmar,https://hoerspiele.dra.de/detailansicht/1470897,Ernst Jünger
245,Dschaudars Abenteuer,1954,17.11.1954,DRA,Nordwestdeutscher Rundfunk,Autobiographical lives,adaptation,Hörspielbearbeitung,Dschaudar,Anonymus,Hans Rosenhauer,https://hoerspiele.dra.de/detailansicht/1472057,Dschaudar's mother
246,"Eine Bank und drei Stühle, eine Gestalt in Schwarz mit gelbem Hut und im Vordergrund eine schwarze Katze. Der Himmel blassgrün.",2004,19.11.2004,DRA,Radio Bremen / Klangmanufaktur,Letters and correspondence,other,Lesung,Vincent van Gogh,Klangmanufaktur,,https://hoerspiele.dra.de/detailansicht/1475970,Vincent van Gogh
247,"Pleiten, Pech und Pflaumbaum (1. Teil: Das Dübelübel)",2005,10.10.2005,DRA,Rundfunk Berlin-Brandenburg,Autobiographical lives,original radio play,Originalhörspiel,Marco Pflaumbaum,Herbert Friedmann,Arna Vogel,https://hoerspiele.dra.de/detailansicht/1478889,Marco Pflaumbaum
248,"Pleiten, Pech und Pflaumbaum (2. Teil: Der Wortschatzsucher)",2005,11.10.2005,DRA,Rundfunk Berlin-Brandenburg,Autobiographical lives,original radio play,Originalhörspiel,Marco Pflaumbaum,Herbert Friedmann,Arna Vogel,https://hoerspiele.dra.de/detailansicht/1478890,Marco Pflaumbaum
249,"Pleiten, Pech und Pflaumbaum (3. Teil: Der geheime Hund)",2005,12.10.2005,DRA,Rundfunk Berlin-Brandenburg,Autobiographical lives,original radio play,Originalhörspiel,Marco Pflaumbaum,Herbert Friedmann,Arna Vogel,https://hoerspiele.dra.de/detailansicht/1478891,Marco Pflaumbaum
250,"Pleiten, Pech und Pflaumbaum (5. Teil: Das chinesische Weihnachtsfest)",2005,14.10.2005,DRA,Rundfunk Berlin-Brandenburg,Autobiographical lives,original radio play,Originalhörspiel,Marco Pflaumbaum,Herbert Friedmann,Arna Vogel,https://hoerspiele.dra.de/detailansicht/1478893,Marco Pflaumbaum
251,"""Es geht nicht darum, sich kennenzulernen, sondern sein Leben zu ändern.""",2005,14.06.2005,DRA,DeutschlandRadio Köln / Westdeutscher Rundfunk,Portrait catalogue,feature / documentary,"Feature, Porträt",Jean-Paul Sartre,Walter van Rossum,Walter van Rossum,https://hoerspiele.dra.de/detailansicht/1479014,Jean-Paul Sartre
252,Tagebuch eines Landlebens oder Kein Mord in der Leiblstraße,1980,16.06.1980,DRA,Bayerischer Rundfunk / Norddeutscher Rundfunk,Diaries and self-records,other,Hörspiel,a writer on the Bavarian countryside,Sebastian Goy,Heiner Schmidt,https://hoerspiele.dra.de/detailansicht/1479675,Bavarian
253,Chemie der Erinnerungen,1976,26.01.1976,DRA,Süddeutscher Rundfunk,Autobiographical lives,other,Science Fiction-Hörspiel,Prof. Dr. A. Hegewald,Horst Zahlten,Andreas Weber-Schäfer,https://hoerspiele.dra.de/detailansicht/1479791,Prof. Hegewald
254,Bellas Briefe,2004,21.03.2004,DRA,DeutschlandRadio Berlin,Letters and correspondence,original radio play,"Originalhörspiel, Kinderhörspiel",Klara and her doll Bella,Hans Zimmer,Karlheinz Liefers,https://hoerspiele.dra.de/detailansicht/1480619,Since
255,Anonyme Briefe,1969,20.10.1969,DRA,Süddeutscher Rundfunk,Letters and correspondence,adaptation,"Hörspielbearbeitung, Kriminalhörspiel",Charles Orqueveaux,Louis C. Thomas,Hans Gerd Krogmann,https://hoerspiele.dra.de/detailansicht/1479751,Anonyme Briefe
256,Böses Spielzeug. Meira Ashers Warnungen vor der Realität,2004,11.12.2004,DRA,Westdeutscher Rundfunk,Sound art and listening,sound art,Ars acustica,Meira Asher,Hartwig Vens,,https://hoerspiele.dra.de/detailansicht/1480757,Meira Asher
257,Briefe an Georges,2006,30.07.2006,DRA,Deutschlandradio Kultur,Letters and correspondence,adaptation,Hörspielbearbeitung,"Elias Canetti, Veza Canetti, and Georges Canetti",Elias Canetti; Canetti Veza,Ulrike Brinkmann,https://hoerspiele.dra.de/detailansicht/1503127,Elias Canetti constantly
258,Aus den Briefen von Paul Cézanne und Emile Bernard sowie aus den Briefen von Rainer Maria Rilke und Clara Westhoff,2006,22.10.2006,DRA,Deutschlandradio Kultur (Deutschlandradio),Letters and correspondence,other,Lesung,"Paul Cézanne, Emile Bernard, Rainer Maria Rilke, and Clara Westhoff",Paul Cézanne; Emile Bernard; Rainer Maria Rilke; Clara Westhoff,Klaus Schöning,https://hoerspiele.dra.de/detailansicht/1503154,Correspondence
259,Rot ist mein Name (2. Teil: Das Porträt),2005,11.12.2005,DRA,Westdeutscher Rundfunk,Portrait catalogue,adaptation,"Hörspielbearbeitung, Kriminalhörspiel",Kara and Fein Effendi,Orhan Pamuk,Peter Rothin,https://hoerspiele.dra.de/detailansicht/1481393,Fein Effendi
260,Robert Schell - Porträt eines Arbeiters (2. Teil),1969,25.08.1969,DRA,Rundfunk der DDR,Autobiographical lives,adaptation,"Hörspielbearbeitung, Kinderhörspiel",Robert Schell,Max Stoll; Dieter Langhut,Maritta Hübner,https://hoerspiele.dra.de/detailansicht/1516597,Robert Schell
261,Ein Tagebuch wird verbrannt,1988,04.09.1988,DRA,Rundfunk der DDR,Diaries and self-records,original radio play,"Originalhörspiel, Kinderhörspiel",Rosa Luxemburg,Maria Seidemann,Karlheinz Liefers,https://hoerspiele.dra.de/detailansicht/1503925,Seventeen-year-old Rosa Luxemburg
262,Robert Schell - Porträt eines Arbeiters(3),1969,27.08.1969,DRA,Rundfunk der DDR,Autobiographical lives,adaptation,"Hörspielbearbeitung, Kinderhörspiel",Robert Schell,Max Stoll; Dieter Langhut,Maritta Hübner,https://hoerspiele.dra.de/detailansicht/1516598,Robert Schell
263,Robert Schell - Porträt eines Arbeiters (1. Teil),1969,24.08.1969,DRA,Rundfunk der DDR,Autobiographical lives,adaptation,"Hörspielbearbeitung, Kinderhörspiel",Robert Schell,Max Stoll; Dieter Langhut,Maritta Hübner,https://hoerspiele.dra.de/detailansicht/1516596,Robert Schell
264,Robert Schell - Porträt eines Arbeiters (4. Teil),1969,28.08.1969,DRA,Rundfunk der DDR,Autobiographical lives,adaptation,"Hörspielbearbeitung, Kinderhörspiel",Robert Schell,Max Stoll; Dieter Langhut,Maritta Hübner,https://hoerspiele.dra.de/detailansicht/1516600,Robert Schell
265,Tagebuchblätter aus Hanoi: Aus dem Tagebuch der stellvertretenden Oberkommandierenden der Befreiungsarmee Südvietnams - Gujen Ti Din - einer bekannten Heerführerin des vietnamesischen Volkes,1969,13.07.1969,DRA,Rundfunk der DDR,Diaries and self-records,other,Lesung,Nguyen Thi Dinh,Nguyen Thin Dinh,Peter Groeger,https://hoerspiele.dra.de/detailansicht/1516634,Produced
266,Ohne Datum,2006,22.11.2006,DRA,Westdeutscher Rundfunk,Autobiographical lives,adaptation,"Hörspielbearbeitung, Monolog",An unnamed man in his thirties,Karl Günther Hufnagel,Claudia Johanna Leist,https://hoerspiele.dra.de/detailansicht/1516870,A man in his thirties
267,Robert Schell - Porträt eines Arbeiters (5. Teil),1969,30.08.1969,DRA,Rundfunk der DDR,Autobiographical lives,adaptation,"Hörspielbearbeitung, Kinderhörspiel",Robert Schell,Max Stoll; Dieter Langhut,Maritta Hübner,https://hoerspiele.dra.de/detailansicht/1516638,Robert Schell
268,"Tagebuchblätter aus Hanoi: Aus dem Tagebuch der jungen Lehrerin Pe Ha aus einem Rajong in Südvietnam, aufgeschrieben am 19. März 1961 - dem 11. Jahrestag der antiamerikanischen Demonstration in Saigon",1969,13.07.1969,DRA,Rundfunk der DDR,Diaries and self-records,other,Lesung,"Pe Ha, a young teacher in South Vietnam",Giang Nam,Peter Groeger,https://hoerspiele.dra.de/detailansicht/1516635,Produced
269,Liebe Claudia,1969,24.08.1969,DRA,Rundfunk der DDR,Portrait catalogue,original radio play,"Originalhörspiel, Kinderhörspiel",Heinz Hoffmann,Bodo Schulenburg,Manfred Täubert,https://hoerspiele.dra.de/detailansicht/1516639,Liebe Claudia
270,Heart Beat,2006,11.10.2006,DRA,Westdeutscher Rundfunk,Autobiographical lives,adaptation,"Hörspielbearbeitung, Monolog",Carolyn Cassady,Carolyn Cassady,Heike Tauch,https://hoerspiele.dra.de/detailansicht/1516892,Heart Beat
271,Erinnerungen einer Sängerin am Klavier,2006,17.12.2006,DRA,Norddeutscher Rundfunk,Autobiographical lives,adaptation,Hörspielbearbeitung,Jenny Lind,Jenny Lind,Heinz von Cramer,https://hoerspiele.dra.de/detailansicht/1517120,Jenny Lind
272,Ich lese in Jasnas Tagebuch,1973,13.05.1973,DRA,Rundfunk der DDR,Diaries and self-records,original radio play,Originalhörspiel,Ana and her daughter Jasna,Mirjana Buljan,Hannelore Solter,https://hoerspiele.dra.de/detailansicht/1520159,Jasna
273,Tagebuch einer Freundschaft,1974,31.08.1974,DRA,Rundfunk der DDR,Diaries and self-records,original radio play,"Originalhörspiel, Kinderhörspiel",Andrej,Ovidiu Zotta,Edith Märtin,https://hoerspiele.dra.de/detailansicht/1520170,Andrej
274,Polar,2007,24.01.2007,DRA,Hessischer Rundfunk,Autobiographical lives,original radio play,Originalhörspiel,Cinema moments and gestures,Albert Ostermaier,Ulrich Lampen,https://hoerspiele.dra.de/detailansicht/1519891,Moments and gestures in cinema
275,Das Tagebuch des verschütteten Bergmanns Martino Tiff,1975,03.09.1975,DRA,Rundfunk der DDR,Diaries and self-records,original radio play,Originalhörspiel,Martino Tiff,Pietro Formentini,Helmut Hellstorff,https://hoerspiele.dra.de/detailansicht/1520407,A great metaphor
276,600 Briefe von meinem Vermieter,2006,20.02.2006,DRA,Südwestrundfunk,Letters and correspondence,feature / documentary,"Originalhörspiel, Dokumentarhörspiel",An unnamed tenant and his landlord,Christoph Spittler,Ulrich Lampen,https://hoerspiele.dra.de/detailansicht/1521963,My landlord
277,Des Eisenhans Erinnerungen oder Paraphrase über ein deutsches Thema,1966,10.09.1966,DRA,Deutschlandfunk,Autobiographical lives,other,Hörspiel,Eisenhans,Günter Kunert,Dieter Hasselblatt,https://hoerspiele.dra.de/detailansicht/1522912,Günter Kunert
278,Scherzo more germanico,1966,10.09.1966,DRA,Deutschlandfunk,Autobiographical lives,other,Kommentar,Dieter Hasselblatt,Dieter Hasselblatt,,https://hoerspiele.dra.de/detailansicht/1522914,Dieter Hasselblatt
279,Alles ist Gnade: Monologe nach dem Tagebuch eines Landpfarrers (3. Teil: 3. Monolog),1962,19.04.1962,DRA,Süddeutscher Rundfunk,Diaries and self-records,adaptation,Hörspielbearbeitung,The country priest,Georges Bernanos,Manfred Franke,https://hoerspiele.dra.de/detailansicht/1523220,Diary
280,Alles ist Gnade: Monologe nach dem Tagebuch eines Landpfarrers (4. Teil: 4. Monolog),1962,20.04.1962,DRA,Süddeutscher Rundfunk,Diaries and self-records,adaptation,Hörspielbearbeitung,The country priest,Georges Bernanos,Manfred Franke,https://hoerspiele.dra.de/detailansicht/1523221,Diary
281,Doktor Faustus (1. Teil),2007,03.10.2007,DRA,Hessischer Rundfunk / Bayerischer Rundfunk / in Kooperation mit der IEMA (Internationale Ensemble Modern Akademie),Autobiographical lives,adaptation,Hörspielbearbeitung,Adrian Leverkühn,Thomas Mann,Leonhard Koppelmann,https://hoerspiele.dra.de/detailansicht/1524689,Adrian Leverkühn
282,Briefe an Mathilda,1978,12.11.1978,DRA,Rundfunk der DDR,Letters and correspondence,original radio play,Originalhörspiel,Mathilda,Leszek Prorok,Edith Schorn,https://hoerspiele.dra.de/detailansicht/1524790,Mathilda
283,Doktor Faustus (4. Teil),2007,24.10.2007,DRA,Hessischer Rundfunk / Bayerischer Rundfunk / in Kooperation mit der IEMA (Internationale Ensemble Modern Akademie),Autobiographical lives,adaptation,Hörspielbearbeitung,Adrian Leverkühn,Thomas Mann,Leonhard Koppelmann,https://hoerspiele.dra.de/detailansicht/1524851,Adrian Leverkühn
284,Doktor Faustus (8. Teil),2007,21.11.2007,DRA,Hessischer Rundfunk / Bayerischer Rundfunk / in Kooperation mit der IEMA (Internationale Ensemble Modern Akademie),Autobiographical lives,adaptation,Hörspielbearbeitung,Adrian Leverkühn,Thomas Mann,Leonhard Koppelmann,https://hoerspiele.dra.de/detailansicht/1524863,Adrian Leverkühn
285,Die Sinnlichkeit der Mikrokosmen,2007,05.10.2007,DRA,Südwestrundfunk,Portrait catalogue,portrait,Porträt,Asmus Tietchens,Iris Drögekamp,,https://hoerspiele.dra.de/detailansicht/1524995,Mikrokosmen
286,Briefe und Hiebe,1971,27.11.1971,DRA,Rundfunk der DDR,Letters and correspondence,original radio play,Originalhörspiel,Jan and Jeannette,Hansgeorg Meyer,Joachim Gürtner,https://hoerspiele.dra.de/detailansicht/1526212,Jeannette
287,Porträt eines Helden,1975,21.06.1975,DRA,Rundfunk der DDR,Portrait catalogue,original radio play,"Originalhörspiel, Kurzhörspiel",Father Neumann and Wilfried Ohme,Arne Leonhardt,Joachim Gürtner,https://hoerspiele.dra.de/detailansicht/1526433,Father Neumann
288,The Glenn Gould Trilogy,2007,29.09.2007,DRA,Westdeutscher Rundfunk,Sound art and listening,sound art,Ars acustica,Glenn Gould,Michael Stegemann,Michael Stegemann,https://hoerspiele.dra.de/detailansicht/1527851,Canadian Glenn Gould
289,Weil irgendetwas das so will,2009,05.12.2009,DRA,Südwestrundfunk,Diaries and self-records,original radio play,"Originalhörspiel, Mundarthörspiel",Lilly A.,Robert Schoen,Robert Schoen,https://hoerspiele.dra.de/detailansicht/1528698,Anyone
290,Das Monster in uns,2009,17.02.2009,DRA,Saarländischer Rundfunk,Portrait catalogue,portrait,Porträt,Marion Aubert,Anette Kührmeyer,,https://hoerspiele.dra.de/detailansicht/1528798,Marion Aubert
291,Es wird Fragen geben - Ein west-östliches Tagebuch,2009,29.09.2009,DRA,Westdeutscher Rundfunk,Diaries and self-records,original radio play,Originalhörspiel,Hanna and Peter,Florian Goldberg; Heike Tauch,Heike Tauch,https://hoerspiele.dra.de/detailansicht/1529838,Hanna
292,Longkamp,2008,17.05.2008,DRA,Bayerischer Rundfunk,Diaries and self-records,adaptation,"Hörspielbearbeitung, Monolog",Rolf Dieter Brinkmann,Rolf Dieter Brinkmann,Ulrich Gerhardt,https://hoerspiele.dra.de/detailansicht/1530623,Letters
293,Ortiz destructs,2008,28.11.2008,DRA,Bayerischer Rundfunk,Sound art and listening,sound art,Ars acustica,Raphael Montanez Ortiz,Justin Hoffmann,,https://hoerspiele.dra.de/detailansicht/1530638,Raphael Montanez Ortiz
294,Pariser Abende,2010,07.04.2010,DRA,Hessischer Rundfunk,Diaries and self-records,adaptation,Hörspielbearbeitung,Roland Barthes,Roland Barthes,Ulrich Lampen,https://hoerspiele.dra.de/detailansicht/1531821,Roland Barthes
295,Am Anfang war der Blick,2011,30.03.2011,DRA,Norddeutscher Rundfunk,Portrait catalogue,original radio play,Originalhörspiel,"Mathilda, a war photographer",Guido Gin Koster,Alice Elstner,https://hoerspiele.dra.de/detailansicht/1534308,The focus of the radio work
296,NOA NOA,2011,01.01.2011,DRA,Deutschlandradio,Diaries and self-records,adaptation,Hörspielbearbeitung,Paul Gauguin,Paul Gauguin,Ulrich Gerhardt,https://hoerspiele.dra.de/detailansicht/1534447,Gauguin
297,Im Übergangskleid fehlen die gelben Achselhaare,2010,15.10.2010,DRA,Südwestrundfunk,Portrait catalogue,portrait,Porträt,Wolfgang Müller,Frank Kaspar,Frieder Butzmann,https://hoerspiele.dra.de/detailansicht/1535345,Kurt Schwitters and brought eleven
298,"Die Gardine, die Landschaft, das Fenster und der Klangraum",2011,14.10.2011,DRA,Südwestrundfunk,Portrait catalogue,portrait,Porträt,Oswald Egger,Stephan Krass,Ulrich Lampen,https://hoerspiele.dra.de/detailansicht/1538642,Oswald Egger
299,KLAUS KINSKI,2011,18.10.2011,DRA,Deutschlandfunk (Deutschlandradio) / Hessischer Rundfunk,Autobiographical lives,original radio play,Originalhörspiel,Klaus Kinski,Michael Farin; Peter Geyer,Zeitblom; Michael Farin,https://hoerspiele.dra.de/detailansicht/1538730,Klaus Kinski
300,Feldpost - Briefe deutscher Soldaten aus Afghanistan,2011,25.09.2011,DRA,Südwestrundfunk,Letters and correspondence,adaptation,Hörspielbearbeitung,German soldiers in Afghanistan,N. N.,Antje Vowinckel,https://hoerspiele.dra.de/detailansicht/1538602,German
301,Der Berater,2011,10.12.2011,DRA,Deutschlandfunk (Deutschlandradio),Autobiographical lives,original radio play,Originalhörspiel,Adviser C.,György Dalos; Andrea Dunai,Heide Schwochow,https://hoerspiele.dra.de/detailansicht/1538732,Accompanies Mikhail Gorbachev
302,Buntschatten und Fledermäuse,2011,01.02.2011,DRA,Westdeutscher Rundfunk,Autobiographical lives,adaptation,Hörspielbearbeitung,Axel Brauns,Axel Brauns,Uta Reitz,https://hoerspiele.dra.de/detailansicht/1538779,Axel Brauns
303,Hörspielraum: Das fünfte Element,2011,21.09.2011,DRA,Deutschlandradio Kultur (Deutschlandradio),Portrait catalogue,feature / documentary,"Porträt, Feature, Originaltonfeature, Gespräch",Susanne Amatosero,Sylvia Rauer,Sylvia Rauer,https://hoerspiele.dra.de/detailansicht/1538910,Sylvia Rauer
304,Alexander Kluge,2012,18.02.2012,DRA,Bayerischer Rundfunk,Portrait catalogue,portrait,"Originalhörspiel, Porträt",Alexander Kluge,Karl Bruckmaier,,https://hoerspiele.dra.de/detailansicht/1539203,Alexander Kluge
305,Tolstois Befreiung,2010,16.11.2010,DRA,Deutschlandfunk (Deutschlandradio),Autobiographical lives,adaptation,Hörspielbearbeitung,Leo Tolstoi,Ivan Bunin,Gabriele Bigott,https://hoerspiele.dra.de/detailansicht/1539804,Ivan Bunin
306,Ich muss auf einen Sprung weg,2010,01.01.2010,DRA,Deutschlandradio Kultur,Autobiographical lives,original radio play,Originalhörspiel,Walter Spies,Jean-Claude Kuner,Jean-Claude Kuner,https://hoerspiele.dra.de/detailansicht/1540517,Walter Spies
307,Tristram Shandy,1952,18.03.1952,DRA,Nordwestdeutscher Rundfunk,Autobiographical lives,adaptation,Hörspielbearbeitung,Tristram,Laurence Sterne,N. N.,https://hoerspiele.dra.de/detailansicht/1546930,Tristram
308,Herr Molander schreibt seine Memoiren (5. Teil: Die hellblauen Briefe),1950,13.08.1950,DRA,RIAS Berlin,Letters and correspondence,other,"Kurzhörspiel, Kriminalhörspiel",Mr. Molander,Werner E. Hintz,Nicht bekannt,https://hoerspiele.dra.de/detailansicht/1543429,Mr. Molander
309,Wind und englisches Eichenholz,1954,13.02.1954,DRA,Hessischer Rundfunk,Autobiographical lives,feature / documentary,Feature,conversations and memories in Dover,Alfred Andersch,Irmfried Wilimzig,https://hoerspiele.dra.de/detailansicht/1548677,Conversations
310,Erinnerungen,1955,14.06.1955,DRA,Nordwestdeutscher Rundfunk,Autobiographical lives,original radio play,Originalhörspiel,Paul Wenzke; unnamed narrator,Hugo Hartung,Ludwig Cremer,https://hoerspiele.dra.de/detailansicht/1547800,A small German town
311,Es war einmal,1949,05.08.1949,DRA,RIAS Berlin,Autobiographical lives,other,Kurzhörspiel,a street,Unbekannt,Fritz Wendhausen,https://hoerspiele.dra.de/detailansicht/1543471,Biography
312,Der Landstörzerin Courasche abenteurlich Leben,1955,13.09.1955,DRA,Bayerischer Rundfunk,Autobiographical lives,adaptation,Hörspielbearbeitung,Libuschka-Courasche,Hans Jakob Christoffel von Grimmelshausen,Walter Ohm,https://hoerspiele.dra.de/detailansicht/1549227,Courasche
313,Herzog zu vermieten,1960,02.02.1960,DRA,Sender Freies Berlin,Autobiographical lives,original radio play,Originalhörspiel,Duke Archibald of Tipperary,Mischa Mleinek,Tom Toelle,https://hoerspiele.dra.de/detailansicht/1551082,Duke Archibald
314,Rutkas Tagebuch,2010,07.11.2010,DRA,Mitteldeutscher Rundfunk,Diaries and self-records,adaptation,Hörspielbearbeitung,Rutka Laskier,Rutka Laskier,Gottfried von Einem,https://hoerspiele.dra.de/detailansicht/1552123,Rutka Laskier
315,Briefe an C.,2003,13.12.2003,DRA,Mitteldeutscher Rundfunk,Letters and correspondence,original radio play,Originalhörspiel,a young woman,Jana Schuldt; Andrea Kilches,Jana Schuldt; Andrea Kilches,https://hoerspiele.dra.de/detailansicht/1553559,Leipzig
316,"Comeback - Porträt einer Frau, die singt",1977,12.05.1977,DRA,Westdeutscher Rundfunk / Saarländischer Rundfunk / Bayerischer Rundfunk,Portrait catalogue,portrait,"Hörspiel, Porträt",Mona Lehner,Paul Pörtner,Paul Pörtner,https://hoerspiele.dra.de/detailansicht/2543547,Mona Lehner
317,Porträt eines Nachmittags,1967,17.02.1967,DRA,Radio Bremen,Portrait catalogue,portrait,"Hörspiel, Porträt",a silent man waiting for his train,Dieter Forte,Günter Bommert,https://hoerspiele.dra.de/detailansicht/2903924,A silent man waiting for his train
318,Kommissar Freytag (2. Folge: Briefe aus Sydney),1967,18.05.1967,DRA,Bayerischer Rundfunk,Letters and correspondence,adaptation,"Hörspielbearbeitung, Kriminalhörspiel",Günter Westphal,Bruno Hampel,Walter Netzsch,https://hoerspiele.dra.de/detailansicht/2984068,Günter Westphal
319,Blitzlichter (Fassung von 2012),2012,27.10.2012,DRA,Bayerischer Rundfunk,Autobiographical lives,adaptation,Hörspielbearbeitung,Ilse Aichinger,Ilse Aichinger,Ulrich Lampen,https://hoerspiele.dra.de/detailansicht/3084543,Ilse Aichinger
320,Hörspielraum: Erzähl von Ruanda,2012,18.04.2012,DRA,Deutschlandradio Kultur (Deutschlandradio),Portrait catalogue,feature / documentary,"Porträt, Feature, Originaltonfeature",Diogène Ntarindwa,Sylvia Rauer,Sylvia Rauer,https://hoerspiele.dra.de/detailansicht/3104209,Sylvia Rauer
321,Eine Welt mit Hindernissen. Die Klänge des Instituts für Feinmotorik,2012,18.10.2012,DRA,Südwestrundfunk,Portrait catalogue,feature / documentary,"Feature, Porträt",Institut fuer Feinmotorik,Raphael Smarzoch,Raphael Smarzoch,https://hoerspiele.dra.de/detailansicht/3144432,Institut
322,Indianerland (1. Teil),2012,03.06.2012,DRA,Hessischer Rundfunk,Diaries and self-records,adaptation,Hörspielbearbeitung,Meriwether Lewis; William Clark,Meriwether Lewis; William Clark,Ulrich Gerhardt,https://hoerspiele.dra.de/detailansicht/3224373,President
323,Indianerland (2. Teil),2012,10.06.2012,DRA,Hessischer Rundfunk,Diaries and self-records,adaptation,Hörspielbearbeitung,Meriwether Lewis; William Clark,Meriwether Lewis; William Clark,Ulrich Gerhardt,https://hoerspiele.dra.de/detailansicht/3224376,President
324,"Ideen, in Tinte getaucht",2013,10.03.2013,DRA,Hessischer Rundfunk,Diaries and self-records,adaptation,Hörspielbearbeitung,Jules Renard,Jules Renard,Ulrich Lampen,https://hoerspiele.dra.de/detailansicht/3304676,Jules Renard
325,Vom Betrügen und Betrogen werden (4. Teil: Das Tagebuch der Redegonda),2012,18.05.2012,DRA,Rundfunk Berlin-Brandenburg,Diaries and self-records,adaptation,Hörspielbearbeitung,Redegonda,Arthur Schnitzler,Barbara Plensat,https://hoerspiele.dra.de/detailansicht/3244305,Adultery
326,Boojum,2013,25.01.2013,DRA,Westdeutscher Rundfunk,Sound art and listening,sound art,Ars acustica,Ergo Phizmiz,Ergo Phizmiz,,https://hoerspiele.dra.de/detailansicht/3485123,Ergo Phizmiz
327,Hansen,2013,10.09.2013,DRA,Westdeutscher Rundfunk,Diaries and self-records,original radio play,Originalhörspiel,Martin L. Hansen,Heinz G. Schmidt,Thomas Werner,https://hoerspiele.dra.de/detailansicht/3585170,Hansen
328,Orlando (3. Teil),2013,28.07.2013,DRA,Bayerischer Rundfunk,Autobiographical lives,adaptation,Hörspielbearbeitung,Orlando,Virginia Woolf,Katja Langenbach,https://hoerspiele.dra.de/detailansicht/3585248,Virginia Woolf
329,Orlando (1. Teil),2013,14.07.2013,DRA,Bayerischer Rundfunk,Autobiographical lives,adaptation,Hörspielbearbeitung,Orlando,Virginia Woolf,Katja Langenbach,https://hoerspiele.dra.de/detailansicht/3585242,Virginia Woolf
330,Orlando (2. Teil),2013,21.07.2013,DRA,Bayerischer Rundfunk,Autobiographical lives,adaptation,Hörspielbearbeitung,Orlando,Virginia Woolf,Katja Langenbach,https://hoerspiele.dra.de/detailansicht/3585247,Virginia Woolf
331,Orlando (4. Teil),2013,04.08.2013,DRA,Bayerischer Rundfunk,Autobiographical lives,adaptation,Hörspielbearbeitung,Orlando,Virginia Woolf,Katja Langenbach,https://hoerspiele.dra.de/detailansicht/3585252,Virginia Woolf
332,Orlando (5. Teil),2013,11.08.2013,DRA,Bayerischer Rundfunk,Autobiographical lives,adaptation,Hörspielbearbeitung,Orlando,Virginia Woolf,Katja Langenbach,https://hoerspiele.dra.de/detailansicht/3585254,Virginia Woolf
333,Orlando (6. Teil),2013,18.08.2013,DRA,Bayerischer Rundfunk,Autobiographical lives,adaptation,Hörspielbearbeitung,Orlando,Virginia Woolf,Katja Langenbach,https://hoerspiele.dra.de/detailansicht/3585258,Virginia Woolf
334,Hörspielraum: Erinnerungen an einen Dämon,1998,25.10.1998,DRA,Deutschlandradio,Autobiographical lives,feature / documentary,"Porträt, Feature, Originaltonfeature",a demon,Sylvia Rauer,,https://hoerspiele.dra.de/detailansicht/3965199,Listening
335,Hörspielraum: Einmal Chile - und zurück?,2013,04.09.2013,DRA,Deutschlandradio Kultur (Deutschlandradio),Portrait catalogue,feature / documentary,"Porträt, Feature, Originaltonfeature",Sara M. Schüller and her Chilean grandmothers,Sylvia Rauer,Sylvia Rauer,https://hoerspiele.dra.de/detailansicht/3965194,Since
336,Memory (Folge: Erzwungenes Landleben – Erinnerungen an den Reichsarbeitsdienst),2002,2002,DRA,text&ton,Autobiographical lives,original radio play,"Originalhörspiel, Kurzhörspiel",female contemporary witness,Inge Kurtz,Inge Kurtz,https://hoerspiele.dra.de/detailansicht/4025255,The contemporary witness
337,Memory (Folge: Die Russen kommen! – Erinnerungen an das Kriegsende 1945),2002,2002,DRA,text&ton,Autobiographical lives,original radio play,"Originalhörspiel, Kurzhörspiel",contemporary witnesses,Inge Kurtz,Inge Kurtz,https://hoerspiele.dra.de/detailansicht/4025257,Russian
338,"""Sehr, sehr unviktorianisch""",2013,07.07.2013,DRA,Bayerischer Rundfunk,Portrait catalogue,portrait,"Originalhörspiel, Porträt",Virginia Woolf,Mira Alexandra Schnoor,Mira Alexandra Schnoor,https://hoerspiele.dra.de/detailansicht/4085595,Lytton Strachey
339,Abschied von den Eltern (3. Teil),2013,26.04.2013,DRA,Bayerischer Rundfunk,Portrait catalogue,portrait,"Hörspielbearbeitung, Porträt",Peter Weiss,Peter Weiss,Karl Bruckmaier,https://hoerspiele.dra.de/detailansicht/4105441,Peter Weiss
340,Abschied von den Eltern (2. Teil),2013,19.04.2013,DRA,Bayerischer Rundfunk,Portrait catalogue,portrait,"Hörspielbearbeitung, Porträt",Peter Weiss,Peter Weiss,Karl Bruckmaier,https://hoerspiele.dra.de/detailansicht/4105439,Peter Weiss
341,Lilith Parker: Insel der Schatten (1. Teil),2013,13.10.2013,DRA,Norddeutscher Rundfunk,Autobiographical lives,adaptation,"Hörspielbearbeitung, Kinderhörspiel",Lilith Parker,Janine Wilk,Margit Kreß,https://hoerspiele.dra.de/detailansicht/4166115,Lilith
342,Lilith Parker: Insel der Schatten (2. Teil),2013,20.10.2013,DRA,Norddeutscher Rundfunk,Autobiographical lives,adaptation,"Hörspielbearbeitung, Kinderhörspiel",Lilith Parker,Janine Wilk,Margit Kreß,https://hoerspiele.dra.de/detailansicht/4166137,Twelve-year-old Lilith Parker
343,Ulrich Gerhardt - Ein Porträt,2014,08.01.2014,DRA,Deutschlandradio Kultur (Deutschlandradio),Portrait catalogue,portrait,Porträt,Ulrich Gerhardt,Julia Tieke,Julia Tieke,https://hoerspiele.dra.de/detailansicht/4205223,Ulrich Gerhardt
344,Nýey,2014,18.04.2014,DRA,Deutschlandradio / GMVL / Phonurgia Nova / Surtsey Research Society,Sound art and listening,sound art,Ars acustica,Surtsey (Nýey),Nicolas Perret; Silvia Ploner,,https://hoerspiele.dra.de/detailansicht/4205721,Nýey
345,Als Mariner im Krieg,2014,16.07.2014,DRA,Norddeutscher Rundfunk / Deutschlandradio Kultur (Deutschlandradio),Diaries and self-records,adaptation,Hörspielbearbeitung,Joachim Ringelnatz,Joachim Ringelnatz,Harald Krewer,https://hoerspiele.dra.de/detailansicht/4305864,Joachim Ringelnatz
346,Borke-Beckett-Boom,2014,01.07.2014,DRA,Südwestrundfunk,Sound art and listening,sound art,Ars acustica,Tobias Borke,Tobias Borke; Almut Schnerring; Sascha Verlan,Almut Schnerring; Sascha Verlan,https://hoerspiele.dra.de/detailansicht/4325436,Borke
347,Pontormos Sintflut,2014,07.09.2014,DRA,Deutschlandradio,Diaries and self-records,adaptation,Hörspielbearbeitung,Pontormo,Pontormo; Jacopo da (Ps.),Frieder Butzmann,https://hoerspiele.dra.de/detailansicht/4345542,Since
348,Die Geschichte meines Lebens - Die Tagebücher Ferdinand Benekes (1. Teil: Die Jahre 1792 bis Anfang 1794),2015,28.06.2015,DRA,Radio Bremen / Mitteldeutscher Rundfunk,Diaries and self-records,adaptation,Hörspielbearbeitung,Ferdinand Beneke,Ferdinand Beneke,Charlotte Drews-Bernstein,https://hoerspiele.dra.de/detailansicht/4746279,Bremen
349,Die Gespräche des göttlichen Pietro Aretino (1. Teil),2015,25.05.2015,DRA,Mitteldeutscher Rundfunk,Letters and correspondence,adaptation,Hörspielbearbeitung,Pietro Aretino,Pietro Aretino,Götz Fritsch,https://hoerspiele.dra.de/detailansicht/4765774,Pietro Aretino
350,Die Gespräche des göttlichen Pietro Aretino (2. Teil),2015,01.06.2015,DRA,Mitteldeutscher Rundfunk,Letters and correspondence,adaptation,Hörspielbearbeitung,Pietro Aretino,Pietro Aretino,Götz Fritsch,https://hoerspiele.dra.de/detailansicht/4765782,Pietro Aretino
351,La vie en rose - Vom Leben und Überleben in Paris,2015,29.09.2015,DRA,SWR2,Social documentary lives,original radio play,Originalhörspiel,a man living in Paris,Tom Heithoff,,https://hoerspiele.dra.de/detailansicht/4806676,Vom Leben
352,Mit anderen Augen,2015,03.12.2015,DRA,Südwestrundfunk,Autobiographical lives,adaptation,Hörspielbearbeitung,Helmut Oehring,Helmut Oehring,Torsten Ottersberg,https://hoerspiele.dra.de/detailansicht/4806713,Helmut Oehring
353,"Leben und Ansichten von Tristram Shandy, Gentleman (1. Teil)",2015,11.10.2015,DRA,Bayerischer Rundfunk,Autobiographical lives,adaptation,Hörspielbearbeitung,Tristram Shandy,Laurence Sterne,Karl Bruckmaier,https://hoerspiele.dra.de/detailansicht/4826032,Tristram Shandy
354,"Leben und Ansichten von Tristram Shandy, Gentleman (2. Teil)",2015,18.10.2015,DRA,Bayern 2,Autobiographical lives,adaptation,Hörspielbearbeitung,Tristram Shandy,Laurence Sterne,Karl Bruckmaier,https://hoerspiele.dra.de/detailansicht/4826043,Tristram Shandy
355,"Leben und Ansichten von Tristram Shandy, Gentleman (5. Teil)",2015,15.11.2015,DRA,Bayern 2,Autobiographical lives,adaptation,Hörspielbearbeitung,Tristram Shandy,Laurence Sterne,Karl Bruckmaier,https://hoerspiele.dra.de/detailansicht/4826048,Tristram Shandy
356,"Leben und Ansichten von Tristram Shandy, Gentleman (3. Teil)",2015,25.10.2015,DRA,Bayern 2,Autobiographical lives,adaptation,Hörspielbearbeitung,Tristram Shandy,Laurence Sterne,Karl Bruckmaier,https://hoerspiele.dra.de/detailansicht/4826045,Tristram Shandy
357,"Leben und Ansichten von Tristram Shandy, Gentleman (4. Teil)",2015,08.11.2015,DRA,Bayern 2,Autobiographical lives,adaptation,Hörspielbearbeitung,Tristram Shandy,Laurence Sterne,Karl Bruckmaier,https://hoerspiele.dra.de/detailansicht/4826046,Tristram Shandy
358,"Leben und Ansichten von Tristram Shandy, Gentleman (7. Teil)",2015,29.11.2015,DRA,Bayern 2,Autobiographical lives,adaptation,Hörspielbearbeitung,Tristram Shandy,Laurence Sterne,Karl Bruckmaier,https://hoerspiele.dra.de/detailansicht/4826050,Tristram Shandy
359,"Leben und Ansichten von Tristram Shandy, Gentleman (6. Teil)",2015,22.11.2015,DRA,Bayern 2,Autobiographical lives,adaptation,Hörspielbearbeitung,Tristram Shandy,Laurence Sterne,Karl Bruckmaier,https://hoerspiele.dra.de/detailansicht/4826049,Tristram Shandy
360,"Leben und Ansichten von Tristram Shandy, Gentleman (8. Teil)",2015,06.12.2015,DRA,Bayern 2,Autobiographical lives,adaptation,Hörspielbearbeitung,Tristram Shandy,Laurence Sterne,Karl Bruckmaier,https://hoerspiele.dra.de/detailansicht/4826053,Tristram Shandy
361,Liliane Lijn: Glittering in the Sun/Crossing Map,2015,08.11.2015,DRA,Deutschlandradio Kultur,Autobiographical lives,adaptation,Hörspielbearbeitung,Liliane Lijn,Gaby Hartel; Liliane Lijn,Giuseppe Maio,https://hoerspiele.dra.de/detailansicht/4906744,Liliane Lijn
362,"Leben und Ansichten von Tristram Shandy, Gentleman (9. Teil)",2015,13.12.2015,DRA,Bayern 2,Autobiographical lives,adaptation,Hörspielbearbeitung,Tristram Shandy,Laurence Sterne,Karl Bruckmaier,https://hoerspiele.dra.de/detailansicht/4826055,Tristram Shandy
363,Der verliebte Antierotiker - Ein unbekanntes Kapitel aus dem Leben des Dichters Paul Scheerbart (2. Teil),1993,20.01.1993,DRA,,Autobiographical lives,adaptation,"Hörspielbearbeitung, Monolog",Paul Scheerbart,Paul Scheerbart,Hartmut Geerken,https://hoerspiele.dra.de/detailansicht/4909404,Paul Scheerbart
364,Der verliebte Antierotiker - Ein unbekanntes Kapitel aus dem Leben des Dichters Paul Scheerbart (3. Teil),1993,13.01.1993,DRA,,Autobiographical lives,adaptation,"Hörspielbearbeitung, Monolog",Paul Scheerbart,Paul Scheerbart,Hartmut Geerken,https://hoerspiele.dra.de/detailansicht/4909405,Paul Scheerbart
365,SoundCard Washington,2016,09.01.2016,DRA,hr2,Sound art and listening,portrait,"Ars acustica, Porträt","Washington, D.C.",Andreas Horchler,,https://hoerspiele.dra.de/detailansicht/4913095,SoundCard Washington
366,"Hier Familie Hansen (38. Folge: Briefe, Briefe ...)",1970,20.01.1970,DRA,,Letters and correspondence,original radio play,"Originalhörspiel, Kinderhörspiel",Hansen family,Gisela Prugel,Lothar Schluck,https://hoerspiele.dra.de/detailansicht/4911046,Hansen
367,Das Tagebuch von Adam und Eva,1973,17.06.1973,DRA,,Diaries and self-records,adaptation,Hörspielbearbeitung,Adam and Eve,Mark Twain,N. N.,https://hoerspiele.dra.de/detailansicht/4913331,Mark Twain
368,Die Geschichte meines Lebens - Die Tagebücher Ferdinand Benekes (2. Teil: Die Jahre 1794 bis Anfang 1796),2015,26.12.2015,DRA,Nordwestradio,Diaries and self-records,adaptation,Hörspielbearbeitung,Ferdinand Beneke,Ferdinand Beneke,Charlotte Drews-Bernstein,https://hoerspiele.dra.de/detailansicht/4918583,Bremen
369,Wie war’s in China?,2016,12.08.2016,DRA,Deutschlandradio Kultur,Sound art and listening,sound art,Ars acustica,Laurent Jeanneau,Laurent Jeanneau,,https://hoerspiele.dra.de/detailansicht/4925297,Laurent Jeanneau
370,Schwenkfutter,2016,10.10.2016,DRA,Deutschlandradio Kultur,Portrait catalogue,original radio play,"Originalhörspiel, Kriminalhörspiel",Snaps (Morten van de Jørgensen),Oliver Bukowski,Alexander Schuhmacher,https://hoerspiele.dra.de/detailansicht/4925993,Schwenkfutter
371,Die alte Tochter spricht mit dem jungen Vater,2016,13.11.2016,DRA,MDR KULTUR,Letters and correspondence,original radio play,Originalhörspiel,father and daughter,Gabriele Bigott,Gabriele Bigott,https://hoerspiele.dra.de/detailansicht/4931082,Wehrmacht
372,Ich stand abseits,1973,05.02.1973,DRA,,Autobiographical lives,feature / documentary,"Hörspielbearbeitung, Dokumentarhörspiel, Originaltonhörspiel",Jürgen Knop,Ernst Klee; Christian Gebert; Jürgen Knop,Christian Gebert,https://hoerspiele.dra.de/detailansicht/4932531,Documentary
373,Erinnerungen an eine Zeit vor dem LED-Regime,2016,25.02.2016,DRA,hr2,Sound art and listening,sound art,Ars acustica,technical light sources,Gregor Glogowski,,https://hoerspiele.dra.de/detailansicht/4934264,Sounding
374,Die Geschichte meines Lebens - Die Tagebücher Ferdinand Benekes (3. Teil: Das Jahr 1801),2017,02.04.2017,DRA,Nordwestradio,Diaries and self-records,adaptation,Hörspielbearbeitung,Ferdinand Beneke,Ferdinand Beneke,Charlotte Drews-Bernstein,https://hoerspiele.dra.de/detailansicht/4936976,Bremen
375,Meine Seele war schwarz von Fliegen (3. Teil),1993,04.11.1993,DRA,,Autobiographical lives,adaptation,"Hörspielbearbeitung, Kurzhörspiel, Monolog",Vasilij Baranow,Vasilij Baranov,Ulrich Gerhardt,https://hoerspiele.dra.de/detailansicht/4939130,Meine Seele
376,Meine Seele war schwarz von Fliegen (2. Teil),1995,20.09.1995,DRA,,Autobiographical lives,adaptation,"Hörspielbearbeitung, Kurzhörspiel, Monolog",Vasilij Baranow,Vasilij Baranov,Ulrich Gerhardt,https://hoerspiele.dra.de/detailansicht/4939129,Meine Seele
377,Das Paradies der kleinen Dinge,2017,11.06.2017,DRA,hr2,Diaries and self-records,adaptation,Hörspielbearbeitung,Sophia and Nathaniel Hawthorne,Nathaniel Hawthorne; Sophia Hawthorne,Ulrich Lampen,https://hoerspiele.dra.de/detailansicht/4937511,Concord
378,Meine Seele war schwarz von Fliegen (4. Teil),1993,05.11.1993,DRA,,Autobiographical lives,adaptation,"Hörspielbearbeitung, Kurzhörspiel, Monolog",Vasilij Baranow,Vasilij Baranov,Ulrich Gerhardt,https://hoerspiele.dra.de/detailansicht/4939131,Meine Seele
379,Mutti und ich,2017,09.05.2017,DRA,SWR2,Social documentary lives,feature / documentary,"Originalhörspiel, Dokumentarhörspiel",Marietta Schwarz's mother,Marietta Schwarz,Marietta Schwarz,https://hoerspiele.dra.de/detailansicht/4939845,She di
380,Pellkantüffeln un Hering (1. Teil: Kinnertied in Pommern),1976,22.11.1976,DRA,,Autobiographical lives,adaptation,"Hörspielbearbeitung, Mundarthörspiel",Franz Rehbein,Franz Rehbein,Curt Timm,https://hoerspiele.dra.de/detailansicht/4940862,Franz Rehbein
381,Pellkantüffeln un Hering (2. Teil: Herr un Knecht),1976,29.11.1976,DRA,,Autobiographical lives,adaptation,"Hörspielbearbeitung, Mundarthörspiel",Franz Rehbein,Franz Rehbein,Curt Timm,https://hoerspiele.dra.de/detailansicht/4940874,Franz Rehbein
382,Pellkantüffeln un Hering (3. Teil: De tweete Heimat),1976,06.12.1976,DRA,,Autobiographical lives,adaptation,"Hörspielbearbeitung, Mundarthörspiel",Franz Rehbein,Franz Rehbein,Curt Timm,https://hoerspiele.dra.de/detailansicht/4940875,Franz Rehbein
383,Sehnsucht,2018,11.03.2018,DRA,SWR2,Diaries and self-records,adaptation,Hörspielbearbeitung,Contessa Livia Serpieri,Camillo Boito,Kai Grehn,https://hoerspiele.dra.de/detailansicht/4949493,Sehnsucht
384,Der große Unbekannte (2. Teil: Das Porträt),1963,27.04.1963,DRA,,Portrait catalogue,original radio play,"Originalhörspiel, Kriminalhörspiel",Edgar Dickens,Karl Richard Tschon,Klaus Groth,https://hoerspiele.dra.de/detailansicht/4951441,Edgar Dickens
385,"Comeback – Porträt einer Frau, die singt",1977,09.10.1977,DRA,NDR 3,Portrait catalogue,original radio play,Originalhörspiel,Mona Lehner,Paul Pörtner,Paul Pörtner,https://hoerspiele.dra.de/detailansicht/4954569,Mona Lehner
386,Meine Erinnerungen reißen mich in Stücke,2018,03.06.2018,DRA,Deutschlandfunk Kultur,Autobiographical lives,original radio play,Originalhörspiel,Mary Shelley,Cristin König,Cristin König,https://hoerspiele.dra.de/detailansicht/4954237,During
387,Hölderlin. Geschichte einer Abschiebung,2018,20.07.2018,DRA,Bayern 2,Autobiographical lives,original radio play,Originalhörspiel,an immigrant rapper,Klaus Buhlert,Klaus Buhlert,https://hoerspiele.dra.de/detailansicht/4954716,Klaus Buhlert
388,Djati Luwih – schönes Land,1979,24.11.1979,DRA,RIAS 2,Sound art and listening,sound art,"Originalhörspiel, Ars acustica",Bali,Hansjörg Schmitthenner,Hansjörg Schmitthenner,https://hoerspiele.dra.de/detailansicht/4959106,Djati Luwih
389,1918 Abschied,2018,21.10.2018,DRA,SWR4 Baden-Württemberg,Letters and correspondence,original radio play,"Originalhörspiel, Mundarthörspiel",Siebler-Ferry family,Martin Graff,Martin Graff,https://hoerspiele.dra.de/detailansicht/4955843,People in Europe in 1918
390,Der Hörspielautor Werner Buhss,2019,14.01.2019,DRA,MDR KULTUR,Portrait catalogue,portrait,Porträt,Werner Buhss,Matthias Thalheim,Matthias Thalheim,https://hoerspiele.dra.de/detailansicht/4963362,Werner Buhss
391,Akte 88 (9. Folge: Zweieinhalb Jahre Tibet),2018,27.09.2018,DRA,SWR2,Autobiographical lives,feature / documentary,"Originalhörspiel, Dokumentarhörspiel, Feature, Satire",conspiracy theorists,Walter Filz; Michael Lissek,Walter Filz; Michael Lissek,https://hoerspiele.dra.de/detailansicht/4962886,Files
392,False Memory,2019,30.08.2019,DRA,WDR 3,Autobiographical lives,original radio play,"Originalhörspiel, Kriminalhörspiel",Agnes Winkel,Sandra Doedter,Thomas Leutzbach,https://hoerspiele.dra.de/detailansicht/4970577,False Memory
393,Die Stadt und die Stimmen,2019,12.11.2019,DRA,Deutschlandfunk Kultur,Autobiographical lives,original radio play,Originalhörspiel,Cologne,Jürgen Becker,Karl-Heinz Stevens,https://hoerspiele.dra.de/detailansicht/4974424,Stadt
394,Erinnerungen einer Überflüssigen (1. Teil),2020,31.05.2020,DRA,Bayern 2,Autobiographical lives,adaptation,Hörspielbearbeitung,Lena Christ,Lena Christ,Stefanie Ramb,https://hoerspiele.dra.de/detailansicht/4975759,Lena Christ
395,Erinnerungen einer Überflüssigen (2. Teil),2020,01.06.2020,DRA,Bayern 2,Autobiographical lives,adaptation,Hörspielbearbeitung,Lena Christ,Lena Christ,Stefanie Ramb,https://hoerspiele.dra.de/detailansicht/4975760,Lena Christ
396,Hölderlin schüttelt mich,2020,15.03.2020,DRA,SWR4 Baden-Württemberg,Portrait catalogue,adaptation,"Hörspielbearbeitung, Mundarthörspiel",Friedrich Hölderlin,Wilhelm Friedrich Waiblinger,Nicole Paulsen,https://hoerspiele.dra.de/detailansicht/4976018,Hölderlin
397,Zusammen Walden (1. Teil: Sparsamkeit),2020,03.04.2020,DRA,WDR 3,Autobiographical lives,adaptation,"Hörspielbearbeitung, Mitmachhörspiel, Szenische Lesung",Henry David Thoreau,Henry David Thoreau,N. N.,https://hoerspiele.dra.de/detailansicht/4979045,Henry Thoreau
398,Zusammen Walden (2. Teil),2020,28.07.2020,DRA,WDR 3,Autobiographical lives,adaptation,"Hörspielbearbeitung, Mitmachhörspiel, Szenische Lesung",Henry David Thoreau,Henry David Thoreau,,https://hoerspiele.dra.de/detailansicht/4980800,Henry David Thoreau
399,Zusammen Walden (3. Teil),2020,29.07.2020,DRA,WDR 3,Autobiographical lives,adaptation,"Hörspielbearbeitung, Mitmachhörspiel, Szenische Lesung",Henry David Thoreau,Henry David Thoreau,,https://hoerspiele.dra.de/detailansicht/4980801,Henry David Thoreau
400,Zusammen Walden (1. Teil: Hast Du Schlösser in die Luft gebaut),2020,27.07.2020,DRA,WDR 3,Autobiographical lives,adaptation,"Hörspielbearbeitung, Mitmachhörspiel, Szenische Lesung",Henry David Thoreau,Henry David Thoreau,,https://hoerspiele.dra.de/detailansicht/4980798,Henry David Thoreau
401,Zusammen Walden (4. Teil),2020,30.07.2020,DRA,WDR 3,Autobiographical lives,adaptation,"Hörspielbearbeitung, Mitmachhörspiel, Szenische Lesung",Henry David Thoreau,Henry David Thoreau,,https://hoerspiele.dra.de/detailansicht/4980802,Henry David Thoreau
402,Überweben,2020,20.09.2020,DRA,Deutschlandfunk Kultur,Letters and correspondence,original radio play,Originalhörspiel,Etel Adnan,Etel Adnan,Ulrike Haage,https://hoerspiele.dra.de/detailansicht/4983605,Etel Adnan
403,Das Hörspiel vom Hörspiel 2020,2020,01.12.2020,DRA,SWR2,Sound art and listening,portrait,"Wort-Musik-Sendung, Porträt, Ars acustica",works from the Karl Sczuka Prize competition,Julia Mihaly,Julia Mihaly,https://hoerspiele.dra.de/detailansicht/4983915,Friedrich Bischoff
404,Götterdämmerung in Nürnberg (1. Teil der vierteiligen Fassung),2020,23.11.2020,DRA,WDR 3,Autobiographical lives,adaptation,Hörspielbearbeitung,Gustav M. Gilbert,Gustav M. Gilbert,Heinz Wilhelm Schwarz,https://hoerspiele.dra.de/detailansicht/4984462,American forensic psychologist G.M. Gilbert
405,Götterdämmerung in Nürnberg (2. Teil der vierteiligen Fassung),2020,24.11.2020,DRA,WDR 3,Autobiographical lives,adaptation,Hörspielbearbeitung,Gustav M. Gilbert,Gustav M. Gilbert,Heinz Wilhelm Schwarz,https://hoerspiele.dra.de/detailansicht/4984463,American forensic psychologist G.M. Gilbert
406,Götterdämmerung in Nürnberg (3. Teil der vierteiligen Fassung),2020,25.11.2020,DRA,WDR 3,Autobiographical lives,adaptation,Hörspielbearbeitung,Gustav M. Gilbert and the Nuremberg trial defendants,Gustav M. Gilbert,Heinz Wilhelm Schwarz,https://hoerspiele.dra.de/detailansicht/4984473,American forensic psychologist G.M. Gilbert
407,Götterdämmerung in Nürnberg (4. Teil der vierteiligen Fassung),2020,26.11.2020,DRA,WDR 3,Autobiographical lives,adaptation,Hörspielbearbeitung,Gustav M. Gilbert and the Nuremberg trial defendants,Gustav M. Gilbert,Heinz Wilhelm Schwarz,https://hoerspiele.dra.de/detailansicht/4984474,American forensic psychologist G.M. Gilbert
408,Brief an meine Mutter,2020,06.12.2020,DRA,NDR Info,Autobiographical lives,adaptation,Hörspielbearbeitung,Georges Simenon and his mother,Georges Simenon,,https://hoerspiele.dra.de/detailansicht/4985363,Georges Simenon
409,Und sicher ist mit mir die Welt verschwunden,2021,25.01.2021,DRA,MDR KULTUR,Autobiographical lives,adaptation,Hörspielbearbeitung,a person at the end of life reflecting on their life,Sibylle Berg,Beate Andres,https://hoerspiele.dra.de/detailansicht/4987036,And surely the world
410,Interview mit einem Stern (1. Teil der vierteiligen Fassung),2021,05.01.2021,DRA,Deutschlandfunk,Autobiographical lives,feature / documentary,"Originalhörspiel, Feature",Ernst Schnabel,Ernst Schnabel,Fritz Schröder-Jahn,https://hoerspiele.dra.de/detailansicht/4987241,Ernst Schnabel
411,Interview mit einem Stern (2. Teil der vierteiligen Folge),2021,12.01.2021,DRA,Deutschlandfunk,Autobiographical lives,feature / documentary,"Originalhörspiel, Feature",Ernst Schnabel,Ernst Schnabel,Fritz Schröder-Jahn,https://hoerspiele.dra.de/detailansicht/4987242,Ernst Schnabel
412,Interview mit einem Stern (3. Folge der vierteiligen Fassung),2021,19.01.2021,DRA,Deutschlandfunk,Autobiographical lives,feature / documentary,"Originalhörspiel, Feature",Ernst Schnabel,Ernst Schnabel,Fritz Schröder-Jahn,https://hoerspiele.dra.de/detailansicht/4987245,Ernst Schnabel
413,Interview mit einem Stern (4. Folge der vierteiligen Fassung),2021,26.01.2021,DRA,Deutschlandfunk,Autobiographical lives,feature / documentary,"Originalhörspiel, Feature",Ernst Schnabel,Ernst Schnabel,Fritz Schröder-Jahn,https://hoerspiele.dra.de/detailansicht/4987246,Ernst Schnabel
414,Curtain Call!,2021,24.04.2021,DRA,hr2-kultur,Diaries and self-records,original radio play,Originalhörspiel,an actress on the verge of a nervous breakdown,Uwe Dierksen; Judith Rosmair,,https://hoerspiele.dra.de/detailansicht/4990645,Tomorrow
415,Mögen Sie Emily Dickinson?,2021,06.06.2021,DRA,Bremen Zwei,Letters and correspondence,adaptation,Hörspielbearbeitung,Emily Dickinson,Kai Grehn,Kai Grehn,https://hoerspiele.dra.de/detailansicht/4991273,Emily Dickinson
416,Briefe aus der Hölle,2021,09.05.2021,DRA,hr2-kultur,Letters and correspondence,adaptation,Hörspielbearbeitung,Holocaust victims,Pavel Markovič Poljan; Salmen Gradowski; Lejb Langfuss; Herman Strasfogel,Andreas Weiser,https://hoerspiele.dra.de/detailansicht/4991479,Auschwitz
417,Anne Lister (1. Teil),2022,08.05.2022,DRA,hr2-kultur,Autobiographical lives,adaptation,Hörspielbearbeitung,Anne Lister,Angela Steidele,Luise Voigt,https://hoerspiele.dra.de/detailansicht/4992864,Casanova
418,"Rahel, damit sie mich kennen (7. Teil: ""Ich bin hier sehr wirksam"")",2021,17.10.2021,DRA,rbbKultur,Autobiographical lives,original radio play,Originalhörspiel,Rahel Varnhagen,Christine Nagel,Christine Nagel,https://hoerspiele.dra.de/detailansicht/4994495,March
419,"Rahel, damit sie mich kennen (10. Teil: Die Pockenmaterie muss raus)",2021,05.11.2021,DRA,rbbKultur,Autobiographical lives,original radio play,Originalhörspiel,Rahel Varnhagen,Christine Nagel,Christine Nagel,https://hoerspiele.dra.de/detailansicht/4994538,Rahel
420,ULISSAS,2021,09.10.2021,DRA,Bayern 2,Autobiographical lives,adaptation,Hörspielbearbeitung,Clarice Lispector and her female characters,Clarice Lispector; Cordelia Dvorák,Cordelia Dvorák,https://hoerspiele.dra.de/detailansicht/4995420,Under Clarice Lispector
421,Die verschwundenen Bilder,2021,27.02.2021,DRA,Bayern 2,Diaries and self-records,adaptation,"Hörspielbearbeitung, Kinderhörspiel, Kurzhörspiel, Kriminalhörspiel",Jil and her dog Klecks,Teresa Schmid,Bernhard Jugel,https://hoerspiele.dra.de/detailansicht/4996171,Klecks
422,Gäste (1. Teil der zweiteiligen Fassung),2021,15.12.2021,DRA,WDR 3,Autobiographical lives,original radio play,Originalhörspiel,an elderly woman living in her memories,Giovanna Favini,Claudia Johanna Leist,https://hoerspiele.dra.de/detailansicht/4997012,Retreating
423,Gäste (2. Teil der zweiteiligen Fassung),2021,16.12.2021,DRA,WDR 3,Autobiographical lives,original radio play,Originalhörspiel,an elderly woman living in her memories,Giovanna Favini,Claudia Johanna Leist,https://hoerspiele.dra.de/detailansicht/4997013,Retreating
424,Anne Lister (2. Teil),2022,15.05.2022,DRA,hr2-kultur,Autobiographical lives,adaptation,Hörspielbearbeitung,Anne Lister,Angela Steidele,Luise Voigt,https://hoerspiele.dra.de/detailansicht/5011318,Casanova
425,Great Depressions,2022,25.06.2022,DRA,hr2-kultur,Sound art and listening,adaptation,Hörspielbearbeitung,Malte Scholz,Jan Philipp Stange,Leon Haase,https://hoerspiele.dra.de/detailansicht/5011335,Malte Scholz
426,Mein lieber Wolf – Meine lieben fernen Mädels,2022,18.04.2022,DRA,MDR KULTUR,Letters and correspondence,adaptation,Hörspielbearbeitung,Ellen Hellwig and her parents Wolfgang and Ellen Hellwig,Ellen Hellwig; Wolfgang Hellwig; Anne Osterloh,Steffen Moratz,https://hoerspiele.dra.de/detailansicht/5012285,Ellen Hellwig
427,Kies,2022,22.04.2022,DRA,Deutschlandfunk Kultur,Sound art and listening,sound art,Ars acustica,François Sarhan,François Sarhan,,https://hoerspiele.dra.de/detailansicht/5012028,François Sarhan
428,Aus den Erinnerungen des Zauberferkels Adalbert,1956,14.02.1956,DRA,SWF1,Autobiographical lives,original radio play,"Originalhörspiel, Kinderhörspiel",Adalbert,Anna Elisabeth Wiede; Peter Hacks; James Krüss,Benno Schurr; Klaus Friedrich,https://hoerspiele.dra.de/detailansicht/5011523,Adalbert
429,Anne Lister (3. Teil),2022,22.05.2022,DRA,hr2-kultur,Autobiographical lives,adaptation,Hörspielbearbeitung,Anne Lister,Angela Steidele,Luise Voigt,https://hoerspiele.dra.de/detailansicht/5011319,Casanova
430,Nachtwächter Spinning erzählt von gemeinsamen Erinnerungen,1970,05.09.1970,DRA,WDR 2,Autobiographical lives,original radio play,"Originalhörspiel, Kinderhörspiel",Night watchman Spinning,Eva Rechlin,Manfred Brückner,https://hoerspiele.dra.de/detailansicht/5012924,Eva Rechlin
431,Achim Freyer trifft Don Giovanni am Checkpoint Charlie,2022,19.08.2022,DRA,Deutschlandfunk Kultur,Sound art and listening,sound art,Ars acustica,Achim Freyer,Alvin Curran,,https://hoerspiele.dra.de/detailansicht/5015000,Achim Freyer
432,Spiegeljahre (1. Teil),2022,22.05.2022,DRA,SWR4 Baden-Württemberg,Autobiographical lives,adaptation,"Hörspielbearbeitung, Mundarthörspiel",Felix Huby / Christian Ebinger,Felix Huby,Zoran Solomun,https://hoerspiele.dra.de/detailansicht/5014677,Felix Huby
433,Spiegeljahre (2. Teil),2022,29.05.2022,DRA,SWR4 Baden-Württemberg,Autobiographical lives,adaptation,"Hörspielbearbeitung, Mundarthörspiel",Felix Huby / Christian Ebinger,Felix Huby,Zoran Solomun,https://hoerspiele.dra.de/detailansicht/5014678,Felix Huby
434,Anne Lister - Eine erotische Biografie (Einteilige Fassung),2022,06.08.2022,DRA,Deutschlandfunk,Autobiographical lives,adaptation,Hörspielbearbeitung,Anne Lister,Angela Steidele,Luise Voigt,https://hoerspiele.dra.de/detailansicht/5014997,Anne Lister
435,Die Polizey,2022,17.08.2022,DRA,Deutschlandfunk Kultur,Autobiographical lives,adaptation,Hörspielbearbeitung,the police,Björn SC Deigner; Friedrich Schiller,Luise Voigt,https://hoerspiele.dra.de/detailansicht/5014999,Die Polizey
436,Timothy Truckle ermittelt (3. Folge: Spiel auf Leben und Tod),2022,11.12.2022,DRA,MDR KULTUR,Autobiographical lives,adaptation,"Hörspielbearbeitung, Kriminalhörspiel, Science Fiction-Hörspiel",Timothy Truckle,Gert Prokop,Wolfgang Seesko,https://hoerspiele.dra.de/detailansicht/5016738,Gert Prokop
437,"Ein Käfer, der Erinnerungen frisst",2022,08.12.2022,DRA,Deutschlandfunk Kultur,Autobiographical lives,original radio play,"Originalhörspiel, Science Fiction-Hörspiel",Mika,Fabian Raith; Sophie Neu,,https://hoerspiele.dra.de/detailansicht/5017839,Several
438,Sweet Paris reloaded,2021,02.10.2021,DRA,SWR2,Sound art and listening,sound art,Ars acustica,Wolf Pehlke,"Wolf Pehlke; Alfred ""23"" Harth; Peter Fey",Peter Fey,https://hoerspiele.dra.de/detailansicht/5018259,Wolf Pehlke
439,"Herr Achternbusch, wie heißen Sie?",2023,07.01.2023,DRA,Bayern 2,Autobiographical lives,original radio play,"Originalhörspiel, Collage",Herbert Achternbusch,Andreas Ammer; Herbert Achternbusch,"Andreas Ammer; Markus Acher; Michael ""Micha"" Acher; Cico Beck",https://hoerspiele.dra.de/detailansicht/5018550,Herbert Achternbusch
440,I Am Glad You Asked Me This Question (1. Teil),2022,10.06.2022,DRA,Deutschlandfunk Kultur,Sound art and listening,portrait,"Ars acustica, Porträt",Ben Patterson,Bonaventure Soh Bejeng Ndikung,,https://hoerspiele.dra.de/detailansicht/5018659,Bonaventure Soh Bejeng Ndikung
441,I Am Glad You Asked Me This Question (2. Teil),2022,17.06.2022,DRA,Deutschlandfunk Kultur,Sound art and listening,portrait,"Ars acustica, Porträt",Ben Patterson,Kamila Metwaly; Benjamin Patterson,,https://hoerspiele.dra.de/detailansicht/5018665,Kamila Metwaly
442,Childhood Stories Moskau,2023,16.04.2023,DRA,WDR 3,Autobiographical lives,original radio play,Originalhörspiel,young Russians born between 1980 and 1990,Butterland,Regina Dürig; Christian Müller,https://hoerspiele.dra.de/detailansicht/5020637,Russians
443,Schalter Licht Zimmer,2023,30.09.2023,DRA,SWR2,Sound art and listening,sound art,Ars acustica,Albrecht Kunze,Albrecht Kunze,,https://hoerspiele.dra.de/detailansicht/5026018,Albrecht Kunze
444,Genka haut ab (1. Teil),1970,15.03.1970,DRA,WDR 2,Diaries and self-records,adaptation,"Hörspielbearbeitung, Kinderhörspiel",Genka,Nikolai Petscherski,Klaus Wirbitzky,https://hoerspiele.dra.de/detailansicht/5026040,Genka
445,Genka haut ab (2. Teil),1970,22.03.1970,DRA,WDR 2,Diaries and self-records,adaptation,"Hörspielbearbeitung, Kinderhörspiel",Genka,Nikolai Petscherski,Klaus Wirbitzky,https://hoerspiele.dra.de/detailansicht/5026041,Genka
446,Dear alter Ego,2023,29.09.2023,DRA,Bayern 2,Autobiographical lives,portrait,"Originalhörspiel, Porträt",Maya Deren,Ulrike Haage; Maya Deren,Ulrike Haage,https://hoerspiele.dra.de/detailansicht/5026302,My work
447,EM-Suite op. 42,2023,14.10.2023,DRA,hr2-kultur,Sound art and listening,sound art,Ars acustica,Ensemble Modern,Daniel Hensel,,https://hoerspiele.dra.de/detailansicht/5026565,Using
448,Taschi de le,1971,11.01.1971,DRA,WDR 2,Autobiographical lives,original radio play,"Originalhörspiel, Kinderhörspiel",Dschingme,Ursula Feldhege,Manfred Brückner,https://hoerspiele.dra.de/detailansicht/5026069,Memories
449,Das Geheimnis der gelben Tapete,2019,31.12.2019,DRA,Bayern 2,Diaries and self-records,adaptation,"Szenische Lesung, Hörspielbearbeitung","Emilia, Henriette, and their family",Andrea Schomburg,Kilian Leypold,https://hoerspiele.dra.de/detailansicht/5029345,"Emilia, Henriette, and their family"
450,Flashback Crash (November-Reminiszenzen),2024,03.02.2024,DRA,hr2-kultur,Sound art and listening,sound art,Ars acustica,a restless person asking existential questions,Andreas Wagner,,https://hoerspiele.dra.de/detailansicht/5029471,Cologne
451,Mutter haben (1. Teil),2024,16.03.2024,DRA,Bayern 2,Autobiographical lives,original radio play,Originalhörspiel,"three generations of women: daughter, mother, and grandmother",Ruth Johanna Benrath,Christine Nagel,https://hoerspiele.dra.de/detailansicht/5029973,Having
452,Mutter haben (2. Teil),2024,23.03.2024,DRA,Bayern 2,Autobiographical lives,original radio play,Originalhörspiel,"three generations of women: daughter, mother, and grandmother",Ruth Johanna Benrath,Christine Nagel,https://hoerspiele.dra.de/detailansicht/5029982,Having
453,Kaf*KI,2024,02.06.2024,DRA,hr2-kultur,Autobiographical lives,original radio play,Originalhörspiel,Franz Kafka and artificial intelligence,Robert Schoen,,https://hoerspiele.dra.de/detailansicht/5031768,Kafka
454,Voices of the Invisible,2024,21.09.2024,DRA,hr2-kultur,Sound art and listening,portrait,"Ars acustica, Porträt",Priscilla McLean,Priscilla McLean,,https://hoerspiele.dra.de/detailansicht/5031783,Priscilla McLean
455,Fühl dich umarmt,2023,10.06.2023,DRA,Ö1,Letters and correspondence,original radio play,Originalhörspiel,a female author and a male author in a pandemic-era correspondence,Andreas Jungwirth,Andreas Jungwirth,https://hoerspiele.dra.de/detailansicht/5031872,A woman and a man in a Corona-era letter exchange
456,Mögen Sie Emily Dickinson?,2021,01.11.2021,DRA,SWR2,Letters and correspondence,adaptation,Hörspielbearbeitung,Emily Dickinson,Kai Grehn,Kai Grehn,https://hoerspiele.dra.de/detailansicht/5032659,Emily Dickinson
457,Dschinns (1. Teil),2024,19.06.2024,DRA,NDR Kultur,Autobiographical lives,adaptation,Hörspielbearbeitung,The Yılmaz family,Fatma Aydemir,Florian Fischer,https://hoerspiele.dra.de/detailansicht/5033171,Hüseyin Yılmaz
458,Dschinns (2. Teil),2024,26.06.2024,DRA,NDR Kultur,Autobiographical lives,adaptation,Hörspielbearbeitung,The Yılmaz family,Fatma Aydemir,Florian Fischer,https://hoerspiele.dra.de/detailansicht/5033172,Hüseyin Yılmaz
459,"Mein Sohn, Nephew and Bacsi! - Ephraim Kishon und Friedrich Torberg",2024,17.08.2024,DRA,Ö1,Letters and correspondence,adaptation,Hörspielbearbeitung,Ephraim Kishon and Friedrich Torberg,Ephraim Kishon; Friedrich Torberg,Leonhard Koppelmann,https://hoerspiele.dra.de/detailansicht/5035405,They
460,Mein Leben als Spam (4. Folge: Der totale Differenzvektor),2024,15.11.2024,DRA,Bayern 2,Autobiographical lives,original radio play,"Originalhörspiel, Science Fiction-Hörspiel","Miriam, a young civil servant",Hans Christoph Böhringer,Pauline Seiberlich,https://hoerspiele.dra.de/detailansicht/5036353,The young civil servant Miriam
461,Mein Leben als Spam (1. Folge: Chattie),2024,08.11.2024,DRA,Bayern 2,Autobiographical lives,original radio play,"Originalhörspiel, Science Fiction-Hörspiel","Miriam, a young civil servant",Hans Christoph Böhringer,Pauline Seiberlich,https://hoerspiele.dra.de/detailansicht/5036350,The young civil servant Miriam
462,"Mein Leben als Spam (3. Folge: Turing negative, living positive)",2024,08.11.2024,DRA,Bayern 2,Autobiographical lives,original radio play,"Originalhörspiel, Science Fiction-Hörspiel","Miriam, a young civil servant",Hans Christoph Böhringer,Pauline Seiberlich,https://hoerspiele.dra.de/detailansicht/5036352,The young civil servant Miriam
463,Mein Leben als Spam (2. Folge:Festnetz und Strafe),2024,08.11.2024,DRA,Bayern 2,Autobiographical lives,original radio play,"Originalhörspiel, Science Fiction-Hörspiel","Miriam, a young civil servant",Hans Christoph Böhringer,Pauline Seiberlich,https://hoerspiele.dra.de/detailansicht/5036351,The young civil servant Miriam
464,Mein Leben als Spam (5. Folge: Nett sein),2024,15.11.2024,DRA,Bayern 2,Autobiographical lives,original radio play,"Originalhörspiel, Science Fiction-Hörspiel","Miriam, a young civil servant",Hans Christoph Böhringer,Pauline Seiberlich,https://hoerspiele.dra.de/detailansicht/5036354,The young civil servant Miriam
465,Mein Leben als Spam (6. Folge: Allgemeine Erklärung der Maschinenrechte),2024,15.11.2024,DRA,Bayern 2,Autobiographical lives,original radio play,"Originalhörspiel, Science Fiction-Hörspiel","Miriam, a young civil servant",Hans Christoph Böhringer,Pauline Seiberlich,https://hoerspiele.dra.de/detailansicht/5036355,The young civil servant Miriam
466,Mein Leben als Spam (7. Folge: Im Schacht),2024,22.11.2024,DRA,Bayern 2,Autobiographical lives,original radio play,"Originalhörspiel, Science Fiction-Hörspiel","Miriam, a young civil servant",Hans Christoph Böhringer,Pauline Seiberlich,https://hoerspiele.dra.de/detailansicht/5036356,The young civil servant Miriam
467,Mein Leben als Spam (8. Folge: Vor der Tür),2024,22.11.2024,DRA,Bayern 2,Autobiographical lives,original radio play,"Originalhörspiel, Science Fiction-Hörspiel","Miriam, a young civil servant",Hans Christoph Böhringer,Pauline Seiberlich,https://hoerspiele.dra.de/detailansicht/5036357,The young civil servant Miriam
468,DYSTOPIA Sound Art Biennale 2024,2025,04.04.2025,DRA,Deutschlandfunk Kultur,Sound art and listening,sound art,Ars acustica,Artists at the DYSTOPIA Sound Art Biennale 2024,Golo Föllmer,,https://hoerspiele.dra.de/detailansicht/5041401,Things
469,Lélé,2025,30.03.2025,DRA,hr2-kultur,Social documentary lives,original radio play,Originalhörspiel,A man,Sathyan Ramesh,Leonhard Koppelmann,https://hoerspiele.dra.de/detailansicht/5039191,A man
470,Bite 5634,2025,24.01.2025,DRA,Deutschlandfunk Kultur,Sound art and listening,sound art,Ars acustica,Mariana Carvalho,Mariana Carvalho,,https://hoerspiele.dra.de/detailansicht/5042232,Mariana Carvalho
471,Srebrenica,2025,09.07.2025,DRA,Deutschlandfunk Kultur,Autobiographical lives,adaptation,"Hörspielbearbeitung, Dokumentarhörspiel",Armin Smailovic and Srebrenica survivors,Armin Smailovic; Branko Šimić,Armin Smailovic; Branko Šimić,https://hoerspiele.dra.de/detailansicht/5044257,Armin Smailovic
472,Jureks Reise,2007,26.08.2007,DRA,Deutschlandradio Kultur,Diaries and self-records,other,Hörstück,A diary-writing human in space,Ulrich Woelk; Uta Hallant,Stefanie Lazai,https://hoerspiele.dra.de/detailansicht/5048009,Soviet Union
473,Mohnrot,2023,22.02.2023,DRA,Deutschlandfunk Kultur,Social documentary lives,original radio play,"Originalhörspiel, Kurzhörspiel",A person who has been caught,Sarah Lena Steinhauser,Sarah Lena Steinhauser,https://hoerspiele.dra.de/detailansicht/5048435,Caught
474,ETTY (2. Teil),2025,26.12.2025,DRA,Ö1,Letters and correspondence,adaptation,Hörspielbearbeitung,Etty Hillesum,Etty Hillesum,Elisabeth Weilenmann,https://hoerspiele.dra.de/detailansicht/5051469,Jewish
475,P R I N C E - FunkyPurpleAssoziationen,2026,25.04.2026,DRA,ORF 1,Autobiographical lives,original radio play,Originalhörspiel,Prince,Elisabeth Weilenmann,Elisabeth Weilenmann,https://hoerspiele.dra.de/detailansicht/5051389,Based
476,ETTY (1. Teil),2025,25.12.2025,DRA,Ö1,Letters and correspondence,adaptation,Hörspielbearbeitung,Etty Hillesum,Etty Hillesum,Elisabeth Weilenmann,https://hoerspiele.dra.de/detailansicht/5051454,Etty Hillesum
477,Die wirkliche Lämmchenhaftigkeit,2026,21.02.2026,DRA,Deutschlandfunk,Autobiographical lives,original radio play,Originalhörspiel,Five people seeking a childhood,Ursula Krechel,Matthias Kapohl,https://hoerspiele.dra.de/detailansicht/5050267,Five
478,Bananen-Heinz,1983,1983,Wirklichkeit,Hessischer Rundfunk,Curated documentary close readings,feature / documentary,Feature / documentary radio work,"Heinz Banz, a street vendor",Ror Wolf,Ror Wolf,https://wirklichkeitimradio.de/stueck/bananen-heinz/,Heinz
479,So long good-bye,1978,1978,Wirklichkeit,Westdeutscher Rundfunk,Curated documentary close readings,feature / documentary,Feature / documentary radio work,The production of a pop single,Harun Farocki,Harun Farocki,https://wirklichkeitimradio.de/stueck/so-long-goodbye/,So long good-bye
480,Ein weites dunkles Land,1982,1982,Wirklichkeit,Sender Freies Berlin,Curated documentary close readings,feature / documentary,Feature / documentary radio work,Psychiatric patients,Klaus Lindemann,Klaus Lindemann,https://wirklichkeitimradio.de/stueck/ein-weites-dunkles-land/,Klaus Lindemann
481,"Gar nicht so einfach, sich am Leben vorbeizuschleifen",1981,1981,Wirklichkeit,RIAS Berlin,Curated documentary close readings,feature / documentary,Feature / documentary radio work,"Erich Graf, the last knife grinder in Berlin",Andreas Schroth und Gabriele Thaler,Götz Naleppa,https://wirklichkeitimradio.de/stueck/gar-nicht-so-einfach-sich-am-leben-vorbeizuschleifen/,Erich Graf
482,Mein Partner Hansipiepchen,1973,1973,Wirklichkeit,Radio Bremen,Curated documentary close readings,feature / documentary,Feature / documentary radio work,An unnamed woman in West Berlin,Charlotte Niemann und Matthias Niemann,Unbekannt (wahrscheinlich Charlotte Niemann),https://wirklichkeitimradio.de/stueck/mein-partner-hansipiepchen/,Mein Partner Hansipiepchen
483,Springtime it brings on the shearing,1987,1987,Wirklichkeit,Sender Freies Berlin / Australian Broadcasting Corporation (A.B.C.),Curated documentary close readings,feature / documentary,Feature / documentary radio work,Kaye Mortley and Australian sheep shearers,Kaye Mortley,Kaye Mortley,https://wirklichkeitimradio.de/stueck/springtime-it-brings-on-the-shearing/,Kaye Mortley
484,Der dicke Lipinski,1989,1989,Wirklichkeit,Rundfunk der DDR,Curated documentary close readings,feature / documentary,Feature / documentary radio work,Hans Lipinski,Sieglinde Scholz-Amoulong,die Autorin,https://wirklichkeitimradio.de/stueck/der-dicke-lipinski/,Image
485,Die Callas — Beschreibung einer Leidenschaft,1987,1987,Wirklichkeit,Süddeutscher Rundfunk / Norddeutscher Rundfunk / Westdeutscher Rundfunk / Sender Freies Berlin,Curated documentary close readings,feature / documentary,Feature / documentary radio work,Maria Callas,Claudia Wolff,Barbara Entrup,https://wirklichkeitimradio.de/stueck/die-callas-beschreibung-einer-leidenschaft/,Callas
486,Vorname Jonas,1990,Januar 1990,Wirklichkeit,Berliner Rundfunk,Curated documentary close readings,feature / documentary,Feature / documentary radio work,"Jonas, a boy in the GDR child welfare system",Thomas Heise,,https://wirklichkeitimradio.de/stueck/vorname-jonas/,Jonas
487,Mirjam,1975,1975,Wirklichkeit,Radio Bremen,Curated documentary close readings,feature / documentary,Feature / documentary radio work,Mirjam,Werner Meyke,der Autor,https://wirklichkeitimradio.de/stueck/mirjam/,Mirjam Ich
488,Jetzt,1998,1998,Wirklichkeit,Deutschlandradio Berlin,Curated documentary close readings,feature / documentary,Feature / documentary radio work,Six students documenting the present moment,"Norbert Zähringer, Uta Richter, Stella Luncke, Julia Miehe, Zabin Kaiser, Constanze Fröhlich und vielen anderen Studenten des Theaterwissenschaftlichen Seminars der Humboldt Universität Berlin",Robert Matejka,https://wirklichkeitimradio.de/stueck/jetzt/,Jetzt
489,Verkaufskanonen,1976,1976,Wirklichkeit,Westdeutscher Rundfunk,Curated documentary close readings,feature / documentary,Feature / documentary radio work,Market criers and street vendors,Henryk M. Broder,Hans Gerd Krogmann,https://wirklichkeitimradio.de/stueck/verkaufskanonen/,Sales
490,"Steh auf, es ist Krieg!",1986,1986,Wirklichkeit,Sender Freies Berlin / Deutschlandfunk / Norddeutscher Rundfunk / Radio Bremen / Südwestfunk,Curated documentary close readings,feature / documentary,Feature / documentary radio work,Soviet civilians and German soldiers in the Second World War,Paul Kohl,Wolfgang Bauernfeind,https://wirklichkeitimradio.de/stueck/steh-auf-es-ist-krieg/,Soviet Union
491,Die Bidonvilles von Paris,1967,1967,Wirklichkeit,Süddeutscher Rundfunk,Curated documentary close readings,feature / documentary,Feature / documentary radio work,Residents of the bidonvilles of Paris,Hubert Fichte,Imo Wilimzig,https://wirklichkeitimradio.de/stueck/die-bidonvilles-von-paris/,Bidonvilles
492,Schnee auf Pflaumenblüte,2004,2004,Wirklichkeit,Rundfunk Berlin-Brandenburg / Norddeutscher Rundfunk,Curated documentary close readings,feature / documentary,Feature / documentary radio work,People in spring,Malte Jaspersen,der Autor,https://wirklichkeitimradio.de/stueck/schnee-auf-pflaumenbluete/,Schnee
493,Angst haben fast alle,2023,07.02.2023,DLF/DLF Kultur,Westdeutscher Rundfunk / Deutschlandfunk,Social documentary lives,feature / documentary,Feature,Homeless people,Johanna Tirnthal und Timo Stukenberg,"Johanna Tirnthal Es sprachen: Inka Löwendorf, Mareike Hein und Laszlo Kish Technische Realisation: Eric Michels Redaktion: Thomas Nachtigall, Wolfgang Schiller",https://www.hoerspielundfeature.de/angst-haben-fast-alle-100.html,Arson
494,Verlorene Freiheit,2026,26.05.2026,DLF/DLF Kultur,Deutschlandfunk,Social documentary lives,feature / documentary,Feature,Zahra and Afghan women under Taliban rule,Vanessa Schlesier,Dörte Fiedler,https://www.hoerspielundfeature.de/feature-verlorene-freiheit-100.html,Fatima; Zahra; Zainab
495,Eingraviert,2026,23.05.2026,DLF/DLF Kultur,Deutschlandfunk,Social documentary lives,feature / documentary,Feature,Christin and her tattoo studio clients,Gülseren Sengezer,die Autorin,https://www.hoerspielundfeature.de/feature-eingraviert-100.html,Christin and the tattoo studio clients
496,Terror auf der Tanzfläche (1/2),2020,14.12.2020,DLF/DLF Kultur,Deutschlandfunk Kultur,Curated documentary close readings,other,Kriminalhörspiel,The La Belle bombing suspect,Viviane Koppelmann,Eva Solloch,https://www.hoerspielundfeature.de/la-belle-teil-1-krimi-terror-auf-der-tanzflaeche-100.html,La Belle
497,Unsere vergorenen Wunden,2024,2024,DLF/DLF Kultur,Deutschlandfunk,Curated documentary close readings,other,Hörspiel,A psychoanalysis patient,Katrin Pitz,Matthias Kapohl Dramaturgie: Sabine Küchler,https://www.hoerspielundfeature.de/unsere-vergorenen-wunden-100.html,Psychogram
498,doku drops 12: (Un)Vergessen,2026,09.05.2026,DLF/DLF Kultur,Deutschlandfunk,Autobiographical lives,feature / documentary,Feature,Forgotten and suppressed memories,Zusammenstellung und Moderation: Judith Geffert und Ingo Kottkamp,,https://www.hoerspielundfeature.de/doku-drops-12-unvergessen-100.html,Eine Hungersnot
499,Ländliche Küche in Zentralfrankreich,2008,2008,DLF/DLF Kultur,Deutschlandfunk / Hessischer Rundfunk,Curated documentary close readings,other,Hörspiel,A pedantic chef,Harry Mathews,Jean-Claude Kuner,https://www.hoerspielundfeature.de/laendliche-kueche-in-zentralfrankreich-106.html,Ein pedantischer Koch
500,Prinzenbad,2026,02.05.2026,DLF/DLF Kultur,Deutschlandfunk,Social documentary lives,feature / documentary,Feature,Ralf Bei der Kellen and Prinzenbad regulars,Ralf Bei der Kellen,,https://www.hoerspielundfeature.de/feature-prinzenbad-100.html,Ralf Bei
501,Liebe in Zeiten der Schichtarbeit,2019,24.05.2019,DLF/DLF Kultur,Deutschlandfunk,Autobiographical lives,feature / documentary,Feature,People connected by a Leipzig notebook,Marcel Raabe und Manuel Waltz,"Matthias Kapohl Es sprachen: Aischa Lina Löbbert, Gustav Schmidt und Sören Wunderlich",https://www.hoerspielundfeature.de/ostdeutsche-leben-2-4-liebe-in-zeiten-der-schichtarbeit-100.html,Leipzig
502,Immer der Nase nach – vom Stallgeruch bis zum Stinkefinger,2026,24.04.2026,DLF/DLF Kultur,Deutschlandfunk,Curated documentary close readings,feature / documentary,Feature,The sense of smell,Henrik von Holtum,der Autor,https://www.hoerspielundfeature.de/immer-der-nase-nach-vom-stallgeruch-bis-zum-stinkefinger-104.html,Nase
503,Iolanda,2026,04.04.2026,DLF/DLF Kultur,Deutschlandfunk / SWR Kultur,Social documentary lives,feature / documentary,Feature,Orlanda Sassu,Giorgia Cadeddu und Vittoria Soddu,Christian Lerch und Ingo Kottkamp,https://www.hoerspielundfeature.de/iolanda-eine-poetin-aus-sardinien-100.html,Orlanda Sassus Stimme
504,Doña Dora und die Wüste,2025,08.04.2025,DLF/DLF Kultur,Deutschlandfunk / SWR Kultur,Social documentary lives,feature / documentary,Feature,Migrants crossing the Arizona desert and their helpers,Arndt Peltner,Friederike Wigger Redaktion: Christiane Habermalz Deutschlandfunk/SWR-Kultur 2025,https://www.hoerspielundfeature.de/dona-dora-und-die-wueste-100.html,Between
505,"Eigenbedarf, Umverteilung und ein Fernsehpromi",2024,20.12.2024,DLF/DLF Kultur,Deutschlandfunk,Social documentary lives,other,Dlf Doku Serie,"Karen, the author looking for a room of her own",Karen Muster,Karen Muster,https://www.hoerspielundfeature.de/feature-ein-zimmer-fuer-mich-allein-und-jetzt-eigenbedarf-umverteilung-100.html,The author
506,"Kleine Wohnung, Deadlines und Luxusprobleme",2024,20.12.2024,DLF/DLF Kultur,Deutschlandfunk,Social documentary lives,other,Dlf Doku Serie,"Karen, the author looking for a room of her own",Karen Muster,Karen Muster,https://www.hoerspielundfeature.de/feature-zimmer-fuer-mich-allein-kleine-wohnung-100.html,The author
507,Heroin im Alter,2024,12.10.2024,DLF/DLF Kultur,Deutschlandfunk Kultur / Norddeutscher Rundfunk,Social documentary lives,feature / documentary,Feature,Older heroin users in Hannover,Jörn Klare,Cordula Dickmeiß,https://www.hoerspielundfeature.de/heroin-im-alter-100.html,Heroin
508,Feature,2026,,DLF/DLF Kultur,Deutschlandfunk Kultur,Social documentary lives,feature / documentary,Feature,Feature authors and documentary makers,"Sengezer, Gülseren",,https://www.hoerspielundfeature.de/feature-100.html,Feature authors and documentary makers
509,NIEWIEDERGUT oder Darf jetzt wirklich ein Jude der König von Bayern sein,2025,2025,DLF/DLF Kultur,Bayerischer Rundfunk,Social documentary lives,other,Hörspiel,Philipp Auerbach,Dana von Suffrin,Christiane Huber Regieassistenz: Jakob Roth,https://www.hoerspielundfeature.de/hoerspiel-des-monats-dezember-2025-nie-wieder-gut-100.html,German Academy
510,Hörspiel,2026,,DLF/DLF Kultur,Deutschlandfunk,Autobiographical lives,other,Hörspiel,"Classic literary, dramatic, and sound-art subjects","Seiberlich, Pauline; Wenzel, Ingrid",,https://www.hoerspielundfeature.de/hoerspiel-100.html,Classics
511,Wolfwelt,2021,03.10.2021,DLF/DLF Kultur,Deutschlandfunk Kultur,Curated documentary close readings,other,Hörspiel,People confronting nationalist violence and suppressed responsibility,Gerhild Steinbuch,Henri Hüster,https://www.hoerspielundfeature.de/hoerspiel-ueber-nationalistische-gewalt-wolfwelt-100.html,Culture
512,Die Callas – Beschreibung einer Leidenschaft (2/2),1987,1987,DLF/DLF Kultur,Süddeutscher Rundfunk / Norddeutscher Rundfunk / Westdeutscher Rundfunk / Sender Freies Berlin,Curated documentary close readings,feature / documentary,Feature,Maria Callas,Claudia Wolff,Barbara Entrup,https://www.hoerspielundfeature.de/reihe-wirklichkeit-im-radio-die-callas-beschreibung-einer-leidenschaft-teil-2-100.html,Musik zum Thema
513,Die Callas - Beschreibung einer Leidenschaft (1/2),1987,1987,DLF/DLF Kultur,Süddeutscher Rundfunk / Norddeutscher Rundfunk / Westdeutscher Rundfunk / Sender Freies Berlin,Curated documentary close readings,feature / documentary,Feature,Maria Callas,Claudia Wolff,Barbara Entrup,https://www.hoerspielundfeature.de/reihe-wirklichkeit-im-radio-die-callas-beschreibung-einer-leidenschaft-teil-1-100.html,Die Autorin
514,Lone Star (2/2),2024,12.11.2024,DLF/DLF Kultur,Deutschlandfunk Kultur,Portrait catalogue,feature / documentary,Feature,A woman from a Texas town who grew up on a meth farm,Sonya Schönberger,Anouschka Trocker,https://www.hoerspielundfeature.de/lone-star-texas-feature-teil-2-100.html,Texas
515,Ich bin der Ursprung von allem,2006,26.12.2006,DLF/DLF Kultur,Deutschlandradio Kultur / Hessischer Rundfunk,Portrait catalogue,other,Hörstück,Kazimir Malevich,Kasimir Malewitsch,,https://www.hoerspielundfeature.de/kunststuecke-ich-bin-der-ursprung-von-allem-100.html,Kazimir Malevich
516,Mein Freund Lennie oder die Reise,2017,17.09.2017,DLF/DLF Kultur,Hessischer Rundfunk / Deutschlandfunk Kultur / Rundfunk Berlin-Brandenburg,Social documentary lives,other,Hörspiel,Ulrich Gerhardt and Lennie Cujé,Ulrich Gerhardt,der Autor,https://www.hoerspielundfeature.de/wiedersehen-nach-70-jahren-mein-freund-lennie-oder-die-reise-100.html,Ulrich Gerhardt
517,Die Konferenz der Flüsse (5/6) - Stimmen im Fluss,2023,18.11.2023,DLF/DLF Kultur,Deutschlandfunk Kultur,Social documentary lives,other,Hörspiel,"The rivers Garonne and Jordan, and the conference participants",Denise Reimann und Frank Raddatz,Leopold von Verschuer,https://www.hoerspielundfeature.de/die-konferenz-der-fluesse-teil-05-100.html,Climate
518,Bananen-Heinz,1983,1983,DLF/DLF Kultur,Hessischer Rundfunk,Curated documentary close readings,feature / documentary,Feature,"Heinz Banz, a street vendor",Ror Wolf,der Autor,https://www.hoerspielundfeature.de/reihe-wirklichkeit-im-radio-bananen-heinz-100.html,Heinz
519,Leicht leben ,2021,10.01.2021,DLF/DLF Kultur,Deutschlandfunk,Social documentary lives,feature / documentary,Freistil,The sanguine personality type,Michael Reitz,Uta Reitz Es sprachen: Lola Klamroth und Nils Kretschmer,https://www.hoerspielundfeature.de/sanguiniker-zwischen-spass-und-unvernunft-leicht-leben-100.html,Superficial
520,Ich war ein praktisches Mädchen - Das ukrainische Tagebuch meiner Mutter,2022,17.05.2022,DLF/DLF Kultur,Deutschlandfunk,Diaries and self-records,feature / documentary,Feature,"Irina Rogosa, Mark Zak's mother and a Ukrainian doctor","Zak, Mark",,https://www.hoerspielundfeature.de/ich-war-ein-praktisches-maedchen-das-ukrainische-tagebuch-meiner-mutter-dlf-dc7a1484-100.html,Classics
521,Ich war ein praktisches Mädchen,2022,17.05.2022,DLF/DLF Kultur,Deutschlandfunk,Diaries and self-records,feature / documentary,Feature,"Irina Rogosa, Mark Zak's mother and a Ukrainian doctor",Mark Zak,"Friederike Wigger Es sprachen: Margarita Breitkreiz, Winnie Böwe, Daniel Minetti und der Autor",https://www.hoerspielundfeature.de/ich-war-ein-praktisches-maedchen-100.html,Mädchen Das
522,Anne Lister - Eine erotische Biografie,2022,2022,DLF/DLF Kultur,Hessischer Rundfunk,Autobiographical lives,other,Hörspiel,Anne Lister,Angela Steidele,"Luise Voigt Komposition: Hans Peter Kuhn Mit Annika Schilling, Bettina Hoppe, Katja Bürkle, Valery Tscheplanowa, Stephanie Eidt u",https://www.hoerspielundfeature.de/anne-lister-100.html,Anne Lister
523,Montauk (2/2),2011,2011,DLF/DLF Kultur,Südwestrundfunk / Schweizer Radio DRS,Autobiographical lives,other,Hörspiel,Max Frisch,Bearbeitung und Regie: Leonhard Koppelmann,Leonhard Koppelmann,https://www.hoerspielundfeature.de/hoerspiel-nach-max-frisch-montauk-2-100.html,Max Frisch
524,Hörspiel des Monats: Ein Schwarm Regenbrachvögel,2004,05.06.2004,DLF/DLF Kultur,Hessischer Rundfunk,Curated documentary close readings,other,Hörspiel,"Maarten, a 30-year-old man in a pietistic Dutch village",Maarten’t Hart,Norbert Schaeffer HR 2004/68'22,https://www.hoerspielundfeature.de/hoerspiel-hoerspiel-des-monats-ein-schwarm-regenbrachvoegel-100.html,Maarten’t Hart
525,Die Angestellten,2025,12.04.2025,DLF/DLF Kultur,Deutschlandfunk Kultur,Social documentary lives,other,Hörspiel,"The crew of spaceship 6000, humans and humanoids",dem Roman von Olga Ravn,Henri Hüster Dramaturgie: Christine Grimm Deutschlandfunk Kultur 2025,https://www.hoerspielundfeature.de/die-angestellten-poetische-dystopie-von-olga-ravn-100.html,Arbeitswelt an Bord des Raumschiffs 6000
526,Monument für eine Stimme,2023,06.06.2023,DLF/DLF Kultur,Deutschlandfunk Kultur,Curated documentary close readings,feature / documentary,Feature,Nadezhda Mandelstam,Lou Brouwers,der Autor,https://www.hoerspielundfeature.de/monument-fuer-eine-stimme-100.html,Nadezhda Mandelstam
527,Ein Held unserer Zeit,2008,17.05.2008,DLF/DLF Kultur,Deutschlandfunk / Hessischer Rundfunk / Südwestrundfunk,Social documentary lives,other,Hörspiel,"Pechorin, a young officer",Michail Lermontov,Oliver Sturm Komposition: Andreas Bick,https://www.hoerspielundfeature.de/hoerspiel-ein-held-unserer-zeit-100.html,Michail Lermontov
528,plus null komma fünf windstill,2008,14.05.2008,DLF/DLF Kultur,Deutschlandradio Kultur,Curated documentary close readings,original radio play,Originalhörspiel,young woman tracing her family history,Maria Kilpi,Christiane Ohaus,https://www.hoerspielundfeature.de/plus-null-komma-fuenf-windstill-100.html,Drama
529,Auf der Suche nach verschollenen Meisterwerken,2024,27.11.2024,DLF/DLF Kultur,Deutschlandfunk,Portrait catalogue,feature / documentary,Feature,"lost masterpieces by Van Gogh, Vermeer, and Raphael","Koldehoff, Stefan; Nichelmann, Johannes",,https://www.hoerspielundfeature.de/van-gogh-vermeer-raffael-auf-der-suche-nach-verschollenen-meisterwerken-dlf-f122d4c3-100.html,Van Gogh
530,Auf der Suche nach verschollenen Meisterwerken,2024,27.11.2024,DLF/DLF Kultur,Deutschlandfunk,Portrait catalogue,feature / documentary,Feature,"lost masterpieces by Van Gogh, Vermeer, and Raphael",Stefan Koldehoff und Johannes Nichelmann,"Johannes Nichelmann Redaktion: Tina Klopp und Dörte Fiedler Es sprachen: Anne Müller, Timmo Niesner, Gregor Höppner und Rosario Bona",https://www.hoerspielundfeature.de/feature-van-gogh-vermeer-raffael-100.html,Van Gogh
531,Der dicke Lipinski,1989,1989,DLF/DLF Kultur,Rundfunk der DDR,Curated documentary close readings,portrait,"Porträt, Feature",Hans Lipinski,Sieglinde Scholz-Amoulong,die Autorin,https://www.hoerspielundfeature.de/reihe-wirklichkeit-im-radio-der-dicke-lipinski-100.html,Hans Lipinski
532,Sasha Marianna Salzmann stört das Schema,2021,29.10.2021,DLF/DLF Kultur,Deutschlandfunk,Curated documentary close readings,portrait,"Porträt, Feature",Sasha Marianna Salzmann,Jenny Marrenbach,die Autorin Es sprach: Peggy Bachmann Technische Realisation: Michael Kube Redaktion: Tina Klopp,https://www.hoerspielundfeature.de/frauenliteraturmonat-sasha-marianna-salzmann-stoert-das-100.html,Sasha Marianna Salzmann
533,Achim Freyer trifft Don Giovanni am Checkpoint Charlie,2022,19.08.2022,DLF/DLF Kultur,Deutschlandfunk Kultur / Südwestrundfunk,Social documentary lives,sound art,"Klangkunst, Porträt",Achim Freyer,Alvin Curran,,https://www.hoerspielundfeature.de/klangkunst-achim-freyer-trifft-100.html,Achim Freyer
534,Achim Freyer trifft Don Giovanni am Checkpoint Charlie,2022,19.08.2022,DLF/DLF Kultur,Deutschlandfunk Kultur / Südwestrundfunk,Social documentary lives,sound art,"Klangkunst, Porträt",Achim Freyer,"Curran, Alvin",,https://www.hoerspielundfeature.de/achim-freyer-trifft-don-giovanni-am-checkpoint-charlie-dlf-kultur-95b4978e-100.html,Achim Freyer
535,Der Legendenseher,2020,24.07.2020,DLF/DLF Kultur,Deutschlandfunk,Social documentary lives,portrait,"Porträt, Feature",Sergei Paradschanow,"Guthmann, Daniel",,https://www.hoerspielundfeature.de/der-legendenseher-erinnerungen-an-sergej-paradschanow-dlf-ffd60d9f-100.html,Armenian
536,Der Legendenseher,2020,24.07.2020,DLF/DLF Kultur,Deutschlandfunk,Social documentary lives,portrait,"Porträt, Feature",Sergei Paradschanow,Daniel Guthmann,"der Autor Es sprachen: Daniel Berger, Lisa Biehl, Edda Fischer, Jochen Langner, Martin Reinke und David Vormweg",https://www.hoerspielundfeature.de/erinnerungen-an-sergei-paradschanow-der-legendenseher-100.html,Sergei Paradschanow
537,Maestro der Comebacks,2023,03.01.2023,DLF/DLF Kultur,Westdeutscher Rundfunk / Deutschlandfunk Kultur,Portrait catalogue,portrait,"Porträt, Feature",João Carlos Martins,Jean-Claude Kuner,der Autor,https://www.hoerspielundfeature.de/maestro-der-comebacks-100.html,João Carlos Martins
538,Es brummt,2003,2003,DLF/DLF Kultur,DeutschlandRadio Berlin,Curated documentary close readings,feature / documentary,Feature,the mysterious low-frequency hum,Beate Mayer,Beate Mayer,https://www.hoerspielundfeature.de/mysterioeser-tiefton-es-brummt-100.html,Beate Mayer went in search
539,Der Fall Padura,2022,2022,DLF/DLF Kultur,Deutschlandfunk,Social documentary lives,portrait,"Porträt, Feature",Leonardo Padura,Peter B. Schumann,Philippe Brühl,https://www.hoerspielundfeature.de/der-fall-padura-100.html,A famous author whose work
540,Weidwerk,2021,29.01.2021,DLF/DLF Kultur,Südwestrundfunk / Deutschlandfunk,Social documentary lives,portrait,"Porträt, Feature",Pauline de Bok,Rilo Chmielorz,die Autorin Es sprachen: Eva Brunner und Robert Meller,https://www.hoerspielundfeature.de/portrait-einer-jaegerin-weidwerk-100.html,Jägerin Pauline de Bok
541,Vom Glück der Abwechslung,2021,18.12.2021,DLF/DLF Kultur,Deutschlandfunk,Autobiographical lives,portrait,"Hörspiel, Porträt",Sven-Ingo Koch,Nora Bauer,,https://www.hoerspielundfeature.de/portrait-sven-ingo-koch-100.html,Vom Glück der Abwechslung
542,Kevin,2016,2016,DLF/DLF Kultur,Deutschlandradio Kultur,Social documentary lives,feature / documentary,Feature,Kevin,Massimo Maio,,https://www.hoerspielundfeature.de/eine-jugend-am-rand-der-grossstadt-kevin-100.html,Kevin Von Massimo Maio
543,"Die Pionierin der Sexualwissenschaft, Charlotte Wolff, bittet um die Hand",2014,2014,DLF/DLF Kultur,Deutschlandfunk,Curated documentary close readings,portrait,"Hörspielmagazin, Porträt",Charlotte Wolff,Ursula Krechel,Burkhard Reinartz,https://www.hoerspielundfeature.de/frauenstimmen-portrait-der-sexualwissenschaftlerin-100.html,Charlotte Wolff
544,Sprachmusik,2021,30.03.2021,DLF/DLF Kultur,Deutschlandfunk,Autobiographical lives,portrait,Hörspielmagazin,Dietrich Petzold,Nora Bauer,,https://www.hoerspielundfeature.de/portrait-des-hoerspiel-komponisten-dietrich-petzold-100.html,Dietrich Petzold
545,Neues aus der Welt der Akustischen Kunst,2021,30.03.2021,DLF/DLF Kultur,Deutschlandfunk,Autobiographical lives,other,Hörspielmagazin,Dietrich Petzold,"Küchler, Sabine",,https://www.hoerspielundfeature.de/hoerspielmagazin-04-21-neues-aus-der-welt-der-akustischen-100.html,Dietrich Petzold
546,Der türkische Komponist Emre Dündar,2021,02.02.2021,DLF/DLF Kultur,Deutschlandfunk,Autobiographical lives,portrait,Hörspielmagazin,Emre Dündar,Franziska Buhre,,https://www.hoerspielundfeature.de/portrait-der-tuerkische-komponist-emre-duendar-100.html,Emre Dündar
547,Neues aus der Welt der Akustischen Kunst,2021,02.02.2021,DLF/DLF Kultur,Deutschlandfunk,Autobiographical lives,other,Hörspielmagazin,Emre Dündar,Moderation: Anna Seibt,,https://www.hoerspielundfeature.de/hoerspielmagazin-02-21-neues-aus-der-welt-der-akustischen-100.html,Emre Dündar
548,Hörspielmagazin 09/20: Portrait Martin Schütz (Podcast),2020,01.09.2020,DLF/DLF Kultur,Deutschlandfunk,Autobiographical lives,portrait,Hörspielmagazin,Martin Schütz,"Bauer, Nora",,https://www.hoerspielundfeature.de/hoerspielmagazin-09-20-portrait-martin-schuetz-podcast-dlf-8320ec4f-100.html,Classics
549,Hörspielmagazin 08/20: Portrait Hardy Kurda (Podcast),2020,28.07.2020,DLF/DLF Kultur,Deutschlandfunk,Autobiographical lives,portrait,Hörspielmagazin,Hardy Kurda,"Klatte, Tina",,https://www.hoerspielundfeature.de/hoerspielmagazin-08-20-portrait-hardy-kurda-podcast-dlf-09bde680-100.html,Classics
550,Hörspielmagazin 07/20: Portrait AnniKa von Trier (Podcast),2020,30.06.2020,DLF/DLF Kultur,Deutschlandfunk,Autobiographical lives,portrait,Hörspielmagazin,AnniKa von Trier,"Bauer, Nora",,https://www.hoerspielundfeature.de/hoerspielmagazin-07-20-portrait-annika-von-trier-podcast-dlf-8d98c01c-100.html,Classics
551,Hörspielmagazin 06/ 20 - Portrait Volkan T(Podcast),2020,02.06.2020,DLF/DLF Kultur,Deutschlandfunk,Autobiographical lives,portrait,Hörspielmagazin,Volkan T.,"Murrenhoff, Sarah",,https://www.hoerspielundfeature.de/hoerspielmagazin-06-20-portrait-volkan-t-podcast-dlf-b38182b7-100.html,Classics
552,Neues aus der Welt der akustischen Kunst,2020,02.06.2020,DLF/DLF Kultur,Deutschlandfunk,Autobiographical lives,other,Hörspielmagazin,Benjamin Maack / Volkan T.,"Küchler, Sabine",,https://www.hoerspielundfeature.de/hoerspielmagazin-06-20-neues-aus-der-welt-der-akustischen-100.html,Benjamin Maack
553,Ausgrabung einer Utopie,2020,02.05.2020,DLF/DLF Kultur,Deutschlandfunk Kultur,Curated documentary close readings,feature / documentary,Feature,Free Republic of Wendland,Rosa Hannah Ziegler,die Autorin,https://www.hoerspielundfeature.de/40-jahre-freie-republik-wendland-ausgrabung-einer-utopie-100.html,The Free Republic of Wendland
554,Im Schatten des amerikanischen Traums,2020,2020,DLF/DLF Kultur,Rundfunk Berlin-Brandenburg,Curated documentary close readings,portrait,"Porträt, Feature",David Wojnarowicz,Jean-Claude Kuner,der Autor,https://www.hoerspielundfeature.de/tagebuecher-eines-radikalen-kuenstlers-im-schatten-des-100.html,David Wojnarowicz
555,Jane Eyre (1/3),2005,2005,DLF/DLF Kultur,Saarländischer Rundfunk / Deutschlandradio Kultur / Norddeutscher Rundfunk / Radio Bremen,Social documentary lives,adaptation,Hörspielbearbeitung,Jane Eyre,dem gleichnamigen Roman von Charlotte Brontë,Christiane Ohaus,https://www.hoerspielundfeature.de/jane-eyre-teil-1-wiederholung-100.html,Charlotte Brontë
556,Albatros,2022,2022,DLF/DLF Kultur,Autorenproduktion,Social documentary lives,original radio play,Originalhörspiel,"Robert, a homeless man",Mario Willms,,https://www.hoerspielundfeature.de/albatros-100.html,"Robert, a homeless man"
557,BRUDER. Eine deutsch-litauische Geschwistergeschichte ,2020,05.05.2020,DLF/DLF Kultur,Bauhaus-Universität Weimar,Curated documentary close readings,feature / documentary,Feature,Jurate Braginaite and her brother,Jurate Braginaite,,https://www.hoerspielundfeature.de/feature-bruder-eine-geschichte-in-drei-teilen-100.html,Lithuania
558,Wolfgang – Ein Leben auf 20.000 Kassetten	,2022,2022,DLF/DLF Kultur,Westdeutscher Rundfunk,Social documentary lives,portrait,"Porträt, Feature",Wolfgang Seelbinder,Christian Collet,Nicolai von Koslowski,https://www.hoerspielundfeature.de/wolfgang-ein-leben-auf-20000-kassetten-100.html,After
559,Amerika der Träume ,2022,2022,DLF/DLF Kultur,Südwestrundfunk,Social documentary lives,portrait,"Porträt, Feature",Paul Auster,Thomas David,Maidon Bader,https://www.hoerspielundfeature.de/amerika-der-traeume-100.html,Thomas David
560,Generation U,2026,24.02.2026,DLF/DLF Kultur,Deutschlandfunk / SWR Kultur,Social documentary lives,feature / documentary,Feature,Ukrainian children and teenagers in Germany,Inga Lizengevic,"die Autorin Es sprachen: Zeynep Bozbay, Lisa Hrdina, Timo Weisschnur und die Autorin",https://www.hoerspielundfeature.de/generation-u-100.html,Ukraine
561,"Erzählen, wie es weitergeht",2024,17.02.2024,DLF/DLF Kultur,Deutschlandfunk,Autobiographical lives,original radio play,Hörspiel,loneliness,Jürgen Becker,Matthias Kapohl,https://www.hoerspielundfeature.de/erzaehlen-wie-es-weitergeht-100.html,"Einsamkeit Erzählen, wie es weitergeht 50"
562,Heimgesucht,2025,11.11.2025,DLF/DLF Kultur,Deutschlandfunk / Filmuniversität Babelsberg,Curated documentary close readings,feature / documentary,Feature,former child convalescent-home patients,Silas Degen,Silas Degen Redaktion: Jenny Marrenbach,https://www.hoerspielundfeature.de/heimgesucht-100.html,Johannaberg Heimgesucht
563,doku drops 6: Old Tapes,2025,04.11.2025,DLF/DLF Kultur,Deutschlandfunk Kultur,Autobiographical lives,feature / documentary,Feature,old tape recordings and half-forgotten voices,Zusammenstellung und Moderation: Judith Geffert und Ingo Kottkamp,,https://www.hoerspielundfeature.de/doku-drops-6-old-tapes-100.html,They
564,Der Afrik,2025,04.10.2025,DLF/DLF Kultur,Südwestrundfunk,Curated documentary close readings,adaptation,Hörspielbearbeitung,banished outsider from Pfaffenweiler,dem gleichnamigen Roman von Sven Recker,Nicole Paulsen,https://www.hoerspielundfeature.de/hoerspiel-des-monats-september-2025-der-afrik-100.html,Sven Recker
565,Warum vergessen wir Dinge?,2025,05.09.2025,DLF/DLF Kultur,Deutschlandfunk Kultur,Curated documentary close readings,other,Kakadu,forgetting and memory,"Braun, Babette",,https://www.hoerspielundfeature.de/warum-vergessen-wir-dinge-100.html,Forgetting and memory
566,Schwebende Brücken,2025,05.07.2025,DLF/DLF Kultur,Deutschlandfunk,Autobiographical lives,original radio play,Hörspiel,Schwebende Brücken,Maike Wetzel,Kai Grehn,https://www.hoerspielundfeature.de/hoerspiel-des-monats-juni-2025-schwebende-bruecken-100.html,Floating Bridges
567,Damenabteilung,2026,23.07.2026,DLF/DLF Kultur,Deutschlandfunk,Social documentary lives,feature / documentary,Feature,department store,Manuel Gogos und Christoph Spittler,Philippe Brühl Redaktion: Barbara Schäfer und Lisa Steck Deutschlandfunk 2025 Zu Teil 1 der Serie Konsum und Konkurs,https://www.hoerspielundfeature.de/konsum-und-konkurs-abschiedstour-durchs-warenhaus-2-6-100.html,Das Warenhaus
568,Alleestraße,2016,16.04.2016,DLF/DLF Kultur,Deutschlandfunk,Autobiographical lives,original radio play,Hörspiel,growing up in the Ruhr area in the 1960s and 1970s,Hörspiel von Roland E. Koch,Fabian von Freier,https://www.hoerspielundfeature.de/kindheit-und-jugend-alleestrasse-100.html,Growing
569,Die Stadt und die Stimmen,2020,26.03.2020,DLF/DLF Kultur,Deutschlandfunk,Autobiographical lives,original radio play,Hörspiel,Cologne,Hörstück von Karl-Heinz Stevens mit Texten von Jürgen Becker,Karl-Heinz Stevens,https://www.hoerspielundfeature.de/hoerspiel-ueber-koeln-die-stadt-und-die-stimmen-100.html,Köln Die Stadt
570,Rückkehr der Zauberflöte,2015,27.11.2015,DLF/DLF Kultur,Deutschlandfunk,Curated documentary close readings,feature / documentary,Feature,Anne-Katrin Probst,Mario Bandi,der Autor Es sprachen: Katherina Wolter und der Autor,https://www.hoerspielundfeature.de/ein-mongolisches-roadmovie-rueckkehr-der-zauberfloete-100.html,Anne-Katrin Probst
571,Also muss ich überleben!,2025,21.01.2025,DLF/DLF Kultur,Deutschlandfunk,Curated documentary close readings,feature / documentary,Feature,Savita Wagner,Manfred Bonson,"Matthias Kapohl Es sprachen: Picco von Groote, Nikolaus Benda, Judith Jakob, Jochen Langner und Claudia Mischke",https://www.hoerspielundfeature.de/also-muss-ich-ueberleben-100.html,Savita Wagner
572,Wer war Anne Frank?,2025,07.11.2025,DLF/DLF Kultur,Deutschlandfunk Kultur,Diaries and self-records,other,Kakadu,Anne Frank,"Voss, Regina",,https://www.hoerspielundfeature.de/wer-war-anne-frank-100.html,Anne Frank
573,"HERZBEFELLT, ein Nachrufen",2022,05.06.2022,DLF/DLF Kultur,Deutschlandfunk Kultur,Social documentary lives,original radio play,Hörspiel,Friederike Mayröcker,Frieda Paris,Ulrike Haage,https://www.hoerspielundfeature.de/herzbefellt-lyrischer-nachruf-auf-friederike-mayroecker-100.html,Frieda Paris
574,Die vier Söhne des Dr. March,2003,2003,DLF/DLF Kultur,Deutschlandfunk / Saarländischer Rundfunk,Diaries and self-records,adaptation,"Hörspielbearbeitung, Kriminalhörspiel","Jeanie, a housemaid",Brigitte Aubert,Beatrix Ackers,https://www.hoerspielundfeature.de/krimi-die-vier-soehne-des-dr-march-100.html,Ein Hausmädchen
575,Schießbuden haben noch immer einen Reiz für mich,2009,11.03.2009,DLF/DLF Kultur,Deutschlandradio Kultur,Curated documentary close readings,adaptation,Hörstück,Ré Soupault,Hörstück mit unveröffentlichten Texten von Ré Soupault von Andra Joeckle,Christina Nagel,https://www.hoerspielundfeature.de/schiessbuden-haben-noch-immer-einen-reiz-fuer-mich-100.html,Ré Soupault
576,Zwischen allen Stühlen (3/3),1999,1999,DLF/DLF Kultur,DeutschlandRadio Berlin / Sender Freies Berlin-Ostdeutscher Rundfunk Brandenburg,Autobiographical lives,adaptation,Hörspielbearbeitung,Victor Klemperer,Victor Klemperer,Peter Groeger,https://www.hoerspielundfeature.de/zwischen-allen-stuehlen-3-3-100.html,Victor Klemperer
577,Zwischen allen Stühlen (2/3),1999,1999,DLF/DLF Kultur,DeutschlandRadio Berlin / Sender Freies Berlin-Ostdeutscher Rundfunk Brandenburg,Autobiographical lives,adaptation,Hörspielbearbeitung,Victor Klemperer,Victor Klemperer,Peter Groeger,https://www.hoerspielundfeature.de/zwischen-allen-stuehlen-2-3-100.html,Contemporary
578,Zeugnis ablegen (2/6),2019,11.09.2019,DLF/DLF Kultur,DeutschlandRadio Berlin / Ostdeutscher Rundfunk Brandenburg,Autobiographical lives,adaptation,Hörspielbearbeitung,Victor Klemperer,Victor Klemperer,Peter Groeger,https://www.hoerspielundfeature.de/die-tagebuecher-des-victor-klemperer-teil-5-100.html,Contemporary
579,Flog ein Vogel federlos,2024,15.06.2024,DLF/DLF Kultur,Deutschlandfunk / Bayerischer Rundfunk,Curated documentary close readings,original radio play,Hörspiel,girl with anorexia,Christine Nagel,die Autorin,https://www.hoerspielundfeature.de/flog-ein-vogel-federlos-100.html,Magersucht Flog ein Vogel federlos 76
580,Tagebuch 1985–1989,2026,,DLF/DLF Kultur,,Diaries and self-records,sound art,Klangkunst,,Sándor Márai,Klaus Buhlert,https://www.hoerspielundfeature.de/tagebuch-wh-100.html,Sándor Márai
581,Liebe in Zeiten der Schichtarbeit,2023,,DLF/DLF Kultur,,Autobiographical lives,feature / documentary,Feature,,"Raabe, Marcel; Waltz, Manuel",,https://www.hoerspielundfeature.de/liebe-in-zeiten-der-schichtarbeit-dlf-c483e783-100.html,Leipzig
582,Meine liebe Änne!,2023,,DLF/DLF Kultur,,Social documentary lives,feature / documentary,Feature,,Ricarda Bethke,Thomas Zenke,https://www.hoerspielundfeature.de/meine-liebe-aenne-wh-100.html,Ricarda Bethke
583,Erinnern und verklären,2023,,DLF/DLF Kultur,,Social documentary lives,feature / documentary,Feature,,Almut Schnerring und Sascha Verlan,"die Autoren Es sprachen: Janina Sachau, Sigrid Burkholder, Isis Krüger, Matthias Haase und Martin Bross",https://www.hoerspielundfeature.de/elterntagebuecher-aus-zwei-jahrhunderten-erinnern-und-100.html,Every
584,Natur an Autorin - Autorin an Natur,2024,,DLF/DLF Kultur,,Social documentary lives,other,Freistil,,Elke Heinemann,Martin Zylka Redaktion Dlf: Klaus Pilger,https://www.hoerspielundfeature.de/freistil-natur-an-autorin-100.html,Nature Writing
585,Zeitenwende,2022,,DLF/DLF Kultur,,Social documentary lives,feature / documentary,Feature,,Heike Tauch,die Autorin,https://www.hoerspielundfeature.de/ein-deutsch-deutsches-seniorenhaus-und-seine-geschichten-100.html,West
586,LÉLÉ,2026,,DLF/DLF Kultur,,Social documentary lives,sound art,Klangkunst,,Sathyan Ramesh,Leonhard Koppelmann,https://www.hoerspielundfeature.de/hoerspiel-des-monats-mai-2025-lele-100.html,A man
587,Schubladen,2025,,DLF/DLF Kultur,,Curated documentary close readings,other,hoerspiel,,She She Pop,She She Pop,https://www.hoerspielundfeature.de/hoerspiel-ost-west-frauenbilder-schubladen-100.html,Biographies
588,Kein König in Israel,2026,,DLF/DLF Kultur,,Social documentary lives,sound art,Klangkunst,,Maxim Biller,,https://www.hoerspielundfeature.de/hoerspiel-des-monats-oktober-2024-kein-koenig-in-israel-100.html,"Jewish identity, the writer Jossl Brenner"
589,Hauptsache Hörspiel - Folge 25,2024,,DLF/DLF Kultur,,Letters and correspondence,other,Hörspiel,,"Steger, Hanna/ Malotki, Max von",,https://www.hoerspielundfeature.de/hauptsache-hoerspiel-folge-dlf-649e2aee-100.html,Folge
590,Briefe an mich,2024,,DLF/DLF Kultur,,Letters and correspondence,feature / documentary,Feature,,Esther Schelander,die Autorin Es sprach die Autorin,https://www.hoerspielundfeature.de/feature-briefe-an-mich-schelander-100.html,What
591,Der Schatten des Meisters (2/2),2026,,DLF/DLF Kultur,,Letters and correspondence,sound art,Klangkunst,,"dem Roman ""Der rote Domino"" von Marc Buhl",Beatrix Ackers,https://www.hoerspielundfeature.de/der-schatten-des-meisters-teil-2-auf-goethes-spuren-100.html,Goethe und Lenz werden in
592,Mein Partner Hansipiepchen,2024,,DLF/DLF Kultur,,Letters and correspondence,feature / documentary,Feature,,Charlotte Niemann und Matthias Niemann,die Autorin,https://www.hoerspielundfeature.de/wirklichkeit-im-radio-mein-partner-hansipiepchen-100.html,Letters
593,Strafkolonie der Frauen,2024,,DLF/DLF Kultur,,Curated documentary close readings,feature / documentary,Feature,,"Lizengevic, Inga",,https://www.hoerspielundfeature.de/strafkolonie-der-frauen-politische-gefangene-in-belarus-berichten-dlf-91c85c1b-100.html,Contact with the outside world
594,Strafkolonie der Frauen,2024,,DLF/DLF Kultur,,Letters and correspondence,feature / documentary,Feature,,Inga Lizengevic,"die Autorin Es sprachen: Zeynep Bozbay, Maike Jüttendonk, Franziska Krol, Inka Löwendorf, Ilka Teichmüller und die Autorin",https://www.hoerspielundfeature.de/strafkolonie-der-frauen-100.html,Contact with the outside world
595,Korallenpilz,2024,,DLF/DLF Kultur,,Social documentary lives,other,Dlf Doku Serie,,Podcastserie von Felizitas Stilleke und Conrad Rodenberg,,https://www.hoerspielundfeature.de/goodbye-stranger-teil-2-100.html,Felizitas Stilleke
596,Gibt es den Weihnachtsmann wirklich?,2022,,DLF/DLF Kultur,,Curated documentary close readings,other,Kakadu,,Mit Patricia und Merle,,https://www.hoerspielundfeature.de/jedes-jahr-hat-er-viel-zu-tun-159-gibt-es-den-100.html,Jedes Jahr
597,Mögen Sie Emily Dickinson?,2023,,DLF/DLF Kultur,,Letters and correspondence,other,Hörspiel,,"Kai Grehn, nach Briefen und Gedichten von Emily Dickinson","Kai Grehn Mit Birgit Minichmayr, Christopher Nell Komposition: CocoRosie",https://www.hoerspielundfeature.de/frauenstimmen-moegen-sie-emily-dickinson-100.html,Emily Dickinson
598,Ernst Ludwig Kirchner – Inside Out,2023,,DLF/DLF Kultur,,Autobiographical lives,other,Hörspiel,,Elke Heinemann,Martin Zylka,https://www.hoerspielundfeature.de/ernst-ludwig-kirchner-inside-out-hw-100.html,Ernst Ludwig Kirchner
599,"Lisa, der Nerd und die Unsichtbaren",2023,,DLF/DLF Kultur,,Curated documentary close readings,feature / documentary,Feature,,Esther Schelander,die Autorin,https://www.hoerspielundfeature.de/feature-lisa-der-nerd-100.html,Programming first
600,"Gar nicht so einfach, sich am Leben vorbeizuschleifen ",1981,,DLF/DLF Kultur,,Curated documentary close readings,feature / documentary,Feature,,Andreas Schroth und Gabriele Thaler,Götz Naleppa,https://www.hoerspielundfeature.de/reihe-wirklichkeit-im-radio-gar-nicht-so-einfach-sich-am-100.html,Erich Graf
601,Leben ist Leben – Tod ist Tod,2017,,DLF/DLF Kultur,,Social documentary lives,other,Zeitfragen,,Martina Groß,,https://www.hoerspielundfeature.de/der-dichter-richard-o-moore-leben-ist-leben-tod-ist-tod-100.html,Richard O. Moore
602,Aufräumen oder Der Abschied von der Dissidenz,2001,,DLF/DLF Kultur,,Autobiographical lives,other,Unknown genre,,Lutz Rathenow,,https://www.hoerspielundfeature.de/das-feature-aufraeumen-oder-der-abschied-von-der-dissidenz-100.html,Classics
