source_url,title,year,source,dedicated_to,short_description,life_focus,focus_basis,life_signal,form_family,genre
https://hoerspiele.dra.de/detailansicht/1356662,Brasil,1982,DRA,Matthias von Spallart,Originalhörspiel Matthias von Spallart Aufnahmeverfahren: Stereo-Kunstkopf Hessischer Rundfunk / Österreichischer Rundfunk / Schweizer Radio DRS / Netherlands Broadcasting 1982 titel:Porträt Brasil Originalhörspiel Matthias von Spallart Brasil Akustisches Port,Artist / visual artist,Artist / visual artist,portrait,original radio play,Originalhörspiel
https://hoerspiele.dra.de/detailansicht/1356564,Das unheilvolle Porträt,1981,DRA,Denis Diderot,"Hörspielbearbeitung Denis Diderot Mystification (Prosatext, französisch) Westdeutscher Rundfunk 1981 titel:Porträt Das unheilvolle Porträt Hörspielbearbeitung Denis Diderot Das unheilvolle Porträt Mystification (Prosatext, französisch) Hans Magnus Enzensberger",Ordinary / private person,Ordinary / private person,portrait,adaptation,Hörspielbearbeitung
https://hoerspiele.dra.de/detailansicht/1356916,Die verlorenen Spuren (2. Teil),1982,DRA,Alejo Carpentier,Tagebuch Die verlorenen Spuren (2,Documentary / self-record subject,Documentary / self-record subject,diary/letters,adaptation,Hörspielbearbeitung
https://hoerspiele.dra.de/detailansicht/1356785,Marienbader Briefe,1982,DRA,Rolf Schneider,"Briefe Hörspiel Rolf Schneider Sender Freies Berlin / Radio Bremen 1982 titel:Briefe Marienbader Briefe Hörspiel Rolf Schneider Marienbader Briefe Heinz Schueler, Angelika May assistenz: Ursula Weck Rolf Schneider Weitere Mitw",Documentary / self-record subject,Documentary / self-record subject,diary/letters,other,Hörspiel
https://hoerspiele.dra.de/detailansicht/1349346,Emma Goldmann - Die gefährlichste Frau der Welt,1981,DRA,Emma Goldmann,"Autobiographie, amerikanisch) RIAS Berlin / Südwestfunk 1981 ueberall:Autobiographie Emma Goldmann - Die gefährlichste Frau der Welt Hörspielbearbeitung Emma Goldmann Emma Goldmann - Die gefährlichste Frau der Welt Living my life (Aut",Women's life,Women's life,biography; autobiography,adaptation,Hörspielbearbeitung
https://hoerspiele.dra.de/detailansicht/1356959,Tagebuch meiner Töne,1982,DRA,Pierre Henry,Tagebuch meiner Töne Hörspiel Pierre Henry Westdeutscher Rundfunk 1982 titel:Tagebuch Tagebuch meiner Töne Hörspiel Pierre Henry Tagebuch meiner Töne übersetzt aus dem Französischen Übersetzung: Ingrid Caven Komposition: Pierre,Documentary / self-record subject,Documentary / self-record subject,diary/letters,other,Hörspiel
https://hoerspiele.dra.de/detailansicht/1357042,"""Nachwort eines Zauberers"" nach dem Hörspiel 'Cagliostro - Porträt eines Schriftstellers' von Karl Richard Tschon",1983,DRA,Alexander Adrion,"Kommentar Alexander Adrion Deutschlandfunk 1983 titel:Porträt ""Nachwort eines Zauberers"" nach dem Hörspiel 'Cagliostro - Porträt eines Schriftstellers' von Karl Richard Tschon Kommentar Alexander Adrion ""Nachwort eines Zauberers"" nach dem Hörspiel 'Cagliostro ",Author / literary figure,Author / literary figure,portrait,other,Kommentar
https://hoerspiele.dra.de/detailansicht/1356998,Biographie und Liebe,1983,DRA,Samuel Nathaniel Behrman,Hörspielbearbeitung Samuel Nathaniel Behrman Biographie und Liebe (Theaterstück) Bayerischer Rundfunk 1983 titel:Biographie Biographie und Liebe Hörspielbearbeitung Samuel Nathaniel Behrman Biographie und Liebe Biographie und Liebe (Theaterstück) Martha Meuffe,Actor / performer; Family / intimate life,Actor / performer | Family / intimate life,biography,adaptation,Hörspielbearbeitung
https://hoerspiele.dra.de/detailansicht/1357148,Fortsetzung einer Flucht - Ein autobiographisches Hörspiel,1983,DRA,Werner Meyke,"Autobiographie Fortsetzung einer Flucht - Ein autobiographisches Hörspiel Originaltonhörspiel Werner Meyke Fortsetzung einer Flucht - Ein autobiographisches Hörspiel Klaus Schumann, Susanne Bultmann Werner Meyke Weitere Mitwirkende O-",Ordinary / private person,Ordinary / private person,biography; autobiography,feature / documentary,Originaltonhörspiel
https://hoerspiele.dra.de/detailansicht/1366276,Das Kranke Dorf oder: Vier Briefe aus L.,1987,DRA,Christian Wolf,Briefe Das Kranke Dorf oder: Vier Briefe aus L,Collective / community; Documentary / self-record subject,Collective / community | Documentary / self-record subject,diary/letters,other,Hörspiel
https://hoerspiele.dra.de/detailansicht/1369519,Ein Leben auf der Flucht vor der Koralle,1994,DRA,Subject not identified,"Originalhörspiel Max Goldt CD-Edition: Der Hörverlag 1997 Bayerischer Rundfunk 1993 ueberall:Memoiren Ein Leben auf der Flucht vor der Koralle Originalhörspiel Max Goldt Ein Leben auf der Flucht vor der Koralle Peter Jütte, Gerda Koch Max Goldt",Unclear / needs review,Unclear / needs review,implicit,original radio play,Originalhörspiel
https://hoerspiele.dra.de/detailansicht/1369551,Mein Leben,1994,DRA,Johann Gottfried Seume,Autobiographie) Bayerischer Rundfunk 1994 ueberall:Autobiographie Mein Leben Hörspielbearbeitung Johann Gottfried Seume Mein Leben Hörspiel für zwei Stimmen und ein Cello Mein Leben (Autobiographie) Garleff Zacharias-Langhans Komposit,Ordinary / private person,Ordinary / private person,biography; autobiography,adaptation,Hörspielbearbeitung
https://hoerspiele.dra.de/detailansicht/1369714,... is a dangerous number,1994,DRA,Karl Bruckmaier,Autobiographie liefert den literarischen und biographischen H,Ordinary / private person,Ordinary / private person,portrait; biography; autobiography,feature / documentary,Feature
https://hoerspiele.dra.de/detailansicht/1370391,"Vom Enden einer Liebe, einer Frau",1987,DRA,Susette Gontard; Friedrich Hölderlin,"Briefen entnommen sind, welche Susette Gontard zwischen 1798 und 1800 an Friedrich Hölderlin geschrieben hat, nach",Women's life; Family / intimate life; Documentary / self-record subject,Women's life | Family / intimate life | Documentary / self-record subject,diary/letters,adaptation,Hörspielbearbeitung
https://hoerspiele.dra.de/detailansicht/1370564,"Hörspielwerkstatt - ""Wichtig ist auch die durchkomponierte Pause ...""",1988,DRA,Henning Rademacher,"Hörspiel Henning Rademacher Norddeutscher Rundfunk 1988 titel:Porträt; ueberall:Dylan Thomas Hörspielwerkstatt - ""Wichtig ist auch die durchkomponierte Pause ..."" Hörspiel Henning Rademacher Hörspielwerkstatt - ""Wichtig ist auch die durchkomponierte Pause ...""",Ordinary / private person,Ordinary / private person,portrait,other,Hörspiel
https://hoerspiele.dra.de/detailansicht/1370331,Das Porträt,1994,DRA,Anders Nyman,"Hörspielbearbeitung Anders Nyman Das Porträt (Theaterstück, schwedisch) Mitteldeutscher Rundfunk / Norddeutscher Rundfunk 1994 titel:Porträt Das Porträt Hörspielbearbeitung Anders Nyman Das Porträt Übersetzt aus dem Schwedischen Das Porträt (Theaterstück, schw",Actor / performer,Actor / performer,portrait,adaptation,Hörspielbearbeitung
https://hoerspiele.dra.de/detailansicht/1370867,John Cage,1988,DRA,Klaus Schöning,"Porträt Klaus Schöning Südwestfunk titel:Porträt John Cage Porträt Reihentitel: Komponisten als Hörspielmacher Klaus Schöning John Cage Ein akustisches Porträt des Hörspielmachers Norbert Vossen, Christian Rindt Klaus Schöning",Musician / composer,Musician / composer,portrait,portrait,Porträt
https://hoerspiele.dra.de/detailansicht/1370870,Der Ohrenblick,1988,DRA,Brunhild Meyer,Porträt Brunhild Meyer Südwestfunk / La Muse en Circuit 1988 titel:Porträt Der Ohrenblick Porträt Reihentitel: Komponisten als Hörspielmacher Brunhild Meyer Der Ohrenblick Ein akustisches Porträt des Hörspielmachers Luc Ferrari Brunhild Meyer,Musician / composer,Musician / composer,portrait; memory/testimony,portrait,Porträt
https://hoerspiele.dra.de/detailansicht/1370868,Mauricio Kagel,1988,DRA,Michael Schäfermeyer,"Porträt Michael Schäfermeyer Südwestfunk titel:Porträt Mauricio Kagel Porträt Reihentitel: Komponisten als Hörspielmacher Michael Schäfermeyer Mauricio Kagel Ein akustisches Porträt des Hörspielmachers Udo Schuster, Christiane Köhler, Regine Schneider assisten",Musician / composer,Musician / composer,portrait,portrait,Porträt
https://hoerspiele.dra.de/detailansicht/1371042,Oktober-Nächte/Les nuits d'octobre,1988,DRA,Subject not identified,Hörspielbearbeitung Gerard de Nerval Les nuits d'octobre (französisch) Westdeutscher Rundfunk 1988 titel:Erinnerungen Oktober-Nächte/Les nuits d'octobre Hörspielbearbeitung Gerard de Nerval Oktober-Nächte/Les nuits d'octobre Die Streifzüge und Erinnerungen des,Ordinary / private person,Ordinary / private person,memory/testimony,adaptation,Hörspielbearbeitung
https://hoerspiele.dra.de/detailansicht/1371169,"Lieber Piet, liebe Sandra",1989,DRA,Bernhard Pfletschinger,"Briefe Lieber Piet, liebe Sandra Kurzhörspiel Reihentitel: Briefe Bernhard Pfletschinger Lieber Piet, liebe Sandra Peter Jochum, Birgit Rahmsdorf Ferdinand Ludwig Weitere Mitwirkende Katharina Zapatka Michael Quast Ingo Hülsma",Family / intimate life; Documentary / self-record subject,Family / intimate life | Documentary / self-record subject,diary/letters,other,Kurzhörspiel
https://hoerspiele.dra.de/detailansicht/1371171,Von Herren und Knechten,1989,DRA,Bernhard Pfletschinger,"Briefe Von Herren und Knechten Kurzhörspiel Reihentitel: Briefe Bernhard Pfletschinger Von Herren und Knechten Peter Jochum, Birgit Rahmsdorf Ferdinand Ludwig Weitere Mitwirkende Wolfgang Höper Walter Renneisen Sabine Postel F",Documentary / self-record subject,Documentary / self-record subject,diary/letters,other,Kurzhörspiel
https://hoerspiele.dra.de/detailansicht/1371100,And what about me? Ein Porträt des Autors Raymond Federman,1989,DRA,Raymond Federman,"Porträt Herbert Kapfer Bayerischer Rundfunk 1989 titel:Porträt And what about me? Ein Porträt des Autors Raymond Federman Porträt Herbert Kapfer And what about me? Ein Porträt des Autors Raymond Federman Hans Seebacher, Gerda Koch Herbert Kapfer",Author / literary figure,Author / literary figure,portrait; memory/testimony,portrait,Porträt
https://hoerspiele.dra.de/detailansicht/1371173,"Amore, Amore",1989,DRA,Bernhard Pfletschinger,"Briefe Amore, Amore Kurzhörspiel Reihentitel: Briefe Bernhard Pfletschinger Amore, Amore Peter Jochum, Birgit Rahmsdorf Ferdinand Ludwig Weitere Mitwirkende Anita Lochner Susanne Ruppik Tonio Pavia Sylvia Heid Elsa, diplomiert",Documentary / self-record subject,Documentary / self-record subject,diary/letters,other,Kurzhörspiel
https://hoerspiele.dra.de/detailansicht/1371074,Die Courage des George Tabori,1989,DRA,Dieter Mayer-Simeth,Originaltonhörspiel Dieter Mayer-Simeth Bayerischer Rundfunk 1989 titel:Porträt Die Courage des George Tabori Originaltonhörspiel Dieter Mayer-Simeth Die Courage des George Tabori Ein Hör-Porträt zum 75. Geburtstag des Regisseurs und Autors Marianne Roewer Die,Author / literary figure; Actor / performer,Author / literary figure | Actor / performer,portrait,feature / documentary,Originaltonhörspiel
https://hoerspiele.dra.de/detailansicht/1371238,Baal Babylon,1989,DRA,Fernando Arrabal,"Autobiographie Baal Babylon Hörspielbearbeitung Fernando Arrabal Baal Babylon Baal Babylone (Roman, französisch) Übersetzung: Elmar Tophoven Norbert Schaeffer Peter Nielsen, Manfred Retsch, Christine Potschkat assistenz: Herbert Leonh",Ordinary / private person,Ordinary / private person,biography; autobiography,adaptation,Hörspielbearbeitung
https://hoerspiele.dra.de/detailansicht/1371889,Mein Spaziergang nach Syrakus - Briefe an einen Freund (2. Teil: Annäherungen),1985,DRA,Jürgen Liebing,Briefe Mein Spaziergang nach Syrakus - Briefe an einen Freund (2,Documentary / self-record subject,Documentary / self-record subject,diary/letters,other,Hörspiel
https://hoerspiele.dra.de/detailansicht/1371603,New York City,1984,DRA,Richard Kostelanetz,"Hörspiel Richard Kostelanetz Westdeutscher Rundfunk 1984 ueberall:Dylan Thomas New York City Hörspiel Reihentitel: Metropolis Reihenuntertitel: New York Richard Kostelanetz New York City assistenz: John David Fullemann Richard Kostelanetz ""Ursprünglich wollte ",Ordinary / private person,Ordinary / private person,portrait,other,Hörspiel
https://hoerspiele.dra.de/detailansicht/1371888,Mein Spaziergang nach Syrakus - Briefe an einen Freund (1. Teil: Entfernungen),1985,DRA,Jürgen Liebing,Briefe Mein Spaziergang nach Syrakus - Briefe an einen Freund (1,Documentary / self-record subject,Documentary / self-record subject,diary/letters,other,Hörspiel
https://hoerspiele.dra.de/detailansicht/1372064,Franz Kafka hört noch immer Radio und telefoniert mit schönen Frauen. Porträt eines Mannes vor dem Sterben,1985,DRA,Elmar Podlech,Originalhörspiel Elmar Podlech Südwestfunk titel:Porträt Franz Kafka hört noch immer Radio und telefoniert mit schönen Frauen. Porträt eines Mannes vor dem Sterben Originalhörspiel Elmar Podlech Franz Kafka hört noch immer Radio und telefoniert mit schönen Fra,Women's life,Women's life,portrait,original radio play,Originalhörspiel
https://hoerspiele.dra.de/detailansicht/1372247,Fred von Hoerschelmann - Zum 10. Todestag des Hörspielautors,1986,DRA,Dieter Hasselblatt,Hörspiel Dieter Hasselblatt Bayerischer Rundfunk 1987 titel:Porträt Fred von Hoerschelmann - Zum 10. Todestag des Hörspielautors Hörspiel Reihentitel: Radio-Porträt Reihenuntertitel: Essay mit Interview und Ausschnitten aus Hörspielen Dieter Hasselblatt Fred v,Ordinary / private person,Ordinary / private person,portrait,other,Hörspiel
https://hoerspiele.dra.de/detailansicht/1372252,Der Rundfunkmann Ernst Schnabel,1986,DRA,Karl Karst,Kurzhörspiel Karl Karst Bayerischer Rundfunk 1986 titel:Porträt Der Rundfunkmann Ernst Schnabel Kurzhörspiel Reihentitel: Radio-Porträt Karl Karst Der Rundfunkmann Ernst Schnabel Karl Karst,Ordinary / private person,Ordinary / private person,portrait,other,Kurzhörspiel
https://hoerspiele.dra.de/detailansicht/1372270,Ein Schmuck für Momente - Helmut Käutner und das Hörspiel,1986,DRA,Wolfram Wessels,"Hörspiel Wolfram Wessels Bayerischer Rundfunk 1986 titel:Porträt Ein Schmuck für Momente - Helmut Käutner und das Hörspiel Hörspiel Reihentitel: Radio-Porträt Wolfram Wessels Ein Schmuck für Momente - Helmut Käutner und das Hörspiel Manfred Retsch, Barbara Lie",Ordinary / private person,Ordinary / private person,portrait,other,Hörspiel
https://hoerspiele.dra.de/detailansicht/1372504,Die Straße nach Lushoto. Tanzania - Notizen aus meinem Tagebuch,1976,DRA,Gisela Albrecht,Tagebuch Hörspiel Gisela Albrecht RIAS Berlin titel:Tagebuch Die Straße nach Lushoto,Documentary / self-record subject,Documentary / self-record subject,diary/letters,other,Hörspiel
https://hoerspiele.dra.de/detailansicht/1372907,Lady sings the Blues. Billie Holiday erinnert sich,1991,DRA,Billie Holiday,Adaptation of Billie Holiday's autobiography Lady Sings the Blues.,Musician / composer,manual override,biography; autobiography; memory/testimony,adaptation,Hörspielbearbeitung
https://hoerspiele.dra.de/detailansicht/1372532,Anonyme Briefe,1950,DRA,Annemarie Artinger,Briefe Originalhörspiel Annemarie Artinger Bayerischer Rundfunk 1950 titel:Briefe Anonyme Briefe Originalhörspiel Annemarie Artinger Anonyme Briefe Friedrich-Carl Kobbe Komposition: Herbert Jarczyk Heinz-Günter Stamm Weitere M,Documentary / self-record subject,Documentary / self-record subject,diary/letters,original radio play,Originalhörspiel
https://hoerspiele.dra.de/detailansicht/1373260,Briefe an Olga,1991,DRA,Václav Havel,"Briefe an Olga Hörspielbearbeitung, Ars acustica Václav Havel Briefe an Olga (Essay, tschechisch) Westdeutscher Rundfunk 1991 titel:Briefe Briefe an Olga Hörspielbearbeitung, Ars acustica Reihentitel: Studio Akustische Kunst V",Artist / visual artist,Artist / visual artist,diary/letters,sound art,"Hörspielbearbeitung, Ars acustica"
https://hoerspiele.dra.de/detailansicht/1374699,Familienpackung,1989,DRA,Gudrun Mebs,"Autobiographie Familienpackung Kurzhörspiel, Kinderhörspiel Reihentitel: RIFF - Ohrclip Gudrun Mebs Familienpackung Stan Regal, Sven Schmeier assistenz: Claudia Johanna Leist Klaus-Dieter Pittrich Weitere Mitwirkende Friedhelm Ptok Va",Family / intimate life,Family / intimate life,biography; autobiography,other,"Kurzhörspiel, Kinderhörspiel"
https://hoerspiele.dra.de/detailansicht/1374444,Aus dem Tagebuch der Anne Frank,1989,DRA,Anne Frank,Adaptation from Anne Frank's diary.,Women's life; Documentary / self-record subject,manual override,diary/letters,adaptation,"Hörspielbearbeitung, Kurzhörspiel, Kinderhörspiel"
https://hoerspiele.dra.de/detailansicht/1374721,Der Autor Hartmut Geerken,1990,DRA,Klaus Peter Harmening,Porträt Klaus Peter Harmening Bayerischer Rundfunk 1990 titel:Porträt Der Autor Hartmut Geerken Porträt Reihentitel: Porträt Klaus Peter Harmening Der Autor Hartmut Geerken Klaus Peter Harmening,Author / literary figure,Author / literary figure,portrait,portrait,Porträt
https://hoerspiele.dra.de/detailansicht/1374736,Jean Anouilh zum 80. Geburtstag: Majestät des Boulevard - Porträt,1990,DRA,Majestät des Boulevard,"Porträt Thomas Thieringer; Wilfried Geldner Bayerischer Rundfunk 1990 titel:Porträt Jean Anouilh zum 80. Geburtstag: Majestät des Boulevard - Porträt Porträt Thomas Thieringer , Wilfried Geldner Jean Anouilh zum 80. Geburtstag: Majestät des Boulevard - Porträt",Ordinary / private person,Ordinary / private person,portrait,portrait,Porträt
https://hoerspiele.dra.de/detailansicht/1374916,Briefe an Franz Pawell,1990,DRA,Adolf Schröder,"Briefe an Franz Pawell Hörspiel Adolf Schröder Radio Bremen 1990 titel:Briefe Briefe an Franz Pawell Hörspiel Adolf Schröder Briefe an Franz Pawell Frauke Schulz, Monika Götz-Bellmer assistenz: Werner Staats Gerhard Willert We",Women's life; Documentary / self-record subject,Women's life | Documentary / self-record subject,diary/letters,other,Hörspiel
https://hoerspiele.dra.de/detailansicht/1375730,"Pioniere der Radiokunst (9. Folge: ... ""Quer zum Betrieb der Kulturindustrie"")",1986,DRA,August Soppe,"Porträt August Soppe Südwestfunk 1986 titel:Porträt Pioniere der Radiokunst (9. ""Quer zum Betrieb der Kulturindustrie"") Porträt Reihentitel: Pioniere der Radiokunst August Soppe Pioniere der Radiokunst (9. ""Quer zum Betrieb der Kulturindustrie"") Porträt des Ru",Ordinary / private person,Ordinary / private person,portrait,portrait,Porträt
https://hoerspiele.dra.de/detailansicht/1375816,Bodo Katzenbergers Tagebuch,1986,DRA,Marion Mosell,"Tagebuch Hörspiel Marion Mosell Westdeutscher Rundfunk 1986 titel:Tagebuch Bodo Katzenbergers Tagebuch Hörspiel Marion Mosell Bodo Katzenbergers Tagebuch Renate Schlichthörlein, Andreas Ehrig assistenz: Petra Feldhoff Angeli Bac",Documentary / self-record subject,Documentary / self-record subject,diary/letters,other,Hörspiel
https://hoerspiele.dra.de/detailansicht/1375822,Porträt,1986,DRA,Irene Oppenheim,"Hörspiel Irene Oppenheim Westdeutscher Rundfunk 1986 titel:Porträt Porträt Hörspiel Irene Oppenheim Porträt übersetzt aus dem Amerikanischen Übersetzung: Klaus Reichert Friedrich Wilhelm Häfner, Barbara Göbel assistenz: Annette Kurth Kaye Mortley",Ordinary / private person,Ordinary / private person,portrait,other,Hörspiel
https://hoerspiele.dra.de/detailansicht/1375861,Vier Briefe aus Amerika,1986,DRA,Konrad Wühr,"Briefe aus Amerika Hörspiel Konrad Wühr Westdeutscher Rundfunk 1986 titel:Briefe Vier Briefe aus Amerika Hörspiel Konrad Wühr Vier Briefe aus Amerika Friedrich Wilhelm Häfner, Gabriele Neugroda assistenz: Annette Kurth Frank H",Documentary / self-record subject,Documentary / self-record subject,diary/letters,other,Hörspiel
https://hoerspiele.dra.de/detailansicht/1375962,Per Einschreiben,1987,DRA,Eva Maria Mudrich,"Briefe schreiben, in ihrem Briefwechsel Heiratsabsichten äußern, zum Schluß aber Elli mit dem Briefträger befreundet ist",Documentary / self-record subject,Documentary / self-record subject,diary/letters,original radio play,"Originalhörspiel, Kurzhörspiel"
https://hoerspiele.dra.de/detailansicht/1376346,Das Tagebuch der Redegonda,1987,DRA,Arthur Schnitzler,"Tagebuch der Redegonda Hörspielbearbeitung, Kurzhörspiel Arthur Schnitzler Das Tagebuch der Redegonda (Erzählung) Südwestfunk titel:Tagebuch Das Tagebuch der Redegonda Hörspielbearbeitung, Kurzhörspiel Arthur Schnitzler Das Tage",Documentary / self-record subject,Documentary / self-record subject,diary/letters,adaptation,"Hörspielbearbeitung, Kurzhörspiel"
https://hoerspiele.dra.de/detailansicht/1375917,Walter Ruttmann - der Visionär bewegter Rhythmen,1987,DRA,Jeanpaul Goergen,"Hörspiel Jeanpaul Goergen Bayerischer Rundfunk 1987 titel:Porträt Walter Ruttmann - der Visionär bewegter Rhythmen Hörspiel Reihentitel: Radio-Porträt Jeanpaul Goergen Walter Ruttmann - der Visionär bewegter Rhythmen Günter Heß, Uta von Reeken, Anneliese Heilm",Ordinary / private person,Ordinary / private person,portrait,other,Hörspiel
https://hoerspiele.dra.de/detailansicht/1376147,Das akustische Tagebuch,1987,DRA,Ronald Steckel,"Tagebuch Hörspiel Ronald Steckel Sender Freies Berlin 1987 titel:Tagebuch Das akustische Tagebuch Hörspiel Ronald Steckel Das akustische Tagebuch Komposition: Ronald Steckel Alfons Steffens, Roswitha Sulecki assistenz: Reinhard",Documentary / self-record subject,Documentary / self-record subject,diary/letters,other,Hörspiel
https://hoerspiele.dra.de/detailansicht/1375863,C'era una volta il west oder Alte Briefe aus Amerika,1986,DRA,Reinhard Döhl,Briefe aus Amerika Kurzhörspiel Reinhard Döhl Westdeutscher Rundfunk 1986 titel:Briefe C'era una volta il west oder Alte Briefe aus Amerika Kurzhörspiel Reinhard Döhl C'era una volta il west oder Alte Briefe aus Amerika Kompos,Documentary / self-record subject,Documentary / self-record subject,diary/letters,other,Kurzhörspiel
https://hoerspiele.dra.de/detailansicht/1377165,Ein Cäsar wäre ich sehr gerne gewesen - Monolog eines Mörders,1996,DRA,Ernst Wagner; Horst Brandstätter; Bernd Neuzner,"Autobiographie Süddeutscher Rundfunk 1996 ueberall:Autobiographie Ein Cäsar wäre ich sehr gerne gewesen - Monolog eines Mörders Hörspielbearbeitung, Monolog Ernst Wagner , Horst Brandstätter , Bernd Neuzner Ein Cäsar wäre ich sehr ger",Ordinary / private person,Ordinary / private person,biography; autobiography,adaptation,"Hörspielbearbeitung, Monolog"
https://hoerspiele.dra.de/detailansicht/1377516,Anti. Ein Rainer-Werner-Fassbinder-Porträt,1992,DRA,Carl-Ludwig Reichert,Ein Rainer-Werner-Fassbinder-Porträt Porträt Carl-Ludwig Reichert CD-Edition: Der Hörverlag 1996 Bayerischer Rundfunk 1992 titel:Porträt Porträt Carl-Ludwig Reichert Anti. Ein Rainer-Werner-Fassbinder-Porträt Redaktion: Christoph Lindenmeyer Gudrun Greger assi,Ordinary / private person,Ordinary / private person,portrait,portrait,Porträt
https://hoerspiele.dra.de/detailansicht/1377586,Und der Haifisch... . Mackie Messer erzählt aus seinem Leben. Porträt Wolf Kaiser,1992,DRA,Michael Trabitzsch,Und der Haifisch... Mackie Messer erzählt aus seinem Leben. Porträt Wolf Kaiser Porträt Michael Trabitzsch Mitteldeutscher Rundfunk 1992 titel:Porträt; ueberall:Bertolt Brecht Und der Haifisch... Porträt Wolf Kaiser Porträt Michael Trabitzsch Und der Haifisch.,Ordinary / private person,Ordinary / private person,portrait; life story,portrait,Porträt
https://hoerspiele.dra.de/detailansicht/1377511,"""Ich war irgendwie der erste Existentialist""",1992,DRA,Herbert Kapfer; Regina Moths,"Porträt Herbert Kapfer; Regina Moths Bayerischer Rundfunk 1992 titel:Porträt ""Ich war irgendwie der erste Existentialist"" Porträt Herbert Kapfer , Regina Moths ""Ich war irgendwie der erste Existentialist"" Der Schriftsteller Richard Huelsenbeck - Ein Porträt Re",Author / literary figure,Author / literary figure,portrait,portrait,Porträt
https://hoerspiele.dra.de/detailansicht/1377773,Tagebuch einer heimlichen Symmetrie,1992,DRA,Sigmund Freud; Carl Gustav Jung; Sabina Spielrein,Tagebuch einer heimlichen Symmetrie Hörspielbearbeitung Sigmund Freud; Carl Gustav Jung; Sabina Spielrein Briefe und Tagebücher Saarländischer Rundfunk 1992 titel:Tagebuch Tagebuch einer heimlichen Symmetrie Hörspielbearbeitung,Documentary / self-record subject,Documentary / self-record subject,diary/letters,adaptation,Hörspielbearbeitung
https://hoerspiele.dra.de/detailansicht/1377781,Zazie und der lange Kerl im Autobus S,1992,DRA,Anette Kührmeyer,"Feature Anette Kührmeyer Saarländischer Rundfunk 1992 titel:Porträt Zazie und der lange Kerl im Autobus S Feature Anette Kührmeyer Zazie und der lange Kerl im Autobus S Raymond Queneau. Ein Porträt Stefanie Hoster, Helmut Will, Petra Kiefer Stefanie Hoster",Ordinary / private person,Ordinary / private person,portrait,feature / documentary,Feature
https://hoerspiele.dra.de/detailansicht/1378082,"Das wilde Geheul unserer täglichen Arbeit oder Komm heraus, du Schönheit von Mülheim (3. Teil: Briefe an Irina - Eine Erinnerung)",1992,DRA,Stephan Bock,"Briefe an Irina - Eine Erinnerung) Originalhörspiel Stephan Bock Westdeutscher Rundfunk 1992 titel:Briefe; ueberall:Bertolt Brecht Das wilde Geheul unserer täglichen Arbeit oder Komm heraus, du Schönheit von Mülheim (3",Ordinary / private person,Ordinary / private person,diary/letters; memory/testimony,original radio play,Originalhörspiel
https://hoerspiele.dra.de/detailansicht/1378087,Der verliebte Antierotiker - Ein unbekanntes Kapitel aus dem Leben des Dichters Paul Scheerbart (1. Teil),1993,DRA,Paul Scheerbart,"Hörspielbearbeitung, Monolog Paul Scheerbart Briefwechsel Bayerischer Rundfunk 1992 ueberall:Briefwechsel Der verliebte Antierotiker - Ein unbekanntes Kapitel aus dem Leben des Dichters Paul Scheerbart (1. Teil) Hörspielbearbeitung, Monolog Paul Scheerbart Der",Author / literary figure,Author / literary figure,diary/letters,adaptation,"Hörspielbearbeitung, Monolog"
https://hoerspiele.dra.de/detailansicht/1377966,Die lange Weile der Briefe danach,1992,DRA,Winfried Pielow,Briefe danach Hörspiel Winfried Pielow Westdeutscher Rundfunk 1992 titel:Briefe Die lange Weile der Briefe danach Hörspiel Reihentitel: Land und Leute Winfried Pielow Die lange Weile der Briefe danach Komposition: Matthias Wie,Documentary / self-record subject,Documentary / self-record subject,diary/letters,other,Hörspiel
https://hoerspiele.dra.de/detailansicht/1378286,Andy Warhol: Das Tagebuch (1976),1993,DRA,Andy Warhol,"Tagebuch (1976) Hörspielbearbeitung, Kurzhörspiel Andy Warhol Das Tagebuch (Tagebuch, englisch) Südwestfunk 1992 titel:Tagebuch Andy Warhol: Das Tagebuch (1976) Hörspielbearbeitung, Kurzhörspiel Andy Warhol Andy Warhol: Das Tage",Documentary / self-record subject,Documentary / self-record subject,diary/letters,adaptation,"Hörspielbearbeitung, Kurzhörspiel"
https://hoerspiele.dra.de/detailansicht/1378202,Autobiographie einer Leiche,1993,DRA,Gabriele Jelle Behnert,Autobiographie einer Leiche Originalhörspiel Gabriele Jelle Behnert Radio Bremen 1992 titel:Autobiographie; ueberall:Autobiographie Autobiographie einer Leiche Originalhörspiel Gabriele Jelle Behnert Autobiographie einer Leiche Peter,Ordinary / private person,Ordinary / private person,biography; autobiography,original radio play,Originalhörspiel
https://hoerspiele.dra.de/detailansicht/1378287,Andy Warhol: Das Tagebuch (1977),1993,DRA,Andy Warhol,"Tagebuch (1977) Hörspielbearbeitung, Kurzhörspiel Andy Warhol Das Tagebuch (Tagebuch, englisch) Südwestfunk 1992 titel:Tagebuch Andy Warhol: Das Tagebuch (1977) Hörspielbearbeitung, Kurzhörspiel Andy Warhol Andy Warhol: Das Tage",Documentary / self-record subject,Documentary / self-record subject,diary/letters,adaptation,"Hörspielbearbeitung, Kurzhörspiel"
https://hoerspiele.dra.de/detailansicht/1378288,Andy Warhol: Das Tagebuch (1978),1993,DRA,Andy Warhol,"Tagebuch (1978) Hörspielbearbeitung, Kurzhörspiel Andy Warhol Das Tagebuch (Tagebuch, englisch) Südwestfunk 1992 titel:Tagebuch Andy Warhol: Das Tagebuch (1978) Hörspielbearbeitung, Kurzhörspiel Andy Warhol Andy Warhol: Das Tage",Documentary / self-record subject,Documentary / self-record subject,diary/letters,adaptation,"Hörspielbearbeitung, Kurzhörspiel"
https://hoerspiele.dra.de/detailansicht/1378289,Andy Warhol: Das Tagebuch (1979),1993,DRA,Andy Warhol,"Tagebuch (1979) Hörspielbearbeitung, Kurzhörspiel Andy Warhol Das Tagebuch (Tagebuch, englisch) Südwestfunk 1992 titel:Tagebuch Andy Warhol: Das Tagebuch (1979) Hörspielbearbeitung, Kurzhörspiel Andy Warhol Andy Warhol: Das Tage",Documentary / self-record subject,Documentary / self-record subject,diary/letters,adaptation,"Hörspielbearbeitung, Kurzhörspiel"
https://hoerspiele.dra.de/detailansicht/1378290,Andy Warhol: Das Tagebuch (1980),1993,DRA,Andy Warhol,"Tagebuch (1980) Hörspielbearbeitung, Kurzhörspiel Andy Warhol Das Tagebuch (Tagebuch, englisch) Südwestfunk 1992 titel:Tagebuch Andy Warhol: Das Tagebuch (1980) Hörspielbearbeitung, Kurzhörspiel Andy Warhol Andy Warhol: Das Tage",Documentary / self-record subject,Documentary / self-record subject,diary/letters,adaptation,"Hörspielbearbeitung, Kurzhörspiel"
https://hoerspiele.dra.de/detailansicht/1378292,Andy Warhol: Das Tagebuch (1982),1993,DRA,Andy Warhol,"Tagebuch (1982) Hörspielbearbeitung, Kurzhörspiel Andy Warhol Das Tagebuch (Tagebuch, englisch) Südwestfunk 1992 titel:Tagebuch Andy Warhol: Das Tagebuch (1982) Hörspielbearbeitung, Kurzhörspiel Andy Warhol Andy Warhol: Das Tage",Documentary / self-record subject,Documentary / self-record subject,diary/letters,adaptation,"Hörspielbearbeitung, Kurzhörspiel"
https://hoerspiele.dra.de/detailansicht/1378293,Andy Warhol: Das Tagebuch (1983),1993,DRA,Andy Warhol,"Tagebuch (1983) Hörspielbearbeitung, Kurzhörspiel Andy Warhol Das Tagebuch (Tagebuch, englisch) Südwestfunk 1992 titel:Tagebuch Andy Warhol: Das Tagebuch (1983) Hörspielbearbeitung, Kurzhörspiel Andy Warhol Andy Warhol: Das Tage",Documentary / self-record subject,Documentary / self-record subject,diary/letters,adaptation,"Hörspielbearbeitung, Kurzhörspiel"
https://hoerspiele.dra.de/detailansicht/1378296,Andy Warhol: Das Tagebuch (1986),1993,DRA,Andy Warhol,"Tagebuch (1986) Hörspielbearbeitung, Kurzhörspiel Andy Warhol Das Tagebuch (Tagebuch, englisch) Südwestfunk 1992 titel:Tagebuch Andy Warhol: Das Tagebuch (1986) Hörspielbearbeitung, Kurzhörspiel Andy Warhol Andy Warhol: Das Tage",Documentary / self-record subject,Documentary / self-record subject,diary/letters,adaptation,"Hörspielbearbeitung, Kurzhörspiel"
https://hoerspiele.dra.de/detailansicht/1378291,Andy Warhol: Das Tagebuch (1981),1993,DRA,Andy Warhol,"Tagebuch (1981) Hörspielbearbeitung, Kurzhörspiel Andy Warhol Das Tagebuch (Tagebuch, englisch) Südwestfunk 1992 titel:Tagebuch Andy Warhol: Das Tagebuch (1981) Hörspielbearbeitung, Kurzhörspiel Andy Warhol Andy Warhol: Das Tage",Documentary / self-record subject,Documentary / self-record subject,diary/letters,adaptation,"Hörspielbearbeitung, Kurzhörspiel"
https://hoerspiele.dra.de/detailansicht/1378295,Andy Warhol: Das Tagebuch (1985),1993,DRA,Andy Warhol,"Tagebuch (1985) Hörspielbearbeitung, Kurzhörspiel Andy Warhol Das Tagebuch (Tagebuch, englisch) Südwestfunk 1992 titel:Tagebuch Andy Warhol: Das Tagebuch (1985) Hörspielbearbeitung, Kurzhörspiel Andy Warhol Andy Warhol: Das Tage",Documentary / self-record subject,Documentary / self-record subject,diary/letters,adaptation,"Hörspielbearbeitung, Kurzhörspiel"
https://hoerspiele.dra.de/detailansicht/1378294,Andy Warhol: Das Tagebuch (1984),1993,DRA,Andy Warhol,"Tagebuch (1984) Hörspielbearbeitung, Kurzhörspiel Andy Warhol Das Tagebuch (Tagebuch, englisch) Südwestfunk 1992 titel:Tagebuch Andy Warhol: Das Tagebuch (1984) Hörspielbearbeitung, Kurzhörspiel Andy Warhol Andy Warhol: Das Tage",Documentary / self-record subject,Documentary / self-record subject,diary/letters,adaptation,"Hörspielbearbeitung, Kurzhörspiel"
https://hoerspiele.dra.de/detailansicht/1378297,Andy Warhol: Das Tagebuch (1987),1993,DRA,Andy Warhol,"Tagebuch (1987) Hörspielbearbeitung, Kurzhörspiel Andy Warhol Das Tagebuch (Tagebuch, englisch) Südwestfunk 1992 titel:Tagebuch Andy Warhol: Das Tagebuch (1987) Hörspielbearbeitung, Kurzhörspiel Andy Warhol Andy Warhol: Das Tage",Documentary / self-record subject,Documentary / self-record subject,diary/letters,adaptation,"Hörspielbearbeitung, Kurzhörspiel"
https://hoerspiele.dra.de/detailansicht/1378354,Meine Seele war schwarz von Fliegen (1. Teil),1993,DRA,Vasilij Baranov,"Tagebuchaufzeichnungen, russisch) Südwestfunk / Mitteldeutscher Rundfunk 1993 titel:Tagebuch Meine Seele war schwarz von Fliegen (1",Documentary / self-record subject,Documentary / self-record subject,diary/letters,adaptation,"Hörspielbearbeitung, Kurzhörspiel, Monolog"
https://hoerspiele.dra.de/detailansicht/1378358,Tagebuch eines Autobiographen,1993,DRA,Luc Ferrari; Brunhild Meyer,"Tagebuch eines Autobiographen Originalhörspiel Luc Ferrari; Brunhild Meyer Südwestfunk / La Muse en Circuit titel:Tagebuch Tagebuch eines Autobiographen Originalhörspiel Reihentitel: Sentimentale Erzählungen Luc Ferrari , Brunhi",Ordinary / private person,Ordinary / private person,portrait; biography; autobiography; diary/letters,original radio play,Originalhörspiel
https://hoerspiele.dra.de/detailansicht/1381519,Der Wind geht gen Mittag und kommt herum zur Mitternacht,1993,DRA,Maruša Krese; Biljana Jovanovic; Rada Ivekovic; Radmila Lazic,"Briefe (serbokroatisch) Hörspiel des Monats Juli 1993 Sender Freies Berlin / Südwestfunk / Bayerischer Rundfunk 1993 titel:Briefe Der Wind geht gen Mittag und kommt herum zur Mitternacht Hörspielbearbeitung Maruša Krese , Bilj",Documentary / self-record subject,Documentary / self-record subject,diary/letters,adaptation,Hörspielbearbeitung
https://hoerspiele.dra.de/detailansicht/1381497,Bruchstücke aus dem Tagebuch eines Dorfküsters,1993,DRA,Steen Steensen Blicher,"Tagebuch eines Dorfküsters Monolog, Hörspielbearbeitung Steen Steensen Blicher Bruchstücke aus dem Tagebuch eines Dorfküsters (dänisch) Süddeutscher Rundfunk 1993 titel:Tagebuch Bruchstücke aus dem Tagebuch eines Dorfküsters Mon",Collective / community; Documentary / self-record subject,Collective / community | Documentary / self-record subject,diary/letters,adaptation,"Monolog, Hörspielbearbeitung"
https://hoerspiele.dra.de/detailansicht/1381401,Reise in den Klang der Worte. Porträt des Hörspiel-Regisseurs Jörg Jannings,1993,DRA,Hörspiel-Regisseurs Jörg Jannings,Porträt Mechthild Zschau DS Kultur 1993 titel:Porträt Reise in den Klang der Worte. Porträt des Hörspiel-Regisseurs Jörg Jannings Porträt Mechthild Zschau Reise in den Klang der Worte. Porträt des Hörspiel-Regisseurs Jörg Jannings Mechthild Zschau Ein Porträt ,Actor / performer,Actor / performer,portrait,portrait,Porträt
https://hoerspiele.dra.de/detailansicht/1381516,Sehr selten habe ich geweint,1993,DRA,Ingrid Hammer,Tagebuchanthologie) Sender Freies Berlin 1993 titel:Tagebuch Sehr selten habe ich geweint Hörspielbearbeitung Ingrid Hammer Sehr selten habe ich geweint Hörspiel nach Tagebuch- und Brieftexten aus dem 2,Documentary / self-record subject,Documentary / self-record subject,diary/letters,adaptation,Hörspielbearbeitung
https://hoerspiele.dra.de/detailansicht/1381590,Briefe an die Königin der Nacht,1993,DRA,Inger Edelfeldt,"Briefe an die Königin der Nacht Hörspielbearbeitung, Kinderhörspiel Inger Edelfeldt Briefe an die Königin der Nacht Westdeutscher Rundfunk 1993 titel:Briefe Briefe an die Königin der Nacht Hörspielbearbeitung, Kinderhörspiel R",Family / intimate life; Documentary / self-record subject,Family / intimate life | Documentary / self-record subject,diary/letters,adaptation,"Hörspielbearbeitung, Kinderhörspiel"
https://hoerspiele.dra.de/detailansicht/1381670,Der Hang zur Einsilbigkeit,1993,DRA,Wolfgang Hegewald,"Tagebuch Der Hang zur Einsilbigkeit Originalhörspiel Wolfgang Hegewald Der Hang zur Einsilbigkeit Aus dem Tagebuch eines Erpressers Redaktion: Johann Maria Kamps Jonas Bergler, Marilyn Janssen assistenz: Petra Feldhoff Dieter Ca",Documentary / self-record subject,Documentary / self-record subject,diary/letters,original radio play,Originalhörspiel
https://hoerspiele.dra.de/detailansicht/1381923,"Ich tippe nur, was ich im Kopf habe",1995,DRA,Heidrun Nass,"Porträt Heidrun Nass Saarländischer Rundfunk 1995 titel:Porträt Ich tippe nur, was ich im Kopf habe Porträt Heidrun Nass Ich tippe nur, was ich im Kopf habe Der Hörspielautor Karl-Heinz Bölling - Ein Porträt Werner Klein, Helga Ruben Heidrun Nass",Ordinary / private person,Ordinary / private person,portrait,portrait,Porträt
https://hoerspiele.dra.de/detailansicht/1381820,Futschlinien (1. Teil: Der Reiseschriftsteller Richard Huelsenbeck),1995,DRA,Herbert Kapfer; Lisbeth Exner,"Briefen Wilfried Hauer, Susanne Herzig assistenz: Holger Buck Ulrich Gerhardt Weitere Mitwirkende Siemen Rühaak Richard Huelsenbeck Alexander Duda Hugo Ball Wolfgang Hinze Albert Ehrenstein Franziska Walser Beate Huelsenbeck H",Ordinary / private person,Ordinary / private person,biography; diary/letters,original radio play,Originalhörspiel
https://hoerspiele.dra.de/detailansicht/1381821,Futschlinien (2. Teil: Der Emigrant Richard Huelsenbeck),1995,DRA,Herbert Kapfer; Lisbeth Exner,"Briefen Wilfried Hauer, Susanne Herzig assistenz: Holger Buck Ulrich Gerhardt Weitere Mitwirkende Siemen Rühaak Richard Huelsenbeck Alexander Duda Hugo Ball Wolfgang Hinze Albert Ehrenstein Franziska Walser Beate Huelsenbeck H",Ordinary / private person,Ordinary / private person,biography; diary/letters,original radio play,Originalhörspiel
https://hoerspiele.dra.de/detailansicht/1384864,Das schlechteste Hörspiel der Welt oder Eine Biographie über Niemand,1995,DRA,Niemand,"Originalhörspiel, Monolog John von Düffel Radio Bremen 1994 titel:Biographie Das schlechteste Hörspiel der Welt oder Eine Biographie über Niemand Originalhörspiel, Monolog John von Düffel Das schlechteste Hörspiel der Welt oder Eine Biographie über Niemand Pet",Documentary / self-record subject,Documentary / self-record subject,biography,original radio play,"Originalhörspiel, Monolog"
https://hoerspiele.dra.de/detailansicht/1385344,Die innere Biografie des Robert Lax (3. Teil: Journals),1995,DRA,Sigrid Hauff,"Essay Sigrid Hauff Bayerischer Rundfunk 1995 titel:Biografie Die innere Biografie des Robert Lax (3. Teil: Journals) Essay Sigrid Hauff Die innere Biografie des Robert Lax (3. Teil: Journals) Günter Heß, Gerda Koch assistenz: Holger Buck Herbert Kapfer",Documentary / self-record subject,Documentary / self-record subject,biography,essay,Essay
https://hoerspiele.dra.de/detailansicht/1385008,Im Ohrensaal,1995,DRA,Unica Zürn; Ursula Krechel,"Autobiographie Bayerischer Rundfunk 1995 ueberall:Autobiographie Im Ohrensaal Hörspielbearbeitung Unica Zürn , Ursula Krechel Im Ohrensaal Autobiographie Ursula Krechel Hans Scheck, Kristina Schulze assistenz: Holger Buck Hans Gerd Kr",Ordinary / private person,Ordinary / private person,biography; autobiography,adaptation,Hörspielbearbeitung
https://hoerspiele.dra.de/detailansicht/1389829,Berlin - Ein akustisches Tagebuch,1996,DRA,Ursula Weck,"Tagebuch Feature, Originaltonhörspiel Ursula Weck DeutschlandRadio Berlin 1995 titel:Tagebuch Berlin - Ein akustisches Tagebuch Feature, Originaltonhörspiel Ursula Weck Berlin - Ein akustisches Tagebuch Komposition: Werner Duran",Documentary / self-record subject,Documentary / self-record subject,diary/letters,feature / documentary,"Feature, Originaltonhörspiel"
https://hoerspiele.dra.de/detailansicht/1386162,Berlinisches Tagebuch,1996,DRA,Mayako Kubo,Tagebuch Ars acustica Mayako Kubo Sender Freies Berlin 1995 titel:Tagebuch Berlinisches Tagebuch Ars acustica Mayako Kubo Berlinisches Tagebuch Komposition: Mayako Kubo Realisation: Manfred Mixner Von Mitte 1989 bis Mitte 1990 h,Documentary / self-record subject,Documentary / self-record subject,diary/letters,sound art,Ars acustica
https://hoerspiele.dra.de/detailansicht/1385931,Erinnerungen an das Jahr Achtunddreißig,1996,DRA,Subject not identified,"Hörspielbearbeitung Antonio Tabucchi Erklärt Pereira (Roman, italienisch) Saarländischer Rundfunk / Norddeutscher Rundfunk 1996 titel:Erinnerungen Erinnerungen an das Jahr Achtunddreißig Hörspielbearbeitung Antonio Tabucchi Erinnerungen an das Jahr Achtunddrei",Ordinary / private person,Ordinary / private person,memory/testimony,adaptation,Hörspielbearbeitung
https://hoerspiele.dra.de/detailansicht/1390079,Briefe an den Kaiser,1997,DRA,Achim Tischer,"Briefe an den Kaiser Originalhörspiel, Monolog Achim Tischer Radio Bremen / Rüdiger Kremer 1997 titel:Briefe Briefe an den Kaiser Originalhörspiel, Monolog Reihentitel: Der helle Wahn Achim Tischer Briefe an den Kaiser Aufgese",Documentary / self-record subject,Documentary / self-record subject,diary/letters,original radio play,"Originalhörspiel, Monolog"
https://hoerspiele.dra.de/detailansicht/1392442,Das Leben des Karl Valentin (3. Teil),1995,DRA,Michael Schulte,Feature Michael Schulte Mitteldeutscher Rundfunk 1995 titel:Biographie Das Leben des Karl Valentin (3. Teil) Feature Michael Schulte Das Leben des Karl Valentin (3. Teil) Eine klingende Biographie in 14 Teilen Matthias Thalheim,Documentary / self-record subject,Documentary / self-record subject,biography,feature / documentary,Feature
https://hoerspiele.dra.de/detailansicht/1392441,Das Leben des Karl Valentin (2. Teil),1995,DRA,Michael Schulte,Feature Michael Schulte Mitteldeutscher Rundfunk 1995 titel:Biographie Das Leben des Karl Valentin (2. Teil) Feature Michael Schulte Das Leben des Karl Valentin (2. Teil) Eine klingende Biographie in 14 Teilen Matthias Thalheim,Documentary / self-record subject,Documentary / self-record subject,biography,feature / documentary,Feature
https://hoerspiele.dra.de/detailansicht/1392444,Das Leben des Karl Valentin (5. Teil),1995,DRA,Michael Schulte,Feature Michael Schulte Mitteldeutscher Rundfunk 1995 titel:Biographie Das Leben des Karl Valentin (5. Teil) Feature Michael Schulte Das Leben des Karl Valentin (5. Teil) Eine klingende Biographie in 14 Teilen Matthias Thalheim,Documentary / self-record subject,Documentary / self-record subject,biography,feature / documentary,Feature
https://hoerspiele.dra.de/detailansicht/1392429,Das Leben des Karl Valentin (1. Teil),1995,DRA,Michael Schulte,Feature Michael Schulte Mitteldeutscher Rundfunk 1995 titel:Biographie Das Leben des Karl Valentin (1. Teil) Feature Michael Schulte Das Leben des Karl Valentin (1. Teil) Eine klingende Biographie in 14 Teilen Matthias Thalheim,Documentary / self-record subject,Documentary / self-record subject,biography,feature / documentary,Feature
https://hoerspiele.dra.de/detailansicht/1392443,Das Leben des Karl Valentin (4. Teil),1995,DRA,Michael Schulte,Feature Michael Schulte Mitteldeutscher Rundfunk 1995 titel:Biographie Das Leben des Karl Valentin (4. Teil) Feature Michael Schulte Das Leben des Karl Valentin (4. Teil) Eine klingende Biographie in 14 Teilen Matthias Thalheim,Documentary / self-record subject,Documentary / self-record subject,biography,feature / documentary,Feature
https://hoerspiele.dra.de/detailansicht/1392445,Das Leben des Karl Valentin (6. Teil),1995,DRA,Michael Schulte,Feature Michael Schulte Mitteldeutscher Rundfunk 1995 titel:Biographie Das Leben des Karl Valentin (6. Teil) Feature Michael Schulte Das Leben des Karl Valentin (6. Teil) Eine klingende Biographie in 14 Teilen Matthias Thalheim,Documentary / self-record subject,Documentary / self-record subject,biography,feature / documentary,Feature
https://hoerspiele.dra.de/detailansicht/1392446,Das Leben des Karl Valentin (7. Teil),1995,DRA,Michael Schulte,Feature Michael Schulte Mitteldeutscher Rundfunk 1995 titel:Biographie Das Leben des Karl Valentin (7. Teil) Feature Michael Schulte Das Leben des Karl Valentin (7. Teil) Eine klingende Biographie in 14 Teilen Matthias Thalheim,Documentary / self-record subject,Documentary / self-record subject,biography,feature / documentary,Feature
https://hoerspiele.dra.de/detailansicht/1392447,Das Leben des Karl Valentin (8. Teil),1995,DRA,Michael Schulte,Feature Michael Schulte Mitteldeutscher Rundfunk 1995 titel:Biographie Das Leben des Karl Valentin (8. Teil) Feature Michael Schulte Das Leben des Karl Valentin (8. Teil) Eine klingende Biographie in 14 Teilen Matthias Thalheim,Documentary / self-record subject,Documentary / self-record subject,biography,feature / documentary,Feature
https://hoerspiele.dra.de/detailansicht/1392449,Das Leben des Karl Valentin (10. Teil),1995,DRA,Michael Schulte,Feature Michael Schulte Mitteldeutscher Rundfunk 1995 titel:Biographie Das Leben des Karl Valentin (10. Teil) Feature Michael Schulte Das Leben des Karl Valentin (10. Teil) Eine klingende Biographie in 14 Teilen Matthias Thalheim,Documentary / self-record subject,Documentary / self-record subject,biography,feature / documentary,Feature
https://hoerspiele.dra.de/detailansicht/1392448,Das Leben des Karl Valentin (9. Teil),1995,DRA,Michael Schulte,Feature Michael Schulte Mitteldeutscher Rundfunk 1995 titel:Biographie Das Leben des Karl Valentin (9. Teil) Feature Michael Schulte Das Leben des Karl Valentin (9. Teil) Eine klingende Biographie in 14 Teilen Matthias Thalheim,Documentary / self-record subject,Documentary / self-record subject,biography,feature / documentary,Feature
https://hoerspiele.dra.de/detailansicht/1392450,Das Leben des Karl Valentin (11. Teil),1995,DRA,Michael Schulte,Feature Michael Schulte Mitteldeutscher Rundfunk 1995 titel:Biographie Das Leben des Karl Valentin (11. Teil) Feature Michael Schulte Das Leben des Karl Valentin (11. Teil) Eine klingende Biographie in 14 Teilen Matthias Thalheim,Documentary / self-record subject,Documentary / self-record subject,biography,feature / documentary,Feature
https://hoerspiele.dra.de/detailansicht/1392451,Das Leben des Karl Valentin (12. Teil),1995,DRA,Michael Schulte,Feature Michael Schulte Mitteldeutscher Rundfunk 1995 titel:Biographie Das Leben des Karl Valentin (12. Teil) Feature Michael Schulte Das Leben des Karl Valentin (12. Teil) Eine klingende Biographie in 14 Teilen Matthias Thalheim,Documentary / self-record subject,Documentary / self-record subject,biography,feature / documentary,Feature
https://hoerspiele.dra.de/detailansicht/1392452,Das Leben des Karl Valentin (13. Teil),1995,DRA,Michael Schulte,Feature Michael Schulte Mitteldeutscher Rundfunk 1995 titel:Biographie Das Leben des Karl Valentin (13. Teil) Feature Michael Schulte Das Leben des Karl Valentin (13. Teil) Eine klingende Biographie in 14 Teilen Matthias Thalheim,Documentary / self-record subject,Documentary / self-record subject,biography,feature / documentary,Feature
https://hoerspiele.dra.de/detailansicht/1392453,Das Leben des Karl Valentin (14. Teil),1995,DRA,Michael Schulte,Feature Michael Schulte Mitteldeutscher Rundfunk 1995 titel:Biographie Das Leben des Karl Valentin (14. Teil) Feature Michael Schulte Das Leben des Karl Valentin (14. Teil) Eine klingende Biographie in 14 Teilen Matthias Thalheim,Documentary / self-record subject,Documentary / self-record subject,biography,feature / documentary,Feature
https://hoerspiele.dra.de/detailansicht/1393594,Aus dem Tagebuch eines Trinkers,1996,DRA,Eugen Egner,"Tagebuch eines Trinkers Hörspielbearbeitung, Kurzhörspiel Eugen Egner Aus dem Tagebuch eines Trinkers (Roman) Südwestfunk 1996 titel:Tagebuch Aus dem Tagebuch eines Trinkers Hörspielbearbeitung, Kurzhörspiel Eugen Egner Aus dem",Ordinary / private person,Ordinary / private person,diary/letters; memory/testimony,adaptation,"Hörspielbearbeitung, Kurzhörspiel"
https://hoerspiele.dra.de/detailansicht/1393596,Ihr Lieben viel zu weit Entfernten,1996,DRA,Louise Jacobson,"Briefe, französisch) Südwestfunk 1996 titel:Briefe Ihr Lieben viel zu weit Entfernten Hörspielbearbeitung Louise Jacobson Ihr Lieben viel zu weit Entfernten Die Briefe der Louise Jacobson unbekannt (Briefe, französisch) Überse",Family / intimate life; Documentary / self-record subject,Family / intimate life | Documentary / self-record subject,diary/letters,adaptation,Hörspielbearbeitung
https://hoerspiele.dra.de/detailansicht/1394148,Leben sammeln. Die Tagebücher des Victor Klemperer (1918-1932) (2. Teil: Die Jahre 1920-1925),1997,DRA,Victor Klemperer,Hörspielbearbeitung Victor Klemperer Leben sammeln (Tagbücher) DeutschlandRadio Berlin (Deutschlandradio) / Ostdeutscher Rundfunk Brandenburg 1997 ueberall:Tagebücher Leben sammeln. Teil: Die Jahre 1920-1925) Hörspielbearbeitung Victor Klemperer Leben sammeln.,Documentary / self-record subject,Documentary / self-record subject,diary/letters,adaptation,Hörspielbearbeitung
https://hoerspiele.dra.de/detailansicht/1394149,Leben sammeln. Die Tagebücher des Victor Klemperer (1918-1932) (3. Teil: Die Jahre 1926-1932),1997,DRA,Victor Klemperer,Hörspielbearbeitung Victor Klemperer Leben sammeln (Tagbücher) DeutschlandRadio Berlin (Deutschlandradio) / Ostdeutscher Rundfunk Brandenburg 1997 ueberall:Tagebücher Leben sammeln. Teil: Die Jahre 1926-1932) Hörspielbearbeitung Victor Klemperer Leben sammeln.,Documentary / self-record subject,Documentary / self-record subject,diary/letters,adaptation,Hörspielbearbeitung
https://hoerspiele.dra.de/detailansicht/1395063,"Anne Sexton - ""Ich bin wie ein lebender Stein...""",1998,DRA,Anne Sexton,"Hörspielbearbeitung Anne Sexton Gedichte und Briefauszüge (amerikanisch) CD-Edition: Steinbach sprechende Bücher 2000 Norddeutscher Rundfunk 1998 titel:Porträt Anne Sexton - ""Ich bin wie ein lebender Stein..."" Hörspielbearbeitung Anne Sexton Anne Sexton - ""Ich",Ordinary / private person,Ordinary / private person,portrait,adaptation,Hörspielbearbeitung
https://hoerspiele.dra.de/detailansicht/1398880,Die Jagd nach dem Täter (27. Folge: Briefe von fremder Hand),1958,DRA,Hellmut Kleffel,"Briefe von fremder Hand) Originalhörspiel, Kriminalhörspiel Hellmut Kleffel Norddeutscher Rundfunk 1958 titel:Briefe Die Jagd nach dem Täter (27",Documentary / self-record subject,Documentary / self-record subject,diary/letters,original radio play,"Originalhörspiel, Kriminalhörspiel"
https://hoerspiele.dra.de/detailansicht/1401599,Porträt einer Kongruenz,1969,DRA,Guntram Vesper,Hörspiel Guntram Vesper Radio Bremen titel:Porträt Porträt einer Kongruenz Hörspiel Guntram Vesper Porträt einer Kongruenz Horst Loebe,Ordinary / private person,Ordinary / private person,portrait,other,Hörspiel
https://hoerspiele.dra.de/detailansicht/1403139,Briefe nach Luzern,1957,DRA,Fritz Rotter,Briefe nach Luzern Hörspielbearbeitung Fritz Rotter Briefe nach Luzern (Schauspiel) Hessischer Rundfunk titel:Briefe Briefe nach Luzern Hörspielbearbeitung Fritz Rotter Briefe nach Luzern Briefe nach Luzern (Schauspiel) Gerhar,Actor / performer,Actor / performer,diary/letters,adaptation,Hörspielbearbeitung
https://hoerspiele.dra.de/detailansicht/1403993,Der einzigartige Anonyme,1998,DRA,Michel Chion; Robert Cahen,"Feature Michel Chion; Robert Cahen Westdeutscher Rundfunk 1998 titel:Porträt Der einzigartige Anonyme Feature Reihentitel: Studio Akustische Kunst Reihentitel: Son/Image Michel Chion , Robert Cahen Der einzigartige Anonyme Porträt eines Videokünstlers übersetz",Artist / visual artist,Artist / visual artist,portrait,feature / documentary,Feature
https://hoerspiele.dra.de/detailansicht/1405456,Die Aspern-Briefe,1960,DRA,Henry James,"Briefe Hörspielbearbeitung Henry James Die Aspern-Schriften (The Aspern Papers) (Roman, amerikanisch) Hessischer Rundfunk 1960 titel:Briefe Die Aspern-Briefe Hörspielbearbeitung Henry James Die Aspern-Briefe Die Aspern-Schrift",Documentary / self-record subject,Documentary / self-record subject,diary/letters,adaptation,Hörspielbearbeitung
https://hoerspiele.dra.de/detailansicht/1404357,Ladykiller. Versuch einer Würdigung,1998,DRA,Subject not identified,"Originalhörspiel Helmuth Mößmer; Eberhard Petschinka DeutschlandRadio Berlin (Deutschlandradio) 1998 titel:Erinnerungen Ladykiller. Versuch einer Würdigung Originalhörspiel Helmuth Mößmer , Eberhard Petschinka Ladykiller. Versuch einer Würdigung Ein Paparazzo ",Ordinary / private person,Ordinary / private person,memory/testimony,original radio play,Originalhörspiel
https://hoerspiele.dra.de/detailansicht/1412213,Mein Flug über den Ozean (1. Teil),1963,DRA,den Ozean (1,"Autobiographie, amerikanisch) CD-Edition (MP3): Pidax Film Media Ltd",Family / intimate life,Family / intimate life,biography; autobiography,adaptation,"Hörspielbearbeitung, Kinderhörspiel"
https://hoerspiele.dra.de/detailansicht/1412214,Mein Flug über den Ozean (2. Teil),1963,DRA,den Ozean (2,"Autobiographie, amerikanisch) Westdeutscher Rundfunk 1962 ueberall:Autobiographie Mein Flug über den Ozean (2",Family / intimate life,Family / intimate life,biography; autobiography,adaptation,"Hörspielbearbeitung, Kinderhörspiel"
https://hoerspiele.dra.de/detailansicht/1412215,Mein Flug über den Ozean (3. Teil),1963,DRA,den Ozean (3,"Autobiographie, amerikanisch) Westdeutscher Rundfunk 1962 ueberall:Autobiographie Mein Flug über den Ozean (3",Family / intimate life,Family / intimate life,biography; autobiography,adaptation,"Hörspielbearbeitung, Kinderhörspiel"
https://hoerspiele.dra.de/detailansicht/1412216,Mein Flug über den Ozean (4. Teil),1963,DRA,den Ozean (4,"Autobiographie, amerikanisch) Westdeutscher Rundfunk 1962 ueberall:Autobiographie Mein Flug über den Ozean (4",Family / intimate life,Family / intimate life,biography; autobiography,adaptation,"Hörspielbearbeitung, Kinderhörspiel"
https://hoerspiele.dra.de/detailansicht/1412217,Mein Flug über den Ozean (5. Teil),1963,DRA,den Ozean (5,"Autobiographie, amerikanisch) Westdeutscher Rundfunk 1962 ueberall:Autobiographie Mein Flug über den Ozean (5",Family / intimate life,Family / intimate life,biography; autobiography,adaptation,"Hörspielbearbeitung, Kinderhörspiel"
https://hoerspiele.dra.de/detailansicht/1412221,Mein Flug über den Ozean (6. Teil),1963,DRA,den Ozean (6,"Autobiographie, amerikanisch) Westdeutscher Rundfunk 1962 ueberall:Autobiographie Mein Flug über den Ozean (6",Family / intimate life,Family / intimate life,biography; autobiography,adaptation,"Hörspielbearbeitung, Kinderhörspiel"
https://hoerspiele.dra.de/detailansicht/1415190,Tagebuch,1963,DRA,Traute Hellberg,Tagebuch Originalhörspiel Traute Hellberg RIAS Berlin titel:Tagebuch Tagebuch Originalhörspiel Traute Hellberg Tagebuch Komposition: Friedrich Scholz Jörg Jannings Weitere Mitwirkende Karl John Peter Lembach Christine Gerlach Ha,Documentary / self-record subject,Documentary / self-record subject,diary/letters,original radio play,Originalhörspiel
https://hoerspiele.dra.de/detailansicht/1415198,Berlin und Scherl,1963,DRA,Hans Ermann,Hörspiel Hans Ermann RIAS Berlin 1963 titel:Porträt Berlin und Scherl Hörspiel Hans Ermann Berlin und Scherl Ein zeitgeschichtliches Porträt Ulrich Gerhardt,Ordinary / private person,Ordinary / private person,portrait,other,Hörspiel
https://hoerspiele.dra.de/detailansicht/1415202,Tagebuch der Eva Heyman,1965,DRA,Pnina Navé,Tagebuch der Eva Heyman Hörspielbearbeitung Pnina Navé Norddeutscher Rundfunk 1965 titel:Tagebuch Tagebuch der Eva Heyman Hörspielbearbeitung Pnina Navé Tagebuch der Eva Heyman Übersetzung: Pnina Navé Fritz Schröder-Jahn Weitere,Documentary / self-record subject,Documentary / self-record subject,diary/letters,adaptation,Hörspielbearbeitung
https://hoerspiele.dra.de/detailansicht/1415239,Nun komm' ich als Richter,1965,DRA,Subject not identified,"Originalhörspiel, Originaltonhörspiel Georg Zivier RIAS Berlin 1965 titel:Erinnerungen Nun komm' ich als Richter Originalhörspiel, Originaltonhörspiel Georg Zivier Nun komm' ich als Richter Erinnerungen an Nürnberg – 20 Jahre danach Friedrich Wilhelm Schulz, G",Ordinary / private person,Ordinary / private person,memory/testimony,feature / documentary,"Originalhörspiel, Originaltonhörspiel"
https://hoerspiele.dra.de/detailansicht/1417417,Zwischen allen Stühlen (2. Teil),1999,DRA,Victor Klemperer,"Hörspielbearbeitung Victor Klemperer Zwischen allen Stühlen (Tagebücher) CD-Edition: Der Audio Verlag 1999 (3CD's mit Booklet, 161 min. 16 Tracks; ISBN: 3-89813-025-8; 59,95 DM) DeutschlandRadio Berlin / Sender Freies Berlin / Ostdeutscher Rundfunk Brandenburg",Documentary / self-record subject,Documentary / self-record subject,diary/letters,adaptation,Hörspielbearbeitung
https://hoerspiele.dra.de/detailansicht/1418105,Pension Spreewitz (Erinnerungen),1964,DRA,Subject not identified,Hörspiel Thierry RIAS Berlin titel:Erinnerungen Pension Spreewitz (Erinnerungen) Hörspiel Reihentitel: Pension Spreewitz Thierry Pension Spreewitz (Erinnerungen),Ordinary / private person,Ordinary / private person,memory/testimony,other,Hörspiel
https://hoerspiele.dra.de/detailansicht/1417478,Goethe in Dachau,1999,DRA,Nico Rost,Tagebuch) Jochen Meißner: In: Funk-Korrespondenz,Documentary / self-record subject,Documentary / self-record subject,diary/letters,adaptation,Hörspielbearbeitung
https://hoerspiele.dra.de/detailansicht/1418159,Tagebuch eines sentimentalen Killers,1999,DRA,Luis Sepúlveda,"Tagebuch eines sentimentalen Killers Hörspielbearbeitung Luis Sepúlveda Tagebuch eines sentimentalen Killers (Diario de un killer sentimental) (Roman, spanisch) Sender Freies Berlin / Ostdeutscher Rundfunk Brandenburg 1999 titel",Documentary / self-record subject,Documentary / self-record subject,diary/letters,adaptation,Hörspielbearbeitung
https://hoerspiele.dra.de/detailansicht/1418153,Tagebuch eines Verführers,1965,DRA,Søren Aabye Kierkegaard,Tagebuch eines Verführers Hörspiel Søren Aabye Kierkegaard Norddeutscher Rundfunk 1965 titel:Tagebuch Tagebuch eines Verführers Hörspiel Søren Aabye Kierkegaard Tagebuch eines Verführers Komposition: Wolfgang Wölfer Bearbeitung,Documentary / self-record subject,Documentary / self-record subject,diary/letters,other,Hörspiel
https://hoerspiele.dra.de/detailansicht/1423425,Kimmerlingers Abenteuer,1955,DRA,Subject not identified,Hörspielbearbeitung Artur Schubart Kimmerlingers Kavaliere (Erzählungen) Bayerischer Rundfunk 1955 titel:Erinnerungen Kimmerlingers Abenteuer Hörspielbearbeitung Artur Schubart Kimmerlingers Abenteuer Heitere Erinnerungen eines alten Jagdgehilfen Kimmerlingers,Ordinary / private person,Ordinary / private person,memory/testimony,adaptation,Hörspielbearbeitung
https://hoerspiele.dra.de/detailansicht/1427146,Seine Rolle finden,2000,DRA,Christine Nagel,"Originalhörspiel, Dokumentarhörspiel Christine Nagel Christian Deutschmann: In: epd Medien. 08.11.2000. DeutschlandRadio Berlin (Deutschlandradio) 2000 titel:Porträt Seine Rolle finden Originalhörspiel, Dokumentarhörspiel Christine Nagel Seine Rolle finden Ein",Ordinary / private person,Ordinary / private person,portrait,feature / documentary,"Originalhörspiel, Dokumentarhörspiel"
https://hoerspiele.dra.de/detailansicht/1427158,Tagebuch 1985-1989,2000,DRA,Sándor Márai,Tagebuch 1985-1989 Hörspielbearbeitung Sándor Márai Tagebuch 1985-1989 (ungarisch) DeutschlandRadio Köln 2000 titel:Tagebuch; ueberall:Tagebücher Tagebuch 1985-1989 Hörspielbearbeitung Sándor Márai Tagebuch 1985-1989 Tagebuch 19,Documentary / self-record subject,Documentary / self-record subject,diary/letters,adaptation,Hörspielbearbeitung
https://hoerspiele.dra.de/detailansicht/1427972,Briefwechsel mit einem Kollegen,1974,DRA,Gerhard Zwerenz,"Originalhörspiel, Dokumentarhörspiel Gerhard Zwerenz Ernst-Reuter-Preis 1974 Hessischer Rundfunk 1974 ueberall:Briefwechsel; ueberall:autobiographisch Briefwechsel mit einem Kollegen Originalhörspiel, Dokumentarhörspiel Gerhard Zwerenz Briefwechsel mit einem K",Ordinary / private person,Ordinary / private person,biography; autobiography; diary/letters,feature / documentary,"Originalhörspiel, Dokumentarhörspiel"
https://hoerspiele.dra.de/detailansicht/1427974,Briefe für eine Landkarte,1969,DRA,Irena Vrkljan,Briefe für eine Landkarte Hörspiel Irena Vrkljan RIAS Berlin 1969 titel:Briefe Briefe für eine Landkarte Hörspiel Irena Vrkljan Briefe für eine Landkarte Horst Dähne Gert Westphal Weitere Mitwirkende Dagmar von Thomas Maria Kr,Documentary / self-record subject,Documentary / self-record subject,diary/letters,other,Hörspiel
https://hoerspiele.dra.de/detailansicht/1428416,Wartheländisches Tagebuch,1974,DRA,Alexander Hohenstein,Tagebuch Hörspielbearbeitung Alexander Hohenstein Wartheländisches Tagebuch Sender Freies Berlin 1974 titel:Tagebuch Wartheländisches Tagebuch Hörspielbearbeitung Alexander Hohenstein Wartheländisches Tagebuch Wartheländisches T,Documentary / self-record subject,Documentary / self-record subject,diary/letters,adaptation,Hörspielbearbeitung
https://hoerspiele.dra.de/detailansicht/1429651,(schreibt auf. unsere haut.) - PROJEKT RAF,1999,DRA,Paul Plamper; Alban Rehnitz,Briefe von Gefangenen der RAF 1973-1977 Andreas Baader/Wolfgang Beer/Gudrun Ensslin/Hanna Krabbe/Ulrike Meinhof/Holger Meins/Brigitte Mohnhaupt/Irmgard Möller/ Helmut Pohl/Jan Carl Raspe/Bernd Roesner/Margrit Schiller/Ingrid S,Documentary / self-record subject,Documentary / self-record subject,diary/letters,adaptation,Hörspielbearbeitung
https://hoerspiele.dra.de/detailansicht/1430360,Stille Bilder kann ich nicht malen,2000,DRA,Marina Leischner-Farschid,"Feature Marina Leischner-Farschid Mitteldeutscher Rundfunk / Ulf Köhler 2000 titel:Porträt Stille Bilder kann ich nicht malen Feature Marina Leischner-Farschid Stille Bilder kann ich nicht malen Der Künstler Bernhard Heisig im Porträt Holger König, Hans Peter ",Artist / visual artist,Artist / visual artist,portrait,feature / documentary,Feature
https://hoerspiele.dra.de/detailansicht/1430397,Der Todestrieb,1999,DRA,Jacques Mesrine,"Autobiographie, französisch) Christian Blees: FAZ, 23",Ordinary / private person,Ordinary / private person,biography; autobiography,adaptation,Hörspielbearbeitung
https://hoerspiele.dra.de/detailansicht/1430815,"Wer hören will, wird fühlen",2000,DRA,Hans-Jürgen Heinrichs,"Porträt, Essay Hans-Jürgen Heinrichs Frank Kaspar: In: Frankfurter Allgemeine Zeitung. 11.07.2000. Hessischer Rundfunk / Westdeutscher Rundfunk 2000 ueberall:Virginia Woolf Wer hören will, wird fühlen Porträt, Essay Hans-Jürgen Heinrichs Wer hören will, wird f",Ordinary / private person,Ordinary / private person,portrait,portrait,"Porträt, Essay"
https://hoerspiele.dra.de/detailansicht/1432185,Ich spreche als Mensch,2000,DRA,Roana Brogsitter,"Porträt, Originalhörspiel, Dokumentarhörspiel Roana Brogsitter Matthias Schümann: In: Frankfurter Allgemeine Zeitung. 05.06.2000. Bayerischer Rundfunk 2000 titel:Porträt Ich spreche als Mensch Porträt, Originalhörspiel, Dokumentarhörspiel Roana Brogsitter Ich ",Ordinary / private person,Ordinary / private person,portrait,feature / documentary,"Porträt, Originalhörspiel, Dokumentarhörspiel"
https://hoerspiele.dra.de/detailansicht/1431093,Ich bin so gierig nach Leben,2001,DRA,Brigitte Reimann,"Hörspielbearbeitung Brigitte Reimann ""Tagebücher"" und andere Texte CD-Edition: Der Audio Verlag 2004 Norddeutscher Rundfunk / DeutschlandRadio Berlin (Deutschlandradio) 2000 ueberall:Tagebücher Ich bin so gierig nach Leben Hörspielbearbeitung Brigitte Reimann ",Documentary / self-record subject,Documentary / self-record subject,diary/letters,adaptation,Hörspielbearbeitung
https://hoerspiele.dra.de/detailansicht/1432481,Worpsweder Tagebuch,1979,DRA,Alfred Behrens,Tagebuch Hörspiel Alfred Behrens Radio Bremen 1979 titel:Tagebuch Worpsweder Tagebuch Hörspiel Alfred Behrens Worpsweder Tagebuch Alfred Behrens Weitere Mitwirkende Peter Fitz Den verregneten Sommer 1978 verbrachte der Autor als,Author / literary figure,Author / literary figure,diary/letters,other,Hörspiel
https://hoerspiele.dra.de/detailansicht/1433537,Tagebuch/Diario,1999,DRA,José Iges; Concha Jerez,"Tagebuch/Diario Ars acustica José Iges; Concha Jerez Markus Collalti: FAZ, 9",Ordinary / private person,Ordinary / private person,diary/letters; memory/testimony,sound art,Ars acustica
https://hoerspiele.dra.de/detailansicht/1433539,Edgar Varèse,1999,DRA,Rudolf Frisius,"Feature Rudolf Frisius Westdeutscher Rundfunk 1999 titel:Porträt Edgar Varèse Feature Reihentitel: Anthologie Ars Acustica Rudolf Frisius Edgar Varèse Audio-Porträt Jürgen Glosemeyer, Werner Jäger assistenz: Ariane Kessissoglou Claudia Johanna Leist",Ordinary / private person,Ordinary / private person,portrait,feature / documentary,Feature
https://hoerspiele.dra.de/detailansicht/1434071,Teresas Tagebuch,2000,DRA,Sebastian Goy,"Tagebuch Originalhörspiel, Kinderhörspiel Sebastian Goy Südwestrundfunk / Westdeutscher Rundfunk / Bayerischer Rundfunk 2000 titel:Tagebuch Teresas Tagebuch Originalhörspiel, Kinderhörspiel Sebastian Goy Teresas Tagebuch Wolfgan",Family / intimate life; Documentary / self-record subject,Family / intimate life | Documentary / self-record subject,diary/letters,original radio play,"Originalhörspiel, Kinderhörspiel"
https://hoerspiele.dra.de/detailansicht/1434175,Peter Zwetkoff - Porträt des Komponisten als Hörspielmacher,2000,DRA,Komponisten als Hörspielmacher,"Porträt Ulrich Lampen Südwestrundfunk 2000 titel:Porträt Peter Zwetkoff - Porträt des Komponisten als Hörspielmacher Porträt Ulrich Lampen Peter Zwetkoff - Porträt des Komponisten als Hörspielmacher Komposition: Peter Zwetkoff Karl-Heinz Runde, Andrea Sojka Ul",Musician / composer,Musician / composer,portrait,portrait,Porträt
https://hoerspiele.dra.de/detailansicht/1435644,Eismitte,2000,DRA,Johannes Georgi; Simone Weil; René Char,Tagebuch/Texte Eva-Maria Lenz: In: Frankfurter Allgemeine Zeitung,Documentary / self-record subject,Documentary / self-record subject,diary/letters,sound art,Ars acustica
https://hoerspiele.dra.de/detailansicht/1436245,Blitzlichter (2. Teil: Souveränität der Lächerlichkeit),2002,DRA,Ilse Aichinger,Autobiographie) Eva-Maria Lenz: In: Frankfurter Allgemeine Zeitung,Ordinary / private person,Ordinary / private person,biography; autobiography,adaptation,Hörspielbearbeitung
https://hoerspiele.dra.de/detailansicht/1436056,Auf der Suche nach dem Klanng - Atanasio Khyrsh und die Musik der Zukunft,2001,DRA,Moritz Eggert,"Autobiographie Auf der Suche nach dem Klanng - Atanasio Khyrsh und die Musik der Zukunft Porträt, Originalhörspiel Reihentitel: Klangbrüche Moritz Eggert Auf der Suche nach dem Klanng - Atanasio Khyrsh und die Musik der Zukunft Kompos",Musician / composer,Musician / composer,portrait; biography; autobiography,portrait,"Porträt, Originalhörspiel"
https://hoerspiele.dra.de/detailansicht/1436678,Zur Zeit - live,2001,DRA,Hermann Kretzschmar,Ars acustica Hermann Kretzschmar Hessischer Rundfunk 2001 ueberall:autobiographisch Zur Zeit - live Ars acustica Reihentitel: The Artist's Corner Hermann Kretzschmar Zur Zeit - live Komposition: Hermann Kretzschmar Dramaturgie: Manfred Hess Hermann Kretzschmar,Ordinary / private person,Ordinary / private person,biography; autobiography,sound art,Ars acustica
https://hoerspiele.dra.de/detailansicht/1436732,"""Leuchtkugeln aus Blut"" - Ein Thomas Harlan Porträt",2001,DRA,Michael Farin,"Porträt Michael Farin Bayerischer Rundfunk 2001 titel:Porträt ""Leuchtkugeln aus Blut"" - Ein Thomas Harlan Porträt Porträt Michael Farin ""Leuchtkugeln aus Blut"" - Ein Thomas Harlan Porträt Peter Urban, Daniela Röder Bernhard Jugel",Ordinary / private person,Ordinary / private person,portrait,portrait,Porträt
https://hoerspiele.dra.de/detailansicht/1436832,Koljas Briefe,2002,DRA,Adolf Schröder,"Briefe Originalhörspiel, Monolog Adolf Schröder Markus Collalti: In: Frankfurter Allgemeine Zeitung",Documentary / self-record subject,Documentary / self-record subject,diary/letters,original radio play,"Originalhörspiel, Monolog"
https://hoerspiele.dra.de/detailansicht/1436805,Ich bin einsam wie ...,2001,DRA,Gerwig Epkes,Originalhörspiel Gerwig Epkes CD-Edition: Deutsche Grammophon 2001 Südwestrundfunk 2000 ueberall:Briefwechsel Ich bin einsam wie ... Originalhörspiel Gerwig Epkes Ich bin einsam wie ... Franz Kafka und Friedrich Hölderlin Redaktion: Gerwig Epkes Johanna Fegert,Documentary / self-record subject,Documentary / self-record subject,diary/letters,original radio play,Originalhörspiel
https://hoerspiele.dra.de/detailansicht/1437211,Blitzlichter (3. Teil: Augenblicke von Entschluss und Untergang),2002,DRA,Ilse Aichinger,Autobiographie) Eva-Maria Lenz: In: Frankfurter Allgemeine Zeitung,Ordinary / private person,Ordinary / private person,biography; autobiography,adaptation,Hörspielbearbeitung
https://hoerspiele.dra.de/detailansicht/1437210,Blitzlichter (1. Teil: Film und Verhängnis),2002,DRA,Ilse Aichinger,Autobiographie) Eva-Maria Lenz: In: Frankfurter Allgemeine Zeitung,Ordinary / private person,Ordinary / private person,biography; autobiography,adaptation,Hörspielbearbeitung
https://hoerspiele.dra.de/detailansicht/1437212,Blitzlichter (4. Teil: Entwurf einer Zukunft),2002,DRA,Ilse Aichinger,Autobiographie) Eva-Maria Lenz: In: Frankfurter Allgemeine Zeitung,Ordinary / private person,Ordinary / private person,biography; autobiography,adaptation,Hörspielbearbeitung
https://hoerspiele.dra.de/detailansicht/1437213,Blitzlichter (5. Teil: Journal des Verschwindens),2002,DRA,Ilse Aichinger,Autobiographie) Eva-Maria Lenz: In: Frankfurter Allgemeine Zeitung,Ordinary / private person,Ordinary / private person,biography; autobiography,adaptation,Hörspielbearbeitung
https://hoerspiele.dra.de/detailansicht/1437296,"Melville, der Rätselhafte",2002,DRA,Mira Alexandra Schnoor,"Porträt, Originalhörspiel Mira Alexandra Schnoor Bayerischer Rundfunk 2002 ueberall:Tagebücher Melville, der Rätselhafte Porträt, Originalhörspiel Mira Alexandra Schnoor Melville, der Rätselhafte Leben und Werk eines großen amerikanischen Dichters Christine Ga",Author / literary figure,Author / literary figure,portrait; diary/letters,portrait,"Porträt, Originalhörspiel"
https://hoerspiele.dra.de/detailansicht/1437268,The making of Roaratorio,2002,DRA,Klaus Schöning,"Porträt Klaus Schöning DeutschlandRadio Köln 2002 titel:Erinnerungen The making of Roaratorio Porträt Reihentitel: Erinnerungen an John Cage Klaus Schöning The making of Roaratorio Dokumentation Hans-Martin Renz, Jutta Stein Realisation: Klaus Schöning",Ordinary / private person,Ordinary / private person,portrait; memory/testimony,portrait,Porträt
https://hoerspiele.dra.de/detailansicht/1437351,Tagebuch eines sentimentalen Killers,2002,DRA,Luis Sepúlveda,"Tagebuch eines sentimentalen Killers Hörspielbearbeitung, Kriminalhörspiel Luis Sepúlveda Tagebuch eines sentimentalen Killers (Roman, spanisch) Christian Deutschmann: In: Frankfurter Allgemeine Zeitung",Documentary / self-record subject,Documentary / self-record subject,diary/letters,adaptation,"Hörspielbearbeitung, Kriminalhörspiel"
https://hoerspiele.dra.de/detailansicht/1437384,Nie wieder! (3. Teil: Briefe an Barbara),2002,DRA,Leo Meter,"Briefe an Barbara) Hörspielbearbeitung, Kinderhörspiel Leo Meter Briefe an Barbara (Feldpostbriefe) CD-Edition: Random House Audio 2003 | CIVIS Medienpreis 2002 (Besondere Programmleistungen Radio) | CD des Monats April 2004 (",Family / intimate life; Documentary / self-record subject,Family / intimate life | Documentary / self-record subject,diary/letters,adaptation,"Hörspielbearbeitung, Kinderhörspiel"
https://hoerspiele.dra.de/detailansicht/1438374,Memorial,1956,DRA,Günther Weisenborn,Autobiographie) Rundfunk der DDR vor 21,Ordinary / private person,Ordinary / private person,biography; autobiography; memory/testimony,adaptation,Hörspielbearbeitung
https://hoerspiele.dra.de/detailansicht/1440546,Ein Jahr mit Thomas Bernhard (2. Teil: Wegen 2 Minuten kann nicht gespielt werden),2002,DRA,Karl Ignaz Hennetmair,Tagebuch) CD-Edition: Hoffmann und Campe 2002 | Frank Olbert: In: Frankfurter Allgemeine Zeitung,Documentary / self-record subject,Documentary / self-record subject,diary/letters,adaptation,Hörspielbearbeitung
https://hoerspiele.dra.de/detailansicht/1441137,"Zur Zeit - live, revisited",2003,DRA,Hermann Kretzschmar,Ars acustica Hermann Kretzschmar Frank Olbert: Frankfurter Allgemeine Zeitung. 23.05.2003. - Hans-Jürgen Linke: Frankfurter Rundschau. - Markus Collalti: Funk-Korrespondenz. Jahrgang. 28.05.2003. Hessischer Rundfunk 2003 ueberall:autobiographisch Zur Zeit - li,Ordinary / private person,Ordinary / private person,biography; autobiography,sound art,Ars acustica
https://hoerspiele.dra.de/detailansicht/1441250,Heim-Suchungen,1971,DRA,Helga M. Novak,"Hörspiel Helga M. Novak Westdeutscher Rundfunk 1971 titel:Porträt Heim-Suchungen Hörspiel Helga M. Novak Heim-Suchungen Ein Doppel-Porträt, hörbar gemacht Komposition: Enno Dugend Friedhelm Ortmann",Ordinary / private person,Ordinary / private person,portrait,other,Hörspiel
https://hoerspiele.dra.de/detailansicht/1441212,Ein Porträt des plattdeutschen Autors Christian Holsten,1976,DRA,plattdeutschen Autors Christian Holsten,Mundarthörspiel Hans O. Gronau Westdeutscher Rundfunk 1975 titel:Porträt Ein Porträt des plattdeutschen Autors Christian Holsten Mundarthörspiel Reihentitel: Ne Göpsvull Wäörde Hans O. Gronau Ein Porträt des plattdeutschen Autors Christian Holsten Wolfram Rose,Author / literary figure,Author / literary figure,portrait,other,Mundarthörspiel
https://hoerspiele.dra.de/detailansicht/1441789,Fortsetzung einer Biographie,1978,DRA,Hannelies Taschau,Originalhörspiel Hannelies Taschau Hörspiel des Monats August 1978 Westdeutscher Rundfunk 1978 titel:Biographie Fortsetzung einer Biographie Originalhörspiel Reihentitel: Gestörtes Leben - Private Fälle Hannelies Taschau Fortsetzung einer Biographie Otto Düben,Family / intimate life; Documentary / self-record subject,Family / intimate life | Documentary / self-record subject,biography,original radio play,Originalhörspiel
https://hoerspiele.dra.de/detailansicht/1441334,Deiner fernen Wüste Trauer,2003,DRA,Subject not identified,"Hörspielbearbeitung Maria Wolkonskaja Memoiren (Prosa, russisch) Silvia Schulz: Neues Deutschland. 18.10.2003. DeutschlandRadio Köln 2003 titel:Erinnerungen; ueberall:Memoiren Deiner fernen Wüste Trauer Hörspielbearbeitung Reihentitel: Zeitreserve Sibirien Mar",Ordinary / private person,Ordinary / private person,memory/testimony,adaptation,Hörspielbearbeitung
https://hoerspiele.dra.de/detailansicht/1442954,Ein weiter Weg (Teil 1: Aller Anfang ist Maloche),1969,DRA,Fritz Selbmann,Autobiographie) Rundfunk der DDR 1969 ueberall:Autobiographie Ein weiter Weg (Teil 1: Aller Anfang ist Maloche) Hörspielbearbeitung Fritz Selbmann Ein weiter Weg (Teil 1: Aller Anfang ist Maloche) Alternative - Bilanz - Credo (Autobio,Ordinary / private person,Ordinary / private person,biography; autobiography,adaptation,Hörspielbearbeitung
https://hoerspiele.dra.de/detailansicht/1442955,Ein weiter Weg (Teil 2: Heimfahrt ins gelobte Land),1969,DRA,Fritz Selbmann,Autobiographie) Rundfunk der DDR 1969 ueberall:Autobiographie Ein weiter Weg (Teil 2: Heimfahrt ins gelobte Land) Hörspielbearbeitung Fritz Selbmann Ein weiter Weg (Teil 2: Heimfahrt ins gelobte Land) Alternative - Bilanz - Credo (Aut,Ordinary / private person,Ordinary / private person,biography; autobiography,adaptation,Hörspielbearbeitung
https://hoerspiele.dra.de/detailansicht/1442956,Ein weiter Weg (Teil 3: Das Jahr 1923),1969,DRA,Fritz Selbmann,Autobiographie) Rundfunk der DDR 1969 ueberall:Autobiographie Ein weiter Weg (Teil 3: Das Jahr 1923) Hörspielbearbeitung Fritz Selbmann Ein weiter Weg (Teil 3: Das Jahr 1923) Alternative - Bilanz - Credo (Autobiographie) Rolf Gumlich,Ordinary / private person,Ordinary / private person,biography; autobiography,adaptation,Hörspielbearbeitung
https://hoerspiele.dra.de/detailansicht/1442957,Ein weiter Weg (Teil 4: Schlesisches Zwischenspiel),1969,DRA,Fritz Selbmann,Autobiographie) Rundfunk der DDR 1969 ueberall:Autobiographie Ein weiter Weg (Teil 4: Schlesisches Zwischenspiel) Hörspielbearbeitung Fritz Selbmann Ein weiter Weg (Teil 4: Schlesisches Zwischenspiel) Alternative - Bilanz - Credo (Aut,Ordinary / private person,Ordinary / private person,biography; autobiography,adaptation,Hörspielbearbeitung
https://hoerspiele.dra.de/detailansicht/1442958,Ein weiter Weg (Teil 5: Wetterleuchten),1969,DRA,Fritz Selbmann,Autobiographie) Rundfunk der DDR 1969 ueberall:Autobiographie Ein weiter Weg (Teil 5: Wetterleuchten) Hörspielbearbeitung Fritz Selbmann Ein weiter Weg (Teil 5: Wetterleuchten) Alternative - Bilanz - Credo (Autobiographie) Rolf Gumlic,Ordinary / private person,Ordinary / private person,biography; autobiography,adaptation,Hörspielbearbeitung
https://hoerspiele.dra.de/detailansicht/1442959,Ein weiter Weg (Teil 6: Und wenn es tausend Jahre wären),1969,DRA,Fritz Selbmann,Autobiographie) Rundfunk der DDR 1969 ueberall:Autobiographie Ein weiter Weg (Teil 6: Und wenn es tausend Jahre wären) Hörspielbearbeitung Fritz Selbmann Ein weiter Weg (Teil 6: Und wenn es tausend Jahre wären) Alternative - Bilanz -,Ordinary / private person,Ordinary / private person,biography; autobiography,adaptation,Hörspielbearbeitung
https://hoerspiele.dra.de/detailansicht/1442960,Ein weiter Weg (Teil 7: Die lange Nacht),1969,DRA,Fritz Selbmann,Autobiographie) Rundfunk der DDR 1969 ueberall:Autobiographie Ein weiter Weg (Teil 7: Die lange Nacht) Hörspielbearbeitung Fritz Selbmann Ein weiter Weg (Teil 7: Die lange Nacht) Alternative - Bilanz - Credo (Autobiographie) Rolf Guml,Ordinary / private person,Ordinary / private person,biography; autobiography,adaptation,Hörspielbearbeitung
https://hoerspiele.dra.de/detailansicht/1442961,Ein weiter Weg (Teil 8: Ankunft in der Stunde Null),1969,DRA,Fritz Selbmann,Autobiographie) Rundfunk der DDR 1969 ueberall:Autobiographie Ein weiter Weg (Teil 8: Ankunft in der Stunde Null) Hörspielbearbeitung Fritz Selbmann Ein weiter Weg (Teil 8: Ankunft in der Stunde Null) Alternative - Bilanz - Credo (Aut,Ordinary / private person,Ordinary / private person,biography; autobiography,adaptation,Hörspielbearbeitung
https://hoerspiele.dra.de/detailansicht/1443138,Zwei Briefe an Pospischiel (Teil 2: Der zweite Brief),1972,DRA,Max von der Grün; Gerhard Bengsch,"Briefe an Pospischiel (Teil 2: Der zweite Brief) Hörspielbearbeitung Max von der Grün; Gerhard Bengsch Zwei Briefe an Pospischiel (Roman), Zwei Briefe an Pospischiel (Drehbuch) Rundfunk der DDR 1971 titel:Briefe Zwei Briefe an",Documentary / self-record subject,Documentary / self-record subject,diary/letters,adaptation,Hörspielbearbeitung
https://hoerspiele.dra.de/detailansicht/1443137,Zwei Briefe an Pospischiel (Teil 1: Der erste Brief),1972,DRA,Max von der Grün; Gerhard Bengsch,"Briefe an Pospischiel (Teil 1: Der erste Brief) Hörspielbearbeitung Max von der Grün; Gerhard Bengsch Zwei Briefe an Pospischiel (Roman), Zwei Briefe an Pospischiel (Drehbuch) Rundfunk der DDR 1971 titel:Briefe Zwei Briefe an",Documentary / self-record subject,Documentary / self-record subject,diary/letters,adaptation,Hörspielbearbeitung
https://hoerspiele.dra.de/detailansicht/1443189,Biographie einer Landschaft,1973,DRA,Günter Wünsche,"Originalhörspiel Günter Wünsche Rundfunk der DDR 1972 titel:Biographie Biographie einer Landschaft Originalhörspiel Günter Wünsche Biographie einer Landschaft Dramaturgie: Gerhard Rentzsch Hans Blache, Sigrid Steger assistenz: Hannelore Solter Fritz Göhler",Documentary / self-record subject,Documentary / self-record subject,biography,original radio play,Originalhörspiel
https://hoerspiele.dra.de/detailansicht/1443207,Erwachen in Mississippi,1973,DRA,Anne Moody,"Autobiographie, amerikanisch) Rundfunk der DDR 1972 ueberall:Autobiographie Erwachen in Mississippi Hörspielbearbeitung, Monolog Anne Moody Erwachen in Mississippi Erwachen in Mississippi (Autobiographie, amerikanisch) Jochen Hauser E",Ordinary / private person,Ordinary / private person,biography; autobiography,adaptation,"Hörspielbearbeitung, Monolog"
https://hoerspiele.dra.de/detailansicht/1443224,Briefe in die Ferne,1973,DRA,Karlheinz Zydoreck,"Briefe in die Ferne Originalhörspiel, Kurzhörspiel Karlheinz Zydoreck Rundfunk der DDR 1973 titel:Briefe Briefe in die Ferne Originalhörspiel, Kurzhörspiel Karlheinz Zydoreck Briefe in die Ferne Hans Blache, Edith Konzack Joac",Documentary / self-record subject,Documentary / self-record subject,diary/letters,original radio play,"Originalhörspiel, Kurzhörspiel"
https://hoerspiele.dra.de/detailansicht/1443211,Die letzte Seite im Tagebuch,1973,DRA,Gisela Steineckert,Tagebuch Originalhörspiel Gisela Steineckert Rundfunk der DDR 1972 titel:Tagebuch Die letzte Seite im Tagebuch Originalhörspiel Gisela Steineckert Die letzte Seite im Tagebuch Dramaturgie: Christa Vetter assistenz: Barbara Plens,Documentary / self-record subject,Documentary / self-record subject,diary/letters,original radio play,Originalhörspiel
https://hoerspiele.dra.de/detailansicht/1443355,Briefe an Anne,1975,DRA,Ulrike Schünemann,"Briefe an Anne Originalhörspiel, Kurzhörspiel Ulrike Schünemann Rundfunk der DDR 1975 titel:Briefe Briefe an Anne Originalhörspiel, Kurzhörspiel Ulrike Schünemann Briefe an Anne Dramaturgie: Karin Ney Eva Lau, Eckhard Fischer",Documentary / self-record subject,Documentary / self-record subject,diary/letters,original radio play,"Originalhörspiel, Kurzhörspiel"
https://hoerspiele.dra.de/detailansicht/1443344,Briefe aus New York,1974,DRA,Edith Anderson,"Briefe aus New York Originalhörspiel Edith Anderson Rundfunk der DDR 1974 titel:Briefe Briefe aus New York Originalhörspiel Edith Anderson Briefe aus New York Dramaturgie: Christa Vetter Jürgen Meinel, Brigitte Pumptow assiste",Documentary / self-record subject,Documentary / self-record subject,diary/letters,original radio play,Originalhörspiel
https://hoerspiele.dra.de/detailansicht/1443399,Das Tagebuch der Eva Forest,1975,DRA,Eva Forest,"Tagebuch der Eva Forest Hörspielbearbeitung Eva Forest Das Tagebuch der Eva Forest (Prosa, spanisch) Rundfunk der DDR 1975 titel:Tagebuch Das Tagebuch der Eva Forest Hörspielbearbeitung Eva Forest Das Tagebuch der Eva Forest Das",Documentary / self-record subject,Documentary / self-record subject,diary/letters,adaptation,Hörspielbearbeitung
https://hoerspiele.dra.de/detailansicht/1443441,"Jürgen Gundlach, Produktionsdirektor der LPG Kotelow",1976,DRA,Günter Ebert,"Originalhörspiel, Kurzhörspiel Günter Ebert Rundfunk der DDR 1976 titel:Porträt Jürgen Gundlach, Produktionsdirektor der LPG Kotelow Originalhörspiel, Kurzhörspiel Reihentitel: Unser Porträt zum IX. Günter Ebert Jürgen Gundlach, Produktionsdirektor der LPG Kot",Ordinary / private person,Ordinary / private person,portrait,original radio play,"Originalhörspiel, Kurzhörspiel"
https://hoerspiele.dra.de/detailansicht/1443482,Erinnerungen an Rüdiger Kremer,2002,DRA,Peter Dahl,Porträt Peter Dahl Radio Bremen 2002 titel:Erinnerungen Erinnerungen an Rüdiger Kremer Porträt Peter Dahl Erinnerungen an Rüdiger Kremer Martina Rockstroh Holger Rink,Ordinary / private person,Ordinary / private person,portrait; memory/testimony,portrait,Porträt
https://hoerspiele.dra.de/detailansicht/1443438,"Gertrud Westphal, Dreherin im VEB Büromaschinenwerk Sömmerda",1976,DRA,Klaus Hemberger,"Originalhörspiel, Kurzhörspiel Klaus Hemberger Rundfunk der DDR 1976 titel:Porträt Gertrud Westphal, Dreherin im VEB Büromaschinenwerk Sömmerda Originalhörspiel, Kurzhörspiel Reihentitel: Unser Porträt zum IX. Klaus Hemberger Gertrud Westphal, Dreherin im VEB ",Ordinary / private person,Ordinary / private person,portrait,original radio play,"Originalhörspiel, Kurzhörspiel"
https://hoerspiele.dra.de/detailansicht/1443439,"Willi Stachelhaus, Brigadier im VEB Kranbau Eberswalde",1976,DRA,Joachim Ret,"Originalhörspiel, Kurzhörspiel Joachim Ret Rundfunk der DDR 1976 titel:Porträt Willi Stachelhaus, Brigadier im VEB Kranbau Eberswalde Originalhörspiel, Kurzhörspiel Reihentitel: Unser Porträt zum IX. Joachim Ret Willi Stachelhaus, Brigadier im VEB Kranbau Eber",Ordinary / private person,Ordinary / private person,portrait,original radio play,"Originalhörspiel, Kurzhörspiel"
https://hoerspiele.dra.de/detailansicht/1443485,Der Fliegerpfeil,2002,DRA,Robert Musil,"Tagebuch aus dem ersten Weltkrieg notiert Robert Musil: ""Das Schrapnellstück oder der Fliegerpfeil auf Tenna: Man hört es schon lange",Documentary / self-record subject,Documentary / self-record subject,diary/letters,adaptation,Hörspielbearbeitung
https://hoerspiele.dra.de/detailansicht/1443955,Ryôan-Ji oder Die Gärten der Leere / Just to rolywholyover,2002,DRA,Subject not identified,Ars acustica Klaus Schöning DeutschlandRadio Köln 2002 titel:Erinnerungen Ryôan-Ji oder Die Gärten der Leere / Just to rolywholyover Ars acustica Reihentitel: Erinnerungen an John Cage Klaus Schöning Ryôan-Ji oder Die Gärten der Leere / Just to rolywholyover S,Ordinary / private person,Ordinary / private person,memory/testimony,sound art,Ars acustica
https://hoerspiele.dra.de/detailansicht/1443954,Mushroom Talk,2002,DRA,Klaus Schöning,"Gespräch, Porträt Klaus Schöning Westdeutscher Rundfunk / DeutschlandRadio Köln 2002 titel:Erinnerungen Mushroom Talk Gespräch, Porträt Reihentitel: Erinnerungen an John Cage Klaus Schöning Mushroom Talk NachtCage Tag Hans-Martin Renz, Jutta Stein Realisation:",Ordinary / private person,Ordinary / private person,portrait; memory/testimony,portrait,"Gespräch, Porträt"
https://hoerspiele.dra.de/detailansicht/1444158,Erinnerungen,1980,DRA,Subject not identified,Kurzhörspiel Detlef Michelers Sender Freies Berlin 1979 titel:Erinnerungen Erinnerungen Kurzhörspiel Detlef Michelers Erinnerungen oder: Gemeinsam passen wir in keinen Topf Rolf von Goth,Ordinary / private person,Ordinary / private person,memory/testimony,other,Kurzhörspiel
https://hoerspiele.dra.de/detailansicht/1444026,Wie eine Staubwolke von Noten,1975,DRA,Ekkehard Sass,"Originalhörspiel Ekkehard Sass Norddeutscher Rundfunk / Sender Freies Berlin / Westdeutscher Rundfunk 1975 titel:Porträt Wie eine Staubwolke von Noten Originalhörspiel Ekkehard Sass Wie eine Staubwolke von Noten Porträt eines Orchesters Erich Matthias, Karl-Ot",Ordinary / private person,Ordinary / private person,portrait,original radio play,Originalhörspiel
https://hoerspiele.dra.de/detailansicht/1444843,Das Handwerk des Lebens (1. Teil: 1935-1939),2003,DRA,Cesare Pavese,"Tagebuch, italienisch) Waldemar Schmid: Funk-Korrespondenz",Ordinary / private person,Ordinary / private person,biography; diary/letters,adaptation,Hörspielbearbeitung
https://hoerspiele.dra.de/detailansicht/1444869,Blitzlichter (Langfassung),2002,DRA,Ilse Aichinger,Autobiographie) Eva-Maria Lenz: In: Frankfurter Allgemeine Zeitung,Ordinary / private person,Ordinary / private person,biography; autobiography,adaptation,Hörspielbearbeitung
https://hoerspiele.dra.de/detailansicht/1444844,Das Handwerk des Lebens (2. Teil: 1939-1950),2003,DRA,Cesare Pavese,"Tagebuch, italienisch) Waldemar Schmid: Funk-Korrespondenz",Ordinary / private person,Ordinary / private person,biography; diary/letters,adaptation,Hörspielbearbeitung
https://hoerspiele.dra.de/detailansicht/1445045,Blagomir Alexiev - Ein Porträt,2002,DRA,Gisela Erbslöh,"Porträt Gisela Erbslöh Südwestrundfunk 2002 titel:Porträt Blagomir Alexiev - Ein Porträt Porträt Gisela Erbslöh Blagomir Alexiev - Ein Porträt Alfred Habelitz, Andrea Gress Iris Drögekamp",Ordinary / private person,Ordinary / private person,portrait,portrait,Porträt
https://hoerspiele.dra.de/detailansicht/1445261,Porträt einer verfilmten Landschaft,1977,DRA,Elfriede Jelinek,Originalhörspiel Elfriede Jelinek Ramsau am Dachstein (Film) Süddeutscher Rundfunk 1977 titel:Porträt Porträt einer verfilmten Landschaft Originalhörspiel Elfriede Jelinek Porträt einer verfilmten Landschaft Ramsau am Dachstein (Film) Komposition: Peter Zwetko,Ordinary / private person,Ordinary / private person,portrait,original radio play,Originalhörspiel
https://hoerspiele.dra.de/detailansicht/1445980,Verurteilt oder Christa Palms Briefe in den Knast,1976,DRA,Wolfgang Schiffer; Charles Dürr,"Briefe in den Knast Originalhörspiel, Dokumentarhörspiel Wolfgang Schiffer; Charles Dürr Westdeutscher Rundfunk 1976 titel:Briefe Verurteilt oder Christa Palms Briefe in den Knast Originalhörspiel, Dokumentarhörspiel Wolfgang",Documentary / self-record subject,Documentary / self-record subject,diary/letters,feature / documentary,"Originalhörspiel, Dokumentarhörspiel"
https://hoerspiele.dra.de/detailansicht/1446234,Exakte Vision. Helen Hessels Jules und Jim,2004,DRA,Helen Hessel,Briefe und Tagebücher Jochen Meißner: Funk-Korrespondenz,Documentary / self-record subject,Documentary / self-record subject,diary/letters,adaptation,Hörspielbearbeitung
https://hoerspiele.dra.de/detailansicht/1446549,Le Rêveur Au Sourire Passager,2003,DRA,Marietta Morawska-Büngeler,"Ars acustica Marietta Morawska-Büngeler Westdeutscher Rundfunk 2003 titel:Porträt Le Rêveur Au Sourire Passager Ars acustica Marietta Morawska-Büngeler Le Rêveur Au Sourire Passager Ein Porträt des belgischen Komponisten, Soundpoeten und Erfinders Leo Küpper R",Musician / composer,Musician / composer,portrait,sound art,Ars acustica
https://hoerspiele.dra.de/detailansicht/1446756,Schlußball (1. Teil: Erinnerungen aus Neu-Spuhl),1960,DRA,Subject not identified,Hörspielbearbeitung Gerd Gaiser Sender Freies Berlin 1960 titel:Erinnerungen Schlußball (1. Teil: Erinnerungen aus Neu-Spuhl) Hörspielbearbeitung Gerd Gaiser Schlußball (1. Teil: Erinnerungen aus Neu-Spuhl) Franz Tumler Lothar Kompatzki,Ordinary / private person,Ordinary / private person,memory/testimony,adaptation,Hörspielbearbeitung
https://hoerspiele.dra.de/detailansicht/1446878,48 PS. Zur Biographie der Autos,1976,DRA,Peter Faecke; Rainer Ostendorf,"Zur Biographie der Autos Hörspiel Peter Faecke; Rainer Ostendorf Westdeutscher Rundfunk 1976 titel:Biographie Hörspiel Peter Faecke , Rainer Ostendorf 48 PS. Zur Biographie der Autos Hörspiel Rainer Ostendorf",Documentary / self-record subject,Documentary / self-record subject,biography,other,Hörspiel
https://hoerspiele.dra.de/detailansicht/1446910,The Retreat Diaries - Tagebuch eines Rückzugs,2003,DRA,William S. Burroughs,Tagebuch eines Rückzugs Hörspielbearbeitung William S,Documentary / self-record subject,Documentary / self-record subject,diary/letters,adaptation,Hörspielbearbeitung
https://hoerspiele.dra.de/detailansicht/1446943,Fanny,2003,DRA,Heidi Knoblich,"Hörspielbearbeitung, Mundarthörspiel Heidi Knoblich Fanny (Theaterstück) Christian Hörburger: Funk-Korrespondenz. Jahrgang. 09.01.2004. Südwestrundfunk 2003 titel:Porträt Fanny Hörspielbearbeitung, Mundarthörspiel Heidi Knoblich Fanny Ein Porträt der ""Feldberg",Actor / performer,Actor / performer,portrait,adaptation,"Hörspielbearbeitung, Mundarthörspiel"
https://hoerspiele.dra.de/detailansicht/1446946,"Im Zug der Zeit oder Wo geht's lang, Genosse Stalin? (2. Teil: Von Moskau in den Krieg)",2003,DRA,Georgi Dimitroff,"Tagebuch, russisch; bulgarisch) Andreas Matzdorf: Funk-Korrespondenz",Political / historical figure,Political / historical figure,diary/letters,adaptation,Hörspielbearbeitung
https://hoerspiele.dra.de/detailansicht/1447208,Außer Briefe schreiben kann man hier nichts,1978,DRA,Peter Goedel; Herbert Hoven,"Briefe schreiben kann man hier nichts Originalhörspiel Peter Goedel; Herbert Hoven Westdeutscher Rundfunk 1978 titel:Briefe Außer Briefe schreiben kann man hier nichts Originalhörspiel Peter Goedel , Herbert Hoven Außer Briefe",Documentary / self-record subject,Documentary / self-record subject,diary/letters,original radio play,Originalhörspiel
https://hoerspiele.dra.de/detailansicht/1447246,Trem Pàssaro,2003,DRA,Denise Garcia,Porträt Denise Garcia DeutschlandRadio Berlin (Deutschlandradio) 2003 titel:Porträt Trem Pàssaro Porträt Denise Garcia Trem Pàssaro Porträt der brasilianischen Klangkomponistin Denise Garcia Nathalie Singer Komposition: Denise Garcia Martin Eichberg Nathalie S,Ordinary / private person,Ordinary / private person,portrait,portrait,Porträt
https://hoerspiele.dra.de/detailansicht/1447238,Das einzig Sichere ist das Wagnis,2003,DRA,Sylvia Rauer,Porträt Sylvia Rauer DeutschlandRadio Berlin (Deutschlandradio) 2003 titel:Porträt Das einzig Sichere ist das Wagnis Porträt Sylvia Rauer Das einzig Sichere ist das Wagnis Felix Jackson - Ein Porträt Thomas Monnerjahn Sylvia Rauer,Ordinary / private person,Ordinary / private person,portrait; biography,portrait,Porträt
https://hoerspiele.dra.de/detailansicht/1447271,Reden in der Dämmerung,1985,DRA,Subject not identified,"Originalhörspiel Volkmar Röhrig; Matthias Thalheim Rundfunk der DDR 1985 titel:Erinnerungen Reden in der Dämmerung Originalhörspiel Volkmar Röhrig , Matthias Thalheim Reden in der Dämmerung Zwei Erinnerungen Dramaturgie: Heide Böwe Peter Kainz, Tina Emmerling ",Ordinary / private person,Ordinary / private person,memory/testimony,original radio play,Originalhörspiel
https://hoerspiele.dra.de/detailansicht/1447446,"Hilde Duwe, Arbeiterin im VEB Alwo in Brandenburg",1976,DRA,Peter Goslicki,"Originalhörspiel, Kurzhörspiel Peter Goslicki Rundfunk der DDR 1976 titel:Porträt Hilde Duwe, Arbeiterin im VEB Alwo in Brandenburg Originalhörspiel, Kurzhörspiel Reihentitel: Unser Porträt zum IX. Peter Goslicki Hilde Duwe, Arbeiterin im VEB Alwo in Brandenbu",Collective / community,Collective / community,portrait,original radio play,"Originalhörspiel, Kurzhörspiel"
https://hoerspiele.dra.de/detailansicht/1447582,Der Vortrag,1978,DRA,Jana Kursawe,"Tagebuch Der Vortrag Originalhörspiel, Kurzhörspiel Reihentitel: Momentaufnahme Jana Kursawe Der Vortrag Aus dem Tagebuch einer Vierzehnjährigen Dramaturgie: Karin Ney Jürgen Meinel Barbara Plensat Weitere Mitwirkende Haik Lindo",Documentary / self-record subject,Documentary / self-record subject,diary/letters,original radio play,"Originalhörspiel, Kurzhörspiel"
https://hoerspiele.dra.de/detailansicht/1447448,"Irene Richter, Schichtmeister im VEB Kunstseidenwerk ""Siegfried Rädel"" in Pirna",1976,DRA,Peter Biele; Elifius Paffrath,"Originalhörspiel, Kurzhörspiel Peter Biele; Elifius Paffrath Rundfunk der DDR 1976 titel:Porträt Irene Richter, Schichtmeister im VEB Kunstseidenwerk ""Siegfried Rädel"" in Pirna Originalhörspiel, Kurzhörspiel Reihentitel: Unser Porträt zum IX. Peter Biele , Eli",Artist / visual artist,Artist / visual artist,portrait,original radio play,"Originalhörspiel, Kurzhörspiel"
https://hoerspiele.dra.de/detailansicht/1447447,"Siegfried Pilling, Meister im Fritz-Heckert-Werk in Karl-Marx-Stadt",1976,DRA,Siegfried Pfaff,"Originalhörspiel, Kurzhörspiel Siegfried Pfaff Rundfunk der DDR 1976 titel:Porträt Siegfried Pilling, Meister im Fritz-Heckert-Werk in Karl-Marx-Stadt Originalhörspiel, Kurzhörspiel Reihentitel: Unser Porträt zum IX. Siegfried Pfaff Siegfried Pilling, Meister ",Collective / community,Collective / community,portrait,original radio play,"Originalhörspiel, Kurzhörspiel"
https://hoerspiele.dra.de/detailansicht/1447450,Keine Irrfahrt für Odysseus oder Erinnerungen eines gewissen Kautz,1976,DRA,Subject not identified,Originalhörspiel Hans-Ulrich Lüdemann Rundfunk der DDR 1976 titel:Erinnerungen Keine Irrfahrt für Odysseus oder Erinnerungen eines gewissen Kautz Originalhörspiel Hans-Ulrich Lüdemann Keine Irrfahrt für Odysseus oder Erinnerungen eines gewissen Kautz Kompositi,Ordinary / private person,Ordinary / private person,memory/testimony,original radio play,Originalhörspiel
https://hoerspiele.dra.de/detailansicht/1447451,"Lieselotte Kullmann, Textilarbeiterin im VEB Buntgarnwerke Leipzig-Markleeberg",1976,DRA,Ulrike Schünemann,"Originalhörspiel, Kurzhörspiel Ulrike Schünemann Rundfunk der DDR 1976 titel:Porträt Lieselotte Kullmann, Textilarbeiterin im VEB Buntgarnwerke Leipzig-Markleeberg Originalhörspiel, Kurzhörspiel Reihentitel: Unser Porträt zum IX. Ulrike Schünemann Lieselotte K",Ordinary / private person,Ordinary / private person,portrait,original radio play,"Originalhörspiel, Kurzhörspiel"
https://hoerspiele.dra.de/detailansicht/1447662,Dero ergebenster Lessing,1979,DRA,Gotthold Ephraim Lessing,"Based on letters, writings, and documents from the final years of Gotthold Ephraim Lessing.",Author / literary figure,manual override,diary/letters,feature / documentary,Feature
https://hoerspiele.dra.de/detailansicht/1447613,Alles Humbug,1978,DRA,P. T. Barnum,"Autobiographie, amerikanisch) Rundfunk der DDR 1978 ueberall:Autobiographie Alles Humbug Hörspielbearbeitung P",Ordinary / private person,Ordinary / private person,biography; autobiography; life story,adaptation,Hörspielbearbeitung
https://hoerspiele.dra.de/detailansicht/1447948,Rudi ist tot,1983,DRA,Siegfried Hanusch; Birgit Kessler,"Feature, Originaltonfeature Siegfried Hanusch; Birgit Kessler Rundfunk der DDR 1983 titel:Erinnerungen Rudi ist tot Feature, Originaltonfeature Siegfried Hanusch , Birgit Kessler Rudi ist tot Erinnerungen an einen Lebendigen Komposition: Ulrich Sachse, Andreas",Ordinary / private person,Ordinary / private person,portrait; memory/testimony,feature / documentary,"Feature, Originaltonfeature"
https://hoerspiele.dra.de/detailansicht/1447707,Und morgen geht's weiter,1979,DRA,Siegfried Hanusch,"Feature, Originaltonfeature Siegfried Hanusch Rundfunk der DDR 1979 titel:Porträt Und morgen geht's weiter Feature, Originaltonfeature Siegfried Hanusch Und morgen geht's weiter Unvollständiges Porträt eines Zeitgenossen erfragt und montiert durch Siegfried Ha",Ordinary / private person,Ordinary / private person,portrait,feature / documentary,"Feature, Originaltonfeature"
https://hoerspiele.dra.de/detailansicht/1448012,"Damals, als ich heimkam",1984,DRA,Subject not identified,"Originalhörspiel Rolf Wohlgemuth Rundfunk der DDR 1984 titel:Erinnerungen Damals, als ich heimkam Originalhörspiel Rolf Wohlgemuth Damals, als ich heimkam Erinnerungen an einen Sommer Dramaturgie: Gerhard Rentzsch Erika Schüttauf, Heike Köhler assistenz: Stank",Ordinary / private person,Ordinary / private person,memory/testimony,original radio play,Originalhörspiel
https://hoerspiele.dra.de/detailansicht/1448573,Der letzte Penny,1969,DRA,Subject not identified,Hörspiel Manfred Bieler Norddeutscher Rundfunk 1969 ueberall:Memoiren Der letzte Penny Hörspiel Manfred Bieler Der letzte Penny Redaktion: Heinz Schwitzke assistenz: Willy Lamster Fritz Schröder-Jahn,Unclear / needs review,Unclear / needs review,implicit,other,Hörspiel
https://hoerspiele.dra.de/detailansicht/1448675,"""Sehr verehrter Heinz Rühmann ...""",2002,DRA,Heinz Rühmann; N. N.,"Briefe an Heinz Rühmann Radio Bremen 2002 ueberall:Nachlass ""Sehr verehrter Heinz Rühmann",Documentary / self-record subject,Documentary / self-record subject,portrait; diary/letters,portrait,"Hörspielbearbeitung, Kurzhörspiel, Porträt"
https://hoerspiele.dra.de/detailansicht/1448805,Das türkische Rezept oder Leichenschmaus mit Erinnerungen (mit Musikwalzer),1978,DRA,Subject not identified,Originalhörspiel Helga M. Novak Süddeutscher Rundfunk 1978 titel:Erinnerungen Das türkische Rezept oder Leichenschmaus mit Erinnerungen (mit Musikwalzer) Originalhörspiel Helga M. Novak Das türkische Rezept oder Leichenschmaus mit Erinnerungen (mit Musikwalzer,Musician / composer,Musician / composer,memory/testimony,original radio play,Originalhörspiel
https://hoerspiele.dra.de/detailansicht/1448840,Tagebuch einer Anpassung,1975,DRA,Ernst Bruun-Olsen,Tagebuch einer Anpassung Originalhörspiel Ernst Bruun-Olsen Hessischer Rundfunk / Bayerischer Rundfunk 1974 titel:Tagebuch Tagebuch einer Anpassung Originalhörspiel Ernst Bruun-Olsen Tagebuch einer Anpassung übersetzt aus dem Dä,Documentary / self-record subject,Documentary / self-record subject,diary/letters,original radio play,Originalhörspiel
https://hoerspiele.dra.de/detailansicht/1448839,Das Tagebuch des Benjamin Gniebel,1963,DRA,Gerhard Niezoldi,"Tagebuch des Benjamin Gniebel Hörspiel Gerhard Niezoldi Saarländischer Rundfunk 1962 titel:Tagebuch Das Tagebuch des Benjamin Gniebel Hörspiel Gerhard Niezoldi Das Tagebuch des Benjamin Gniebel Helmut Jähne, Marlies Mathis assis",Documentary / self-record subject,Documentary / self-record subject,diary/letters,other,Hörspiel
https://hoerspiele.dra.de/detailansicht/1448841,"Tagebuch einer Liebe oder Jetzt erzählen wir uns eine Geschichte, in der jetzt immerzu jetzt bleibt",1978,DRA,Alfred Behrens,"Tagebuch einer Liebe oder Jetzt erzählen wir uns eine Geschichte, in der jetzt immerzu jetzt bleibt Hörspiel Alfred Behrens Süddeutscher Rundfunk 1978 titel:Tagebuch Tagebuch einer Liebe oder Jetzt erzählen wir uns eine Geschich",Family / intimate life; Documentary / self-record subject,Family / intimate life | Documentary / self-record subject,diary/letters,other,Hörspiel
https://hoerspiele.dra.de/detailansicht/1449067,Die Erinnerungen von Ludolf Ursleu dem Jüngeren (1. Teil),1979,DRA,Subject not identified,Hörspielbearbeitung Ricarda Huch Erinnerungen von Ludolf Ursleu dem Jüngeren (Roman) Norddeutscher Rundfunk 1979 titel:Erinnerungen Die Erinnerungen von Ludolf Ursleu dem Jüngeren (1. Teil) Hörspielbearbeitung Ricarda Huch Die Erinnerungen von Ludolf Ursleu de,Ordinary / private person,Ordinary / private person,memory/testimony,adaptation,Hörspielbearbeitung
https://hoerspiele.dra.de/detailansicht/1449069,Die Erinnerungen von Ludolf Ursleu dem Jüngeren (2. Teil),1979,DRA,Subject not identified,Hörspielbearbeitung Ricarda Huch Erinnerungen von Ludolf Ursleu dem Jüngeren (Roman) Norddeutscher Rundfunk 1979 titel:Erinnerungen Die Erinnerungen von Ludolf Ursleu dem Jüngeren (2. Teil) Hörspielbearbeitung Ricarda Huch Die Erinnerungen von Ludolf Ursleu de,Ordinary / private person,Ordinary / private person,memory/testimony,adaptation,Hörspielbearbeitung
https://hoerspiele.dra.de/detailansicht/1449433,Sympathetic Streams,2003,DRA,Marita Loosen,"Ars acustica Marita Loosen Westdeutscher Rundfunk 2003 titel:Porträt Sympathetic Streams Ars acustica Marita Loosen Sympathetic Streams Porträt des amerikanischen Klangpoeten Terry Fox Komposition: Marita Loosen Realisation: Marita Loosen ""Komponisten haben of",Musician / composer,Musician / composer,portrait,sound art,Ars acustica
https://hoerspiele.dra.de/detailansicht/1449453,Die Mimen kommen,2003,DRA,Camille Schlosser,"Tagebuch Die Mimen kommen Originalhörspiel, Kurzhörspiel Camille Schlosser Die Mimen kommen Ein Sommerferienscherz mit einem Epilog aus dem Tagebuch von Johann Wolfgang von Goethe aus dem Stegreif zitiert Komposition: Mathis Hip",Documentary / self-record subject,Documentary / self-record subject,diary/letters,original radio play,"Originalhörspiel, Kurzhörspiel"
https://hoerspiele.dra.de/detailansicht/1450550,Ediths Tagebuch,1990,DRA,Patricia Highsmith,"Tagebuch Hörspielbearbeitung Patricia Highsmith Ediths Tagebuch (Roman, englisch) Rundfunk der DDR 1990 titel:Tagebuch Ediths Tagebuch Hörspielbearbeitung Patricia Highsmith Ediths Tagebuch Ediths Tagebuch (Roman, englisch) Über",Documentary / self-record subject,Documentary / self-record subject,diary/letters,adaptation,Hörspielbearbeitung
https://hoerspiele.dra.de/detailansicht/1450729,...und Respekt vor zu Erziehenden,1973,DRA,Günter-Klaus Kellas,"Tagebuch"" Weitere Mitwirkende Gesprächsteilnahme: Gisela Steineckert 06'47 (O-Ton) Gisela Steineckert (mehrfach) über Publikumsreaktionen auf die Ursendung ihres Hörspiels ""Die letzte Seite im Tagebuch"" / über Erziehung von Juge",Documentary / self-record subject,Documentary / self-record subject,diary/letters,other,Gespräch
https://hoerspiele.dra.de/detailansicht/1462397,Zum 50. Geburtstag des rheinischen Hörspiels,1977,DRA,des rheinischen Hörspiels,"Geburtstag des rheinischen Hörspiels Mundarthörspiel Theo Rausch; Manfred Brückner Westdeutscher Rundfunk 1977 titel:Erinnerungen Mundarthörspiel Theo Rausch , Manfred Brückner Zum 50. Geburtstag des rheinischen Hörspiels Erinnerungen und Beispiele. Dargeboten",Ordinary / private person,Ordinary / private person,memory/testimony,other,Mundarthörspiel
https://hoerspiele.dra.de/detailansicht/1458120,Früher - das ist heute noch,1979,DRA,Subject not identified,Originaltonhörspiel Klaus Antes Westdeutscher Rundfunk 1979 titel:Erinnerungen Früher - das ist heute noch Originaltonhörspiel Klaus Antes Früher - das ist heute noch Frau B's Erinnerungen an ein gewöhnliches Leben - O-Ton-Hörstück Hein Bruehl,Women's life,Women's life,memory/testimony,feature / documentary,Originaltonhörspiel
https://hoerspiele.dra.de/detailansicht/1466628,Gerhard Rühm,1976,DRA,Gerhard Rühm; Klaus Schöning,"Hörspiel Gerhard Rühm; Klaus Schöning Westdeutscher Rundfunk 1976 titel:Porträt Gerhard Rühm Hörspiel Reihentitel: Hörspielmacher Gerhard Rühm , Klaus Schöning Gerhard Rühm enthält: • ""Gerhard Rühm. Porträt"" von Klaus Schöning • ""Wintermärchen. Hörspiel"" von G",Ordinary / private person,Ordinary / private person,portrait,other,Hörspiel
https://hoerspiele.dra.de/detailansicht/1466033,Die Sinnlichkeit der Mikrokosmen,2004,DRA,Iris Drögekamp,Porträt Iris Drögekamp Südwestrundfunk 2004 titel:Porträt Die Sinnlichkeit der Mikrokosmen Porträt Iris Drögekamp Die Sinnlichkeit der Mikrokosmen Asmus Tietchens - vom Werbetexter zum Schallspieler: Ein akustisches Porträt Karl-Sczuka-Preisträger 2003 Andrea ,Documentary / self-record subject,Documentary / self-record subject,portrait; diary/letters,portrait,Porträt
https://hoerspiele.dra.de/detailansicht/1466641,Mauricio Kagel,1977,DRA,Dieter Carls,"Hörspiel Dieter Carls Karl-Sczuka-Preis 1970 (für ""Ein Aufnahmezustand"") Westdeutscher Rundfunk 1977 titel:Porträt Mauricio Kagel Hörspiel Reihentitel: Hörspielmacher Dieter Carls Mauricio Kagel enthält: • ""Mauricio Kagel. Porträt"" von Klaus Schöning • ""Ein Au",Ordinary / private person,Ordinary / private person,portrait,other,Hörspiel
https://hoerspiele.dra.de/detailansicht/1466804,"""Ich schreibe für mich und Fremde""",2004,DRA,Mira Alexandra Schnoor,"Porträt Mira Alexandra Schnoor Stefan Fischer: Süddeutsche Zeitung. 27.09.2004. Bayerischer Rundfunk 2004 titel:Porträt ""Ich schreibe für mich und Fremde"" Porträt Mira Alexandra Schnoor ""Ich schreibe für mich und Fremde"" Ein Porträt von Gertrude Stein in Fragm",Ordinary / private person,Ordinary / private person,portrait,portrait,Porträt
https://hoerspiele.dra.de/detailansicht/1470878,Schürflizenz für ins Grab mitgenommene Geheimnisse,2004,DRA,Karl Corino,Feature Karl Corino Bayerischer Rundfunk 2004 titel:Biographie; ueberall:Biographie; ueberall:Nachlass; ueberall:autobiographisch Schürflizenz für ins Grab mitgenommene Geheimnisse Feature Karl Corino Schürflizenz für ins Grab mitgenommene Geheimnisse Die Rech,Ordinary / private person,Ordinary / private person,biography; autobiography,feature / documentary,Feature
https://hoerspiele.dra.de/detailansicht/1470897,Strahlungen,2004,DRA,Ernst Jünger,Tagebuch) Hörspiel des Monats Mai 2004 | N,Documentary / self-record subject,Documentary / self-record subject,diary/letters,adaptation,Hörspielbearbeitung
https://hoerspiele.dra.de/detailansicht/1472057,Dschaudars Abenteuer,1954,DRA,Anonymus,"Hörspielbearbeitung Anonymus Märchen aus 1001 Nacht (Märchen, arabisch) Nordwestdeutscher Rundfunk 1954 ueberall:autobiographisch Dschaudars Abenteuer Hörspielbearbeitung Reihentitel: Die schönsten Märchen aus 1001 Nacht Anonymus Dschaudars Abenteuer Märchen a",Ordinary / private person,Ordinary / private person,biography; autobiography,adaptation,Hörspielbearbeitung
https://hoerspiele.dra.de/detailansicht/1475970,"Eine Bank und drei Stühle, eine Gestalt in Schwarz mit gelbem Hut und im Vordergrund eine schwarze Katze. Der Himmel blassgrün.",2004,DRA,Klangmanufaktur,"Briefe; ueberall:Briefwechsel Eine Bank und drei Stühle, eine Gestalt in Schwarz mit gelbem Hut und im Vordergrund eine schwarze Katze",Documentary / self-record subject,Documentary / self-record subject,diary/letters,other,Lesung
https://hoerspiele.dra.de/detailansicht/1478889,"Pleiten, Pech und Pflaumbaum (1. Teil: Das Dübelübel)",2005,DRA,Subject not identified,"Originalhörspiel Herbert Friedmann Rundfunk Berlin-Brandenburg 2005 ueberall:Memoiren Pleiten, Pech und Pflaumbaum (1. Teil: Das Dübelübel) Originalhörspiel Herbert Friedmann Pleiten, Pech und Pflaumbaum (1. Teil: Das Dübelübel) Dramaturgie: Regine Ahrem assis",Unclear / needs review,Unclear / needs review,implicit,original radio play,Originalhörspiel
https://hoerspiele.dra.de/detailansicht/1478890,"Pleiten, Pech und Pflaumbaum (2. Teil: Der Wortschatzsucher)",2005,DRA,Subject not identified,"Originalhörspiel Herbert Friedmann Rundfunk Berlin-Brandenburg 2005 ueberall:Memoiren Pleiten, Pech und Pflaumbaum (2. Teil: Der Wortschatzsucher) Originalhörspiel Herbert Friedmann Pleiten, Pech und Pflaumbaum (2. Teil: Der Wortschatzsucher) Dramaturgie: Regi",Unclear / needs review,Unclear / needs review,implicit,original radio play,Originalhörspiel
https://hoerspiele.dra.de/detailansicht/1478891,"Pleiten, Pech und Pflaumbaum (3. Teil: Der geheime Hund)",2005,DRA,Subject not identified,"Originalhörspiel Herbert Friedmann Rundfunk Berlin-Brandenburg 2005 ueberall:Memoiren Pleiten, Pech und Pflaumbaum (3. Teil: Der geheime Hund) Originalhörspiel Herbert Friedmann Pleiten, Pech und Pflaumbaum (3. Teil: Der geheime Hund) Dramaturgie: Regine Ahrem",Unclear / needs review,Unclear / needs review,implicit,original radio play,Originalhörspiel
https://hoerspiele.dra.de/detailansicht/1478893,"Pleiten, Pech und Pflaumbaum (5. Teil: Das chinesische Weihnachtsfest)",2005,DRA,Subject not identified,"Originalhörspiel Herbert Friedmann Rundfunk Berlin-Brandenburg 2005 ueberall:Memoiren Pleiten, Pech und Pflaumbaum (5. Teil: Das chinesische Weihnachtsfest) Originalhörspiel Herbert Friedmann Pleiten, Pech und Pflaumbaum (5. Teil: Das chinesische Weihnachtsfes",Unclear / needs review,Unclear / needs review,implicit,original radio play,Originalhörspiel
https://hoerspiele.dra.de/detailansicht/1479014,"""Es geht nicht darum, sich kennenzulernen, sondern sein Leben zu ändern.""",2005,DRA,Walter van Rossum,"Feature, Porträt Walter van Rossum DeutschlandRadio Köln / Westdeutscher Rundfunk 2005 titel:Porträt ""Es geht nicht darum, sich kennenzulernen, sondern sein Leben zu ändern."" Feature, Porträt Walter van Rossum ""Es geht nicht darum, sich kennenzulernen, sondern",Ordinary / private person,Ordinary / private person,portrait,feature / documentary,"Feature, Porträt"
https://hoerspiele.dra.de/detailansicht/1479675,Tagebuch eines Landlebens oder Kein Mord in der Leiblstraße,1980,DRA,Sebastian Goy,Tagebuch eines Landlebens oder Kein Mord in der Leiblstraße Hörspiel Sebastian Goy Bayerischer Rundfunk / Norddeutscher Rundfunk 1980 titel:Tagebuch Tagebuch eines Landlebens oder Kein Mord in der Leiblstraße Hörspiel Sebastian,Documentary / self-record subject,Documentary / self-record subject,diary/letters,other,Hörspiel
https://hoerspiele.dra.de/detailansicht/1479791,Chemie der Erinnerungen,1976,DRA,Subject not identified,"Science Fiction-Hörspiel Horst Zahlten Süddeutscher Rundfunk 1975 titel:Erinnerungen Chemie der Erinnerungen Science Fiction-Hörspiel Reihentitel: Science Fiction als Radiospiel Horst Zahlten Chemie der Erinnerungen Fritz Gortner, Andrea Mammitzsch Andreas Web",Ordinary / private person,Ordinary / private person,memory/testimony,other,Science Fiction-Hörspiel
https://hoerspiele.dra.de/detailansicht/1480619,Bellas Briefe,2004,DRA,Hans Zimmer,"Briefe Originalhörspiel, Kinderhörspiel Hans Zimmer DeutschlandRadio Berlin 2003 titel:Briefe Bellas Briefe Originalhörspiel, Kinderhörspiel Hans Zimmer Bellas Briefe Komposition: Lutz Glandien Andreas Meinetsberger assistenz:",Family / intimate life; Documentary / self-record subject,Family / intimate life | Documentary / self-record subject,diary/letters,original radio play,"Originalhörspiel, Kinderhörspiel"
https://hoerspiele.dra.de/detailansicht/1479751,Anonyme Briefe,1969,DRA,Louis C. Thomas,"Briefe Hörspielbearbeitung, Kriminalhörspiel Louis C",Documentary / self-record subject,Documentary / self-record subject,diary/letters,adaptation,"Hörspielbearbeitung, Kriminalhörspiel"
https://hoerspiele.dra.de/detailansicht/1480757,Böses Spielzeug. Meira Ashers Warnungen vor der Realität,2004,DRA,Hartwig Vens,Ars acustica Hartwig Vens Westdeutscher Rundfunk 2004 titel:Porträt Böses Spielzeug. Meira Ashers Warnungen vor der Realität Ars acustica Hartwig Vens Böses Spielzeug. Meira Ashers Warnungen vor der Realität Porträt Realisation: Hartwig Vens Die Musikerin und ,Musician / composer,Musician / composer,portrait,sound art,Ars acustica
https://hoerspiele.dra.de/detailansicht/1503127,Briefe an Georges,2006,DRA,Elias Canetti; Canetti Veza,"Briefe an Georges Hörspielbearbeitung Elias Canetti; Canetti Veza Briefe an Georges (Roman) Deutschlandradio Kultur 2006 titel:Briefe; ueberall:Nachlass Briefe an Georges Hörspielbearbeitung Elias Canetti , Canetti Veza Briefe",Documentary / self-record subject,Documentary / self-record subject,diary/letters,adaptation,Hörspielbearbeitung
https://hoerspiele.dra.de/detailansicht/1503154,Aus den Briefen von Paul Cézanne und Emile Bernard sowie aus den Briefen von Rainer Maria Rilke und Clara Westhoff,2006,DRA,Paul Cézanne; Emile Bernard; Rainer Maria Rilke; Clara Westhoff,Briefen von Paul Cézanne und Emile Bernard sowie aus den Briefen von Rainer Maria Rilke und Clara Westhoff Lesung Paul Cézanne; Emile Bernard; Rainer Maria Rilke; Clara Westhoff Briefwechsel zwischen Cézanne und Bernard (Brief,Documentary / self-record subject,Documentary / self-record subject,diary/letters,other,Lesung
https://hoerspiele.dra.de/detailansicht/1481393,Rot ist mein Name (2. Teil: Das Porträt),2005,DRA,Orhan Pamuk,"Hörspielbearbeitung, Kriminalhörspiel Orhan Pamuk Rot ist mein Name (Roman, türkisch) CD-Edition: Der HörVerlag 2005 | Eva-Maria Lenz: epd medien. 21.12.2005. Westdeutscher Rundfunk 2005 titel:Porträt Rot ist mein Name (2. Teil: Das Porträt) Hörspielbearbeitun",Ordinary / private person,Ordinary / private person,portrait,adaptation,"Hörspielbearbeitung, Kriminalhörspiel"
https://hoerspiele.dra.de/detailansicht/1516597,Robert Schell - Porträt eines Arbeiters (2. Teil),1969,DRA,Max Stoll; Dieter Langhut,"Hörspielbearbeitung, Kinderhörspiel Max Stoll; Dieter Langhut Rundfunk der DDR 1969 titel:Porträt Robert Schell - Porträt eines Arbeiters (2. Teil) Hörspielbearbeitung, Kinderhörspiel Max Stoll , Dieter Langhut Robert Schell - Porträt eines Arbeiters (2. Teil)",Family / intimate life; Collective / community,Family / intimate life | Collective / community,portrait,adaptation,"Hörspielbearbeitung, Kinderhörspiel"
https://hoerspiele.dra.de/detailansicht/1503925,Ein Tagebuch wird verbrannt,1988,DRA,Maria Seidemann,"Tagebuch wird verbrannt Originalhörspiel, Kinderhörspiel Maria Seidemann Terre des Hommes-Kinderhörspielpreis 1988 Rundfunk der DDR titel:Tagebuch Ein Tagebuch wird verbrannt Originalhörspiel, Kinderhörspiel Maria Seidemann Ein",Family / intimate life; Documentary / self-record subject,Family / intimate life | Documentary / self-record subject,diary/letters,original radio play,"Originalhörspiel, Kinderhörspiel"
https://hoerspiele.dra.de/detailansicht/1516598,Robert Schell - Porträt eines Arbeiters(3),1969,DRA,Max Stoll; Dieter Langhut,"Hörspielbearbeitung, Kinderhörspiel Max Stoll; Dieter Langhut Rundfunk der DDR 1969 titel:Porträt Robert Schell - Porträt eines Arbeiters(3) Hörspielbearbeitung, Kinderhörspiel Max Stoll , Dieter Langhut Robert Schell - Porträt eines Arbeiters(3) Robert Schell",Family / intimate life; Collective / community,Family / intimate life | Collective / community,portrait,adaptation,"Hörspielbearbeitung, Kinderhörspiel"
https://hoerspiele.dra.de/detailansicht/1516596,Robert Schell - Porträt eines Arbeiters (1. Teil),1969,DRA,Max Stoll; Dieter Langhut,"Hörspielbearbeitung, Kinderhörspiel Max Stoll; Dieter Langhut Rundfunk der DDR 1969 titel:Porträt Robert Schell - Porträt eines Arbeiters (1. Teil) Hörspielbearbeitung, Kinderhörspiel Max Stoll , Dieter Langhut Robert Schell - Porträt eines Arbeiters (1. Teil)",Family / intimate life; Collective / community,Family / intimate life | Collective / community,portrait,adaptation,"Hörspielbearbeitung, Kinderhörspiel"
https://hoerspiele.dra.de/detailansicht/1516600,Robert Schell - Porträt eines Arbeiters (4. Teil),1969,DRA,Max Stoll; Dieter Langhut,"Hörspielbearbeitung, Kinderhörspiel Max Stoll; Dieter Langhut Rundfunk der DDR 1969 titel:Porträt Robert Schell - Porträt eines Arbeiters (4. Teil) Hörspielbearbeitung, Kinderhörspiel Max Stoll , Dieter Langhut Robert Schell - Porträt eines Arbeiters (4. Teil)",Family / intimate life; Collective / community,Family / intimate life | Collective / community,portrait,adaptation,"Hörspielbearbeitung, Kinderhörspiel"
https://hoerspiele.dra.de/detailansicht/1516634,Tagebuchblätter aus Hanoi: Aus dem Tagebuch der stellvertretenden Oberkommandierenden der Befreiungsarmee Südvietnams - Gujen Ti Din - einer bekannten Heerführerin des vietnamesischen Volkes,1969,DRA,Nguyen Thin Dinh,Tagebuchblätter aus Hanoi: Aus dem Tagebuch der stellvertretenden Oberkommandierenden der Befreiungsarmee Südvietnams - Gujen Ti Din - einer bekannten Heerführerin des vietnamesischen Volkes Lesung Nguyen Thin Dinh Rundfunk der,Documentary / self-record subject,Documentary / self-record subject,diary/letters,other,Lesung
https://hoerspiele.dra.de/detailansicht/1516870,Ohne Datum,2006,DRA,Karl Günther Hufnagel,"Hörspielbearbeitung, Monolog Karl Günther Hufnagel Ohne Datum (Theaterstück) Westdeutscher Rundfunk 2006 ueberall:Biographie; ueberall:Nachlass Ohne Datum Hörspielbearbeitung, Monolog Karl Günther Hufnagel Ohne Datum Ohne Datum (Theaterstück) Gertrudt Melcher,",Actor / performer,Actor / performer,biography,adaptation,"Hörspielbearbeitung, Monolog"
https://hoerspiele.dra.de/detailansicht/1516638,Robert Schell - Porträt eines Arbeiters (5. Teil),1969,DRA,Max Stoll; Dieter Langhut,"Hörspielbearbeitung, Kinderhörspiel Max Stoll; Dieter Langhut Rundfunk der DDR 1969 titel:Porträt Robert Schell - Porträt eines Arbeiters (5. Teil) Hörspielbearbeitung, Kinderhörspiel Max Stoll , Dieter Langhut Robert Schell - Porträt eines Arbeiters (5. Teil)",Family / intimate life; Collective / community,Family / intimate life | Collective / community,portrait,adaptation,"Hörspielbearbeitung, Kinderhörspiel"
https://hoerspiele.dra.de/detailansicht/1516635,"Tagebuchblätter aus Hanoi: Aus dem Tagebuch der jungen Lehrerin Pe Ha aus einem Rajong in Südvietnam, aufgeschrieben am 19. März 1961 - dem 11. Jahrestag der antiamerikanischen Demonstration in Saigon",1969,DRA,Giang Nam,"Tagebuchblätter aus Hanoi: Aus dem Tagebuch der jungen Lehrerin Pe Ha aus einem Rajong in Südvietnam, aufgeschrieben am 19",Documentary / self-record subject,Documentary / self-record subject,diary/letters,other,Lesung
https://hoerspiele.dra.de/detailansicht/1516639,Liebe Claudia,1969,DRA,Bodo Schulenburg,"Originalhörspiel, Kinderhörspiel Bodo Schulenburg Rundfunk der DDR 1969 titel:Porträt Liebe Claudia Originalhörspiel, Kinderhörspiel Bodo Schulenburg Liebe Claudia Literarisches Porträt des Armeegenerals Heinz Hoffmann Komposition: Werner Pauli Dramaturgie: Ul",Family / intimate life,Family / intimate life,portrait,original radio play,"Originalhörspiel, Kinderhörspiel"
https://hoerspiele.dra.de/detailansicht/1516892,Heart Beat,2006,DRA,Carolyn Cassady,"Autobiographie, amerikanisch) Andreas Matzdorf: Funk-Korrespondenz",Ordinary / private person,Ordinary / private person,biography; autobiography,adaptation,"Hörspielbearbeitung, Monolog"
https://hoerspiele.dra.de/detailansicht/1517120,Erinnerungen einer Sängerin am Klavier,2006,DRA,Jenny Lind,Tagebuchaufzeichnungen (Tagebuch) Markus Collalti: Funk-Korrespondenz,Women's life; Musician / composer,Women's life | Musician / composer,diary/letters; memory/testimony,adaptation,Hörspielbearbeitung
https://hoerspiele.dra.de/detailansicht/1520159,Ich lese in Jasnas Tagebuch,1973,DRA,Mirjana Buljan,Tagebuch Originalhörspiel Mirjana Buljan Rundfunk der DDR 1972 titel:Tagebuch Ich lese in Jasnas Tagebuch Originalhörspiel Mirjana Buljan Ich lese in Jasnas Tagebuch Komposition: Georg Katzer Dramaturgie: Mechthild Ender Jutta K,Documentary / self-record subject,Documentary / self-record subject,diary/letters,original radio play,Originalhörspiel
https://hoerspiele.dra.de/detailansicht/1520170,Tagebuch einer Freundschaft,1974,DRA,Ovidiu Zotta,"Tagebuch einer Freundschaft Originalhörspiel, Kinderhörspiel Ovidiu Zotta Rundfunk der DDR 1972 titel:Tagebuch Tagebuch einer Freundschaft Originalhörspiel, Kinderhörspiel Ovidiu Zotta Tagebuch einer Freundschaft Übersetzung: Jo",Family / intimate life; Documentary / self-record subject,Family / intimate life | Documentary / self-record subject,diary/letters,original radio play,"Originalhörspiel, Kinderhörspiel"
https://hoerspiele.dra.de/detailansicht/1519891,Polar,2007,DRA,Subject not identified,Originalhörspiel Albert Ostermaier Nominiert für den ARD-Hörspielpreis 2007 | Christian Deutschmann: epd Medien. 03.02.2007. - Markus Collalti: Funk-Korrespondenz. 02.02.2007. - Stefan Fischer: Süddeutsche Zeitung. 24.01.2007. Hessischer Rundfunk 2006 ueberall,Ordinary / private person,Ordinary / private person,life story,original radio play,Originalhörspiel
https://hoerspiele.dra.de/detailansicht/1520407,Das Tagebuch des verschütteten Bergmanns Martino Tiff,1975,DRA,Pietro Formentini,Tagebuch des verschütteten Bergmanns Martino Tiff Originalhörspiel Pietro Formentini Rundfunk der DDR 1975 titel:Tagebuch Das Tagebuch des verschütteten Bergmanns Martino Tiff Originalhörspiel Pietro Formentini Das Tagebuch des,Documentary / self-record subject,Documentary / self-record subject,diary/letters,original radio play,Originalhörspiel
https://hoerspiele.dra.de/detailansicht/1521963,600 Briefe von meinem Vermieter,2006,DRA,Christoph Spittler,"Briefe von meinem Vermieter Originalhörspiel, Dokumentarhörspiel Christoph Spittler Südwestrundfunk 2006 titel:Briefe 600 Briefe von meinem Vermieter Originalhörspiel, Dokumentarhörspiel Christoph Spittler 600 Briefe von meine",Documentary / self-record subject,Documentary / self-record subject,diary/letters,feature / documentary,"Originalhörspiel, Dokumentarhörspiel"
https://hoerspiele.dra.de/detailansicht/1522912,Des Eisenhans Erinnerungen oder Paraphrase über ein deutsches Thema,1966,DRA,ein deutsches Thema,"Hörspiel Günter Kunert Deutschlandfunk 1966 titel:Erinnerungen Des Eisenhans Erinnerungen oder Paraphrase über ein deutsches Thema Hörspiel Günter Kunert Des Eisenhans Erinnerungen oder Paraphrase über ein deutsches Thema Funkerzählung zur ""Eisenhans-Variation",Ordinary / private person,Ordinary / private person,memory/testimony,other,Hörspiel
https://hoerspiele.dra.de/detailansicht/1522914,Scherzo more germanico,1966,DRA,Subject not identified,"Kommentar Dieter Hasselblatt Deutschlandfunk 1966 titel:Erinnerungen Scherzo more germanico Kommentar Dieter Hasselblatt Scherzo more germanico Einleitung zu der Funkerzählung ""Des Eisenhans Erinnerungen"" von Günter Kunert",Ordinary / private person,Ordinary / private person,memory/testimony,other,Kommentar
https://hoerspiele.dra.de/detailansicht/1523220,Alles ist Gnade: Monologe nach dem Tagebuch eines Landpfarrers (3. Teil: 3. Monolog),1962,DRA,Georges Bernanos,Tagebuch eines Landpfarrers (3,Documentary / self-record subject,Documentary / self-record subject,diary/letters,adaptation,Hörspielbearbeitung
https://hoerspiele.dra.de/detailansicht/1523221,Alles ist Gnade: Monologe nach dem Tagebuch eines Landpfarrers (4. Teil: 4. Monolog),1962,DRA,Georges Bernanos,Tagebuch eines Landpfarrers (4,Documentary / self-record subject,Documentary / self-record subject,diary/letters,adaptation,Hörspielbearbeitung
https://hoerspiele.dra.de/detailansicht/1524689,Doktor Faustus (1. Teil),2007,DRA,Thomas Mann,"Hörspielbearbeitung Thomas Mann Doktor Faustus. Das Leben des deutschen Tonsetzers Adrian Leverkühn, erzählt von einem Freunde (Roman) CD-Edition: Der Hörverlag 2007 | Hörspiel des Monats November 2007 | hr2-Hörbuchbestenliste Dezember 2007 (5. Platz) | Stefan",Documentary / self-record subject,Documentary / self-record subject,biography,adaptation,Hörspielbearbeitung
https://hoerspiele.dra.de/detailansicht/1524790,Briefe an Mathilda,1978,DRA,Leszek Prorok,Briefe an Mathilda Originalhörspiel Leszek Prorok Rundfunk der DDR 1978 titel:Briefe Briefe an Mathilda Originalhörspiel Leszek Prorok Briefe an Mathilda Übersetzung: Peter Ball Dramaturgie: Dietrich Grollmitz Jutta Wollermann,Documentary / self-record subject,Documentary / self-record subject,diary/letters,original radio play,Originalhörspiel
https://hoerspiele.dra.de/detailansicht/1524851,Doktor Faustus (4. Teil),2007,DRA,Thomas Mann,"Hörspielbearbeitung Thomas Mann Doktor Faustus. Das Leben des deutschen Tonsetzers Adrian Leverkühn, erzählt von einem Freunde (Roman) CD-Edition: Der Hörverlag 2007 | Hörspiel des Monats November 2007 | hr2-Hörbuchbestenliste Dezember 2007 (5. Platz) | Stefan",Documentary / self-record subject,Documentary / self-record subject,biography,adaptation,Hörspielbearbeitung
https://hoerspiele.dra.de/detailansicht/1524863,Doktor Faustus (8. Teil),2007,DRA,Thomas Mann,"Hörspielbearbeitung Thomas Mann Doktor Faustus. Das Leben des deutschen Tonsetzers Adrian Leverkühn, erzählt von einem Freunde (Roman) CD-Edition: Der Hörverlag 2007 | Hörspiel des Monats November 2007 | hr2-Hörbuchbestenliste Dezember 2007 (5. Platz) | Stefan",Documentary / self-record subject,Documentary / self-record subject,biography,adaptation,Hörspielbearbeitung
https://hoerspiele.dra.de/detailansicht/1524995,Die Sinnlichkeit der Mikrokosmen,2007,DRA,Iris Drögekamp,Porträt Iris Drögekamp Südwestrundfunk 2007 titel:Porträt Die Sinnlichkeit der Mikrokosmen Porträt Iris Drögekamp Die Sinnlichkeit der Mikrokosmen Asmus Tietchens - vom Werbetexter zum Schallspieler: Ein akustisches Porträt (aktualisierte Fassung) Karl-Sczuka-,Documentary / self-record subject,Documentary / self-record subject,portrait; diary/letters,portrait,Porträt
https://hoerspiele.dra.de/detailansicht/1526212,Briefe und Hiebe,1971,DRA,Hansgeorg Meyer,Briefe und Hiebe Originalhörspiel Hansgeorg Meyer Rundfunk der DDR 1971 titel:Briefe Briefe und Hiebe Originalhörspiel Reihentitel: Neumann - 2x klingeln Reihentitel: Neumann - zweimal klingeln Hansgeorg Meyer Briefe und Hiebe,Documentary / self-record subject,Documentary / self-record subject,diary/letters,original radio play,Originalhörspiel
https://hoerspiele.dra.de/detailansicht/1526433,Porträt eines Helden,1975,DRA,Arne Leonhardt,"Originalhörspiel, Kurzhörspiel Arne Leonhardt Rundfunk der DDR 1975 titel:Porträt Porträt eines Helden Originalhörspiel, Kurzhörspiel Reihentitel: Neumann - 2x klingeln Reihentitel: Neumann - zweimal klingeln Arne Leonhardt Porträt eines Helden Dramaturgie: Ho",Ordinary / private person,Ordinary / private person,portrait,original radio play,"Originalhörspiel, Kurzhörspiel"
https://hoerspiele.dra.de/detailansicht/1527851,The Glenn Gould Trilogy,2007,DRA,Michael Stegemann,"Ars acustica Michael Stegemann CD-Edition: Sony BMG Music Entertainment 2007 | Der Deutsche Vorlesepreis 2008 (Sonderpreis Hörspiel) | Deutscher Hörbuchpreis 2008 Beste Information (CD-Edition) | Goldener Bobby 2008 (Kategorie ""Medienbasierte Klangkunst"") für ",Documentary / self-record subject,Documentary / self-record subject,biography,sound art,Ars acustica
https://hoerspiele.dra.de/detailansicht/1528698,Weil irgendetwas das so will,2009,DRA,Robert Schoen,"Tagebuch schreibt, kennt das Ende der Geschichte nicht, der weiß nicht, welcher von den schreibend in die dahinstürzend",Documentary / self-record subject,Documentary / self-record subject,diary/letters,original radio play,"Originalhörspiel, Mundarthörspiel"
https://hoerspiele.dra.de/detailansicht/1528798,Das Monster in uns,2009,DRA,Anette Kührmeyer,"Porträt Anette Kührmeyer Saarländischer Rundfunk 2009 titel:Porträt Das Monster in uns Porträt Anette Kührmeyer Das Monster in uns Porträt der französischen Dramatikerin Marion Aubert Übersetzung: Anette Kührmeyer Helga Ruben, Ingo Siegrist",Ordinary / private person,Ordinary / private person,portrait,portrait,Porträt
https://hoerspiele.dra.de/detailansicht/1529838,Es wird Fragen geben - Ein west-östliches Tagebuch,2009,DRA,Florian Goldberg; Heike Tauch,"Tagebuch Originalhörspiel Florian Goldberg; Heike Tauch Westdeutscher Rundfunk 2009 titel:Tagebuch Es wird Fragen geben - Ein west-östliches Tagebuch Originalhörspiel Reihentitel: 20 Jahre Mauerfall Florian Goldberg , Heike Tauc",Documentary / self-record subject,Documentary / self-record subject,diary/letters,original radio play,Originalhörspiel
https://hoerspiele.dra.de/detailansicht/1530623,Longkamp,2008,DRA,Rolf Dieter Brinkmann,"Tagebuch) Bayerischer Rundfunk 2007 titel:Tagebuch Longkamp Hörspielbearbeitung, Monolog Rolf Dieter Brinkmann Longkamp Erkundung für die Präzisierung des Gefühls für einen Aufstand: Träume/Aufstände/Gewalt/Morde/Reise/Zeit/Maga",Documentary / self-record subject,Documentary / self-record subject,diary/letters,adaptation,"Hörspielbearbeitung, Monolog"
https://hoerspiele.dra.de/detailansicht/1530638,Ortiz destructs,2008,DRA,Justin Hoffmann,"Ars acustica Justin Hoffmann Bayerischer Rundfunk 2008 titel:Porträt Ortiz destructs Ars acustica Justin Hoffmann Ortiz destructs Ein Porträt des Destruktionskünstlers Raphael Montanez Ortiz Christina Hänsel, Roland Böhm Realisation: Justin Hoffmann",Ordinary / private person,Ordinary / private person,portrait,sound art,Ars acustica
https://hoerspiele.dra.de/detailansicht/1531821,Pariser Abende,2010,DRA,Roland Barthes,"Tagebuch, französisch) Markus Collalti: Funk-Korrespondenz",Documentary / self-record subject,Documentary / self-record subject,diary/letters,adaptation,Hörspielbearbeitung
https://hoerspiele.dra.de/detailansicht/1534308,Am Anfang war der Blick,2011,DRA,Guido Gin Koster,Originalhörspiel Guido Gin Koster Norddeutscher Rundfunk 2011 ueberall:Porträt Am Anfang war der Blick Originalhörspiel Reihentitel: Fluchtwege Guido Gin Koster Am Anfang war der Blick Alice Elstner,Ordinary / private person,Ordinary / private person,portrait,original radio play,Originalhörspiel
https://hoerspiele.dra.de/detailansicht/1534447,NOA NOA,2011,DRA,Paul Gauguin,"Tagebuch, französisch) Deutschlandradio 2011 titel:Tagebuch NOA NOA Hörspielbearbeitung Reihentitel: Kunststücke Paul Gauguin NOA NOA Tagebuch auf Tahiti Noa Noa (Tagebuch, französisch) Übersetzung: Luise Wolf Ulrich Gerhardt Ko",Artist / visual artist,Artist / visual artist,diary/letters,adaptation,Hörspielbearbeitung
https://hoerspiele.dra.de/detailansicht/1535345,Im Übergangskleid fehlen die gelben Achselhaare,2010,DRA,Frank Kaspar,Porträt Frank Kaspar Südwestrundfunk 2010 titel:Porträt Im Übergangskleid fehlen die gelben Achselhaare Porträt Frank Kaspar Im Übergangskleid fehlen die gelben Achselhaare Ein Porträt des Radio- und Weltverwandlungskünstlers Wolfgang Müller Dramaturgie: Iris ,Ordinary / private person,Ordinary / private person,portrait,portrait,Porträt
https://hoerspiele.dra.de/detailansicht/1538642,"Die Gardine, die Landschaft, das Fenster und der Klangraum",2011,DRA,Stephan Krass,"Porträt Stephan Krass Südwestrundfunk 2011 ueberall:Porträt Die Gardine, die Landschaft, das Fenster und der Klangraum Porträt Stephan Krass Die Gardine, die Landschaft, das Fenster und der Klangraum Das poetisch akustische Hörwerk von Oswald Egger und Iris Dr",Author / literary figure,Author / literary figure,portrait,portrait,Porträt
https://hoerspiele.dra.de/detailansicht/1538730,KLAUS KINSKI,2011,DRA,Subject not identified,"Originalhörspiel Michael Farin; Peter Geyer Matthias Dell: Und Blixa Bargeld fängt an zu singen: ein Kinski-Hörspiel. In: Freitag 13.10.2011, S. | Stefan Fischer: Schattenspiele. In: Süddeutsche Zeitung 18.10.2011, S. Deutschlandfunk (Deutschlandradio) / Hessi",Unclear / needs review,Unclear / needs review,implicit,original radio play,Originalhörspiel
https://hoerspiele.dra.de/detailansicht/1538602,Feldpost - Briefe deutscher Soldaten aus Afghanistan,2011,DRA,N. N.,Briefe deutscher Soldaten aus Afghanistan Hörspielbearbeitung N,Documentary / self-record subject,Documentary / self-record subject,diary/letters,adaptation,Hörspielbearbeitung
https://hoerspiele.dra.de/detailansicht/1538732,Der Berater,2011,DRA,Subject not identified,"Originalhörspiel György Dalos; Andrea Dunai Deutschlandfunk (Deutschlandradio) 2011 titel:Erinnerungen Der Berater Originalhörspiel György Dalos , Andrea Dunai Der Berater Erinnerungen an einen Staatsstreich Redaktion: Karin Beindorff, Elisabeth Panknin Heide ",Ordinary / private person,Ordinary / private person,memory/testimony,original radio play,Originalhörspiel
https://hoerspiele.dra.de/detailansicht/1538779,Buntschatten und Fledermäuse,2011,DRA,Axel Brauns,Autobiographie) Andreas Matzdorf: Leben in einer anderen Welt,Ordinary / private person,Ordinary / private person,biography; autobiography,adaptation,Hörspielbearbeitung
https://hoerspiele.dra.de/detailansicht/1538910,Hörspielraum: Das fünfte Element,2011,DRA,Sylvia Rauer,"Porträt, Feature, Originaltonfeature, Gespräch Sylvia Rauer Deutschlandradio Kultur (Deutschlandradio) 2011 ueberall:Porträt Hörspielraum: Das fünfte Element Porträt, Feature, Originaltonfeature, Gespräch Sylvia Rauer Hörspielraum: Das fünfte Element Susanne A",Ordinary / private person,Ordinary / private person,portrait,feature / documentary,"Porträt, Feature, Originaltonfeature, Gespräch"
https://hoerspiele.dra.de/detailansicht/1539203,Alexander Kluge,2012,DRA,Karl Bruckmaier,Originalhörspiel Karl Bruckmaier Bayerischer Rundfunk 2012 titel:Porträt; ueberall:Porträt Alexander Kluge Originalhörspiel Karl Bruckmaier Alexander Kluge Ein Porträt Redaktion: Herbert Kapfer Winfried Messmer Realisation: Karl Bruckmaier,Ordinary / private person,Ordinary / private person,portrait,original radio play,Originalhörspiel
https://hoerspiele.dra.de/detailansicht/1539804,Tolstois Befreiung,2010,DRA,Ivan Bunin,"Hörspielbearbeitung Ivan Bunin Tolstois Befreiung (Biographie, russisch) Rolf Bloß: Zerbrochene Stille. Literaturnobelpreisträger Bunin schildert Lew Tolstoi nachhaltig aus seiner Sicht. In: Sächsische Zeitung, 16.11.2010. Deutschlandfunk (Deutschlandradio) 20",Author / literary figure,Author / literary figure,biography,adaptation,Hörspielbearbeitung
https://hoerspiele.dra.de/detailansicht/1540517,Ich muss auf einen Sprung weg,2010,DRA,Subject not identified,Originalhörspiel Jean-Claude Kuner Deutschlandradio Kultur 2009 titel:Erinnerungen Ich muss auf einen Sprung weg Originalhörspiel Reihentitel: Kunststücke Jean-Claude Kuner Ich muss auf einen Sprung weg Hörstück nach Erinnerungen und Korrespondenzen des Malers,Artist / visual artist,Artist / visual artist,memory/testimony,original radio play,Originalhörspiel
https://hoerspiele.dra.de/detailansicht/1546930,Tristram Shandy,1952,DRA,Laurence Sterne,"Autobiographie Tristram Shandy Hörspielbearbeitung Reihentitel: Die Humoristen Laurence Sterne Tristram Shandy Leben und Meinungen des Herrn Tristram Shandy (Roman, englisch) Übersetzung: N",Ordinary / private person,Ordinary / private person,biography; autobiography,adaptation,Hörspielbearbeitung
https://hoerspiele.dra.de/detailansicht/1543429,Herr Molander schreibt seine Memoiren (5. Teil: Die hellblauen Briefe),1950,DRA,Werner E. Hintz,"Briefe) Kurzhörspiel, Kriminalhörspiel Werner E",Documentary / self-record subject,Documentary / self-record subject,diary/letters,other,"Kurzhörspiel, Kriminalhörspiel"
https://hoerspiele.dra.de/detailansicht/1548677,Wind und englisches Eichenholz,1954,DRA,Subject not identified,Feature Alfred Andersch Hessischer Rundfunk 1954 titel:Erinnerungen Wind und englisches Eichenholz Feature Alfred Andersch Wind und englisches Eichenholz Gespräche und Erinnerungen in Dover assistenz: Willy Lamster Irmfried Wilimzig,Ordinary / private person,Ordinary / private person,memory/testimony,feature / documentary,Feature
https://hoerspiele.dra.de/detailansicht/1547800,Erinnerungen,1955,DRA,Subject not identified,"Originalhörspiel Hugo Hartung Nordwestdeutscher Rundfunk titel:Erinnerungen Erinnerungen Originalhörspiel Hugo Hartung Erinnerungen enthält: • ""Paul und Julia"" • ""Ich denke oft an Piroschka"" Ludwig Cremer",Ordinary / private person,Ordinary / private person,memory/testimony,original radio play,Originalhörspiel
https://hoerspiele.dra.de/detailansicht/1543471,Es war einmal,1949,DRA,Unbekannt,"Kurzhörspiel Unbekannt RIAS Berlin 1949 titel:Biographie Es war einmal Kurzhörspiel Unbekannt Es war einmal Biographie einer Straße Günther Mertsch, Fromm Fritz Wendhausen",Documentary / self-record subject,Documentary / self-record subject,biography,other,Kurzhörspiel
https://hoerspiele.dra.de/detailansicht/1549227,Der Landstörzerin Courasche abenteurlich Leben,1955,DRA,Hans Jakob Christoffel von Grimmelshausen,Autobiographie Der Landstörzerin Courasche abenteurlich Leben Hörspielbearbeitung Hans Jakob Christoffel von Grimmelshausen Der Landstörzerin Courasche abenteurlich Leben Trutz Simplex,Ordinary / private person,Ordinary / private person,biography; autobiography,adaptation,Hörspielbearbeitung
https://hoerspiele.dra.de/detailansicht/1551082,Herzog zu vermieten,1960,DRA,Subject not identified,Originalhörspiel Mischa Mleinek Sender Freies Berlin 1960 ueberall:Memoiren Herzog zu vermieten Originalhörspiel Mischa Mleinek Herzog zu vermieten Komposition: Peter Thomas Tom Toelle,Unclear / needs review,Unclear / needs review,implicit,original radio play,Originalhörspiel
https://hoerspiele.dra.de/detailansicht/1552123,Rutkas Tagebuch,2010,DRA,Rutka Laskier,"Tagebuch Hörspielbearbeitung Rutka Laskier Rutkas Tagebuch (Tagebuch, polnisch) Nominiert für den Deutschen Hörspielpreis der ARD 2011 | Deutscher Hörspielpreis der ARD 2011 (Lobende Erwähnung von Dorota Kusiak) Mitteldeutscher",Documentary / self-record subject,Documentary / self-record subject,diary/letters,adaptation,Hörspielbearbeitung
https://hoerspiele.dra.de/detailansicht/1553559,Briefe an C.,2003,DRA,Jana Schuldt; Andrea Kilches,"Originalhörspiel Jana Schuldt; Andrea Kilches Internationaler Hörspielwettbewerb Leipziger Hörspielsommer 2003 (2. Platz) Jana Schuldt / Andrea Kilches titel:Briefe Briefe an C. Originalhörspiel Jana Schuldt , Andrea Kilches Briefe an C. Jana Schuldt , Andrea ",Documentary / self-record subject,Documentary / self-record subject,diary/letters,original radio play,Originalhörspiel
https://hoerspiele.dra.de/detailansicht/2543547,"Comeback - Porträt einer Frau, die singt",1977,DRA,Paul Pörtner,"Hörspiel Paul Pörtner Westdeutscher Rundfunk / Saarländischer Rundfunk / Bayerischer Rundfunk 1976 titel:Porträt Comeback - Porträt einer Frau, die singt Hörspiel Paul Pörtner Comeback - Porträt einer Frau, die singt Komposition: George Gruntz Friedrich Wilhel",Women's life,Women's life,portrait,other,Hörspiel
https://hoerspiele.dra.de/detailansicht/2903924,Porträt eines Nachmittags,1967,DRA,Dieter Forte,Hörspiel Dieter Forte Radio Bremen 1966 titel:Porträt Porträt eines Nachmittags Hörspiel Dieter Forte Porträt eines Nachmittags Günter Bommert,Ordinary / private person,Ordinary / private person,portrait,other,Hörspiel
https://hoerspiele.dra.de/detailansicht/2984068,Kommissar Freytag (2. Folge: Briefe aus Sydney),1967,DRA,Bruno Hampel,"Briefe aus Sydney) Hörspielbearbeitung, Kriminalhörspiel Bruno Hampel Briefe aus Sydney (Fernsehfilm) MP3-CD-Edition: Pidax Film Media Ltd",Documentary / self-record subject,Documentary / self-record subject,diary/letters,adaptation,"Hörspielbearbeitung, Kriminalhörspiel"
https://hoerspiele.dra.de/detailansicht/3084543,Blitzlichter (Fassung von 2012),2012,DRA,Ilse Aichinger,Autobiographie Blitzlichter (Fassung von 2012) Hörspielbearbeitung Ilse Aichinger Blitzlichter (Fassung von 2012) Film und Verhängnis,Ordinary / private person,Ordinary / private person,biography; autobiography,adaptation,Hörspielbearbeitung
https://hoerspiele.dra.de/detailansicht/3104209,Hörspielraum: Erzähl von Ruanda,2012,DRA,Sylvia Rauer,"Porträt, Feature, Originaltonfeature Sylvia Rauer Deutschlandradio Kultur (Deutschlandradio) 2012 ueberall:Porträt Hörspielraum: Erzähl von Ruanda Porträt, Feature, Originaltonfeature Sylvia Rauer Hörspielraum: Erzähl von Ruanda Hörspielraum zur Produktion ""Pe",Ordinary / private person,Ordinary / private person,portrait,feature / documentary,"Porträt, Feature, Originaltonfeature"
https://hoerspiele.dra.de/detailansicht/3144432,Eine Welt mit Hindernissen. Die Klänge des Instituts für Feinmotorik,2012,DRA,Raphael Smarzoch,"Feature, Porträt Raphael Smarzoch Karl-Sczuka-Preis 2011 Südwestrundfunk 2012 ueberall:Porträt Eine Welt mit Hindernissen. Die Klänge des Instituts für Feinmotorik Feature, Porträt Raphael Smarzoch Eine Welt mit Hindernissen. Die Klänge des Instituts für Feinm",Ordinary / private person,Ordinary / private person,portrait,feature / documentary,"Feature, Porträt"
https://hoerspiele.dra.de/detailansicht/3224373,Indianerland (1. Teil),2012,DRA,Meriwether Lewis; William Clark,"tagebuch (Tagebuch, amerikanisch) Andreas Matzdorf: Expedition ohne Zuordnung",Documentary / self-record subject,Documentary / self-record subject,diary/letters,adaptation,Hörspielbearbeitung
https://hoerspiele.dra.de/detailansicht/3224376,Indianerland (2. Teil),2012,DRA,Meriwether Lewis; William Clark,"tagebuch (Tagebuch, amerikanisch) Andreas Matzdorf: Expedition ohne Zuordnung",Documentary / self-record subject,Documentary / self-record subject,diary/letters,adaptation,Hörspielbearbeitung
https://hoerspiele.dra.de/detailansicht/3304676,"Ideen, in Tinte getaucht",2013,DRA,Jules Renard,"Tagebuch, Französisch) Hessischer Rundfunk 2012 ueberall:Tagebuch Ideen, in Tinte getaucht Hörspielbearbeitung Jules Renard Ideen, in Tinte getaucht Aus dem ""Journal"" 1887-1910 Ideen, in Tinte getaucht (Tagebuch, Französisch) Üb",Documentary / self-record subject,Documentary / self-record subject,diary/letters,adaptation,Hörspielbearbeitung
https://hoerspiele.dra.de/detailansicht/3244305,Vom Betrügen und Betrogen werden (4. Teil: Das Tagebuch der Redegonda),2012,DRA,Arthur Schnitzler,Tagebuch der Redegonda) Hörspielbearbeitung Arthur Schnitzler Vom Betrügen und Betrogenwerden (Erzählung) Rundfunk Berlin-Brandenburg 2012 titel:Tagebuch; ueberall:Tagebuch Vom Betrügen und Betrogen werden (4,Documentary / self-record subject,Documentary / self-record subject,diary/letters,adaptation,Hörspielbearbeitung
https://hoerspiele.dra.de/detailansicht/3485123,Boojum,2013,DRA,Subject not identified,Ars acustica Ergo Phizmiz Westdeutscher Rundfunk 2012 ueberall:Memoiren Boojum Ars acustica Ergo Phizmiz Boojum Redaktion: Markus Heuger Realisation: Ergo Phizmiz Ein Musiker blickt zurück auf sein Leben. Das kommt vor. Ungewöhnlicher ist die posthume Perspekt,Musician / composer,Musician / composer,implicit,sound art,Ars acustica
https://hoerspiele.dra.de/detailansicht/3585170,Hansen,2013,DRA,Heinz G. Schmidt,Tagebuch Hansen Originalhörspiel Reihentitel: Lebenslinien Heinz G,Documentary / self-record subject,Documentary / self-record subject,diary/letters,original radio play,Originalhörspiel
https://hoerspiele.dra.de/detailansicht/3585248,Orlando (3. Teil),2013,DRA,Virginia Woolf,Tagebuch; ueberall:Virginia Woolf Orlando (3,Ordinary / private person,Ordinary / private person,biography; diary/letters,adaptation,Hörspielbearbeitung
https://hoerspiele.dra.de/detailansicht/3585242,Orlando (1. Teil),2013,DRA,Virginia Woolf,Tagebuch; ueberall:Virginia Woolf Orlando (1,Ordinary / private person,Ordinary / private person,biography; diary/letters,adaptation,Hörspielbearbeitung
https://hoerspiele.dra.de/detailansicht/3585247,Orlando (2. Teil),2013,DRA,Virginia Woolf,Tagebuch; ueberall:Virginia Woolf Orlando (2,Ordinary / private person,Ordinary / private person,biography; diary/letters,adaptation,Hörspielbearbeitung
https://hoerspiele.dra.de/detailansicht/3585252,Orlando (4. Teil),2013,DRA,Virginia Woolf,Tagebuch; ueberall:Virginia Woolf Orlando (4,Ordinary / private person,Ordinary / private person,biography; diary/letters,adaptation,Hörspielbearbeitung
https://hoerspiele.dra.de/detailansicht/3585254,Orlando (5. Teil),2013,DRA,Virginia Woolf,Tagebuch; ueberall:Virginia Woolf Orlando (5,Ordinary / private person,Ordinary / private person,biography; diary/letters,adaptation,Hörspielbearbeitung
https://hoerspiele.dra.de/detailansicht/3585258,Orlando (6. Teil),2013,DRA,Virginia Woolf,Tagebuch; ueberall:Virginia Woolf Orlando (6,Ordinary / private person,Ordinary / private person,biography; diary/letters,adaptation,Hörspielbearbeitung
https://hoerspiele.dra.de/detailansicht/3965199,Hörspielraum: Erinnerungen an einen Dämon,1998,DRA,Sylvia Rauer,"Porträt, Feature, Originaltonfeature Sylvia Rauer Deutschlandradio 1998 titel:Erinnerungen Hörspielraum: Erinnerungen an einen Dämon Porträt, Feature, Originaltonfeature Sylvia Rauer Hörspielraum: Erinnerungen an einen Dämon",Ordinary / private person,Ordinary / private person,portrait; memory/testimony,feature / documentary,"Porträt, Feature, Originaltonfeature"
https://hoerspiele.dra.de/detailansicht/3965194,Hörspielraum: Einmal Chile - und zurück?,2013,DRA,Sylvia Rauer,"Porträt, Feature, Originaltonfeature Sylvia Rauer Deutschlandradio Kultur (Deutschlandradio) 2013 ueberall:Porträt Hörspielraum: Einmal Chile - und zurück? Porträt, Feature, Originaltonfeature Sylvia Rauer Hörspielraum: Einmal Chile - und zurück? Hörspielraum ",Ordinary / private person,Ordinary / private person,portrait,feature / documentary,"Porträt, Feature, Originaltonfeature"
https://hoerspiele.dra.de/detailansicht/4025255,Memory (Folge: Erzwungenes Landleben – Erinnerungen an den Reichsarbeitsdienst),2002,DRA,Subject not identified,"Originalhörspiel, Kurzhörspiel Inge Kurtz text&ton 2002 titel:Erinnerungen Memory (Folge: Erzwungenes Landleben – Erinnerungen an den Reichsarbeitsdienst) Originalhörspiel, Kurzhörspiel Reihentitel: Memory Inge Kurtz Memory (Folge: Erzwungenes Landleben – Erin",Ordinary / private person,Ordinary / private person,memory/testimony,original radio play,"Originalhörspiel, Kurzhörspiel"
https://hoerspiele.dra.de/detailansicht/4025257,Memory (Folge: Die Russen kommen! – Erinnerungen an das Kriegsende 1945),2002,DRA,Subject not identified,"Originalhörspiel, Kurzhörspiel Inge Kurtz text&ton 2002 titel:Erinnerungen Memory (Folge: Die Russen kommen! – Erinnerungen an das Kriegsende 1945) Originalhörspiel, Kurzhörspiel Reihentitel: Memory Inge Kurtz Memory (Folge: Die Russen kommen! – Erinnerungen a",Political / historical figure,Political / historical figure,memory/testimony,original radio play,"Originalhörspiel, Kurzhörspiel"
https://hoerspiele.dra.de/detailansicht/4085595,"""Sehr, sehr unviktorianisch""",2013,DRA,Mira Alexandra Schnoor,"Originalhörspiel, Porträt Mira Alexandra Schnoor Bayerischer Rundfunk 2013 ueberall:Biographie; ueberall:Porträt; ueberall:Virginia Woolf ""Sehr, sehr unviktorianisch"" Originalhörspiel, Porträt Mira Alexandra Schnoor ""Sehr, sehr unviktorianisch"" Virginia Woolf ",Ordinary / private person,Ordinary / private person,portrait; biography,portrait,"Originalhörspiel, Porträt"
https://hoerspiele.dra.de/detailansicht/4105441,Abschied von den Eltern (3. Teil),2013,DRA,Peter Weiss,"Hörspielbearbeitung, Porträt Peter Weiss Aschied von den Eltern (Erzählung) CD-Edition: Der Hörverlag 2013 | hr2-Hörbuchbestenliste Oktober 2013 (2. Platz) | Swantje Karich: Am Ende blutet das Ohr - Karl Bruckmaier gelingt mit ""Abschied von den Eltern"" von Pet",Family / intimate life,Family / intimate life,portrait,portrait,"Hörspielbearbeitung, Porträt"
https://hoerspiele.dra.de/detailansicht/4105439,Abschied von den Eltern (2. Teil),2013,DRA,Peter Weiss,"Hörspielbearbeitung, Porträt Peter Weiss Aschied von den Eltern (Erzählung) CD-Edition: Der Hörverlag 2013 | hr2-Hörbuchbestenliste Oktober 2013 (2. Platz) | Swantje Karich: Am Ende blutet das Ohr - Karl Bruckmaier gelingt mit ""Abschied von den Eltern"" von Pet",Family / intimate life,Family / intimate life,portrait,portrait,"Hörspielbearbeitung, Porträt"
https://hoerspiele.dra.de/detailansicht/4166115,Lilith Parker: Insel der Schatten (1. Teil),2013,DRA,Janine Wilk,"Hörspielbearbeitung, Kinderhörspiel Janine Wilk Insel der Schatten (Roman) Norddeutscher Rundfunk 2013 titel:Biographie; ueberall:Biographie Lilith Parker: Insel der Schatten (1. Teil) Hörspielbearbeitung, Kinderhörspiel Janine Wilk Lilith Parker: Insel der Sc",Family / intimate life; Documentary / self-record subject,Family / intimate life | Documentary / self-record subject,biography,adaptation,"Hörspielbearbeitung, Kinderhörspiel"
https://hoerspiele.dra.de/detailansicht/4166137,Lilith Parker: Insel der Schatten (2. Teil),2013,DRA,Janine Wilk,"Hörspielbearbeitung, Kinderhörspiel Janine Wilk Lilith Parker: Insel der Schatten (Roman) Norddeutscher Rundfunk 2013 titel:Biographie; ueberall:Biographie Lilith Parker: Insel der Schatten (2. Teil) Hörspielbearbeitung, Kinderhörspiel Janine Wilk Lilith Parke",Family / intimate life; Documentary / self-record subject,Family / intimate life | Documentary / self-record subject,biography,adaptation,"Hörspielbearbeitung, Kinderhörspiel"
https://hoerspiele.dra.de/detailansicht/4205223,Ulrich Gerhardt - Ein Porträt,2014,DRA,Julia Tieke,"Porträt Julia Tieke Deutschlandradio Kultur (Deutschlandradio) 2013 titel:Porträt; ueberall:Porträt Ulrich Gerhardt - Ein Porträt Porträt Julia Tieke Ulrich Gerhardt - Ein Porträt Eine Sendung für, mit und über den Hörspielregisseur Martin Eichberg assistenz: ",Ordinary / private person,Ordinary / private person,portrait,portrait,Porträt
https://hoerspiele.dra.de/detailansicht/4205721,Nýey,2014,DRA,Nicolas Perret; Silvia Ploner,"Ars acustica Nicolas Perret; Silvia Ploner Deutschlandradio / GMVL / Phonurgia Nova / Surtsey Research Society 2014 ueberall:Porträt Nýey Ars acustica Nicolas Perret , Silvia Ploner Nýey Realisation: Nicolas Perret, Silvia Ploner 1963 entstand die vulkanische ",Ordinary / private person,Ordinary / private person,portrait,sound art,Ars acustica
https://hoerspiele.dra.de/detailansicht/4305864,Als Mariner im Krieg,2014,DRA,Joachim Ringelnatz,Tagebuch) Norddeutscher Rundfunk / Deutschlandradio Kultur (Deutschlandradio) 2014 ueberall:Tagebuch Als Mariner im Krieg Hörspielbearbeitung Reihentitel: 100 Jahre 1,Political / historical figure,Political / historical figure,diary/letters,adaptation,Hörspielbearbeitung
https://hoerspiele.dra.de/detailansicht/4325436,Borke-Beckett-Boom,2014,DRA,Tobias Borke; Almut Schnerring; Sascha Verlan,"Tagebuch; ueberall:Tagebücher Borke-Beckett-Boom Ars acustica Tobias Borke , Almut Schnerring , Sascha Verlan Borke-Beckett-Boom Improvisationshörspiel Almut Schnerring, Sascha Verlan Almut Schnerring , Sascha Verlan Weitere Mit",Documentary / self-record subject,Documentary / self-record subject,diary/letters,sound art,Ars acustica
https://hoerspiele.dra.de/detailansicht/4345542,Pontormos Sintflut,2014,DRA,Pontormo; Jacopo da (Ps.),"Tagebuch, italienisch) Deutschlandradio 2014 ueberall:Tagebuch Pontormos Sintflut Hörspielbearbeitung Reihentitel: Kunststücke Pontormo , Jacopo da (Ps",Artist / visual artist,Artist / visual artist,diary/letters,adaptation,Hörspielbearbeitung
https://hoerspiele.dra.de/detailansicht/4746279,Die Geschichte meines Lebens - Die Tagebücher Ferdinand Benekes (1. Teil: Die Jahre 1792 bis Anfang 1794),2015,DRA,Ferdinand Beneke,Tagebuch) CD-Edition: Hoffmann und Campe Verlag 2017 | Nominiert für den Deutschen Hörspielpreis der ARD 2015 Radio Bremen / Mitteldeutscher Rundfunk 2015 ueberall:Briefe; ueberall:Tagebuch; ueberall:Tagebücher Die Geschichte me,Documentary / self-record subject,Documentary / self-record subject,diary/letters,adaptation,Hörspielbearbeitung
https://hoerspiele.dra.de/detailansicht/4765774,Die Gespräche des göttlichen Pietro Aretino (1. Teil),2015,DRA,Pietro Aretino,Briefe Die Gespräche des göttlichen Pietro Aretino (1,Documentary / self-record subject,Documentary / self-record subject,diary/letters,adaptation,Hörspielbearbeitung
https://hoerspiele.dra.de/detailansicht/4765782,Die Gespräche des göttlichen Pietro Aretino (2. Teil),2015,DRA,Pietro Aretino,Briefe Die Gespräche des göttlichen Pietro Aretino (2,Documentary / self-record subject,Documentary / self-record subject,diary/letters,adaptation,Hörspielbearbeitung
https://hoerspiele.dra.de/detailansicht/4806676,La vie en rose - Vom Leben und Überleben in Paris,2015,DRA,Tom Heithoff,"Originalhörspiel Tom Heithoff Berliner Hörspielfestival 2015 (""Das lange brennende Mikro"") Tom Heithoff 2014 ueberall:Porträt La vie en rose - Vom Leben und Überleben in Paris Originalhörspiel Tom Heithoff La vie en rose - Vom Leben und Überleben in Paris",Ordinary / private person,Ordinary / private person,portrait,original radio play,Originalhörspiel
https://hoerspiele.dra.de/detailansicht/4806713,Mit anderen Augen,2015,DRA,Helmut Oehring,Autobiographie) Jochen Meißner: Die Muttersprache der Tauben,Women's life; Family / intimate life,Women's life | Family / intimate life,biography; autobiography,adaptation,Hörspielbearbeitung
https://hoerspiele.dra.de/detailansicht/4826032,"Leben und Ansichten von Tristram Shandy, Gentleman (1. Teil)",2015,DRA,Laurence Sterne,"Hörspielbearbeitung Laurence Sterne The life and opinions of Tristram Shandy (Roman, englisch) CD-Edition: Der Hörverlag 2015 | hr2-Hörbuchbestenliste Januar 2016 | Preis der deutschen Schallplattenkritik 2016 (Bestenliste 1. Quartal) (CD-Edition) | Jens Bisky",Documentary / self-record subject,Documentary / self-record subject,diary/letters,adaptation,Hörspielbearbeitung
https://hoerspiele.dra.de/detailansicht/4826043,"Leben und Ansichten von Tristram Shandy, Gentleman (2. Teil)",2015,DRA,Laurence Sterne,"Hörspielbearbeitung Laurence Sterne The life and opinions of Tristram Shandy (Roman, englisch) CD-Edition: Der Hörverlag 2015 | hr2-Hörbuchbestenliste Januar 2016 | Preis der deutschen Schallplattenkritik 2016 (Bestenliste 1. Quartal) (CD-Edition) | Jens Bisky",Documentary / self-record subject,Documentary / self-record subject,diary/letters,adaptation,Hörspielbearbeitung
https://hoerspiele.dra.de/detailansicht/4826048,"Leben und Ansichten von Tristram Shandy, Gentleman (5. Teil)",2015,DRA,Laurence Sterne,"Hörspielbearbeitung Laurence Sterne The life and opinions of Tristram Shandy (Roman, englisch) CD-Edition: Der Hörverlag 2015 | hr2-Hörbuchbestenliste Januar 2016 (1. Platz) | Preis der deutschen Schallplattenkritik 2016 (Bestenliste 1. Quartal) (CD-Edition) |",Documentary / self-record subject,Documentary / self-record subject,diary/letters,adaptation,Hörspielbearbeitung
https://hoerspiele.dra.de/detailansicht/4826045,"Leben und Ansichten von Tristram Shandy, Gentleman (3. Teil)",2015,DRA,Laurence Sterne,"Hörspielbearbeitung Laurence Sterne The life and opinions of Tristram Shandy (Roman, englisch) CD-Edition: Der Hörverlag 2015 | hr2-Hörbuchbestenliste Januar 2016 | Preis der deutschen Schallplattenkritik 2016 (Bestenliste 1. Quartal) (CD-Edition) | Jens Bisky",Documentary / self-record subject,Documentary / self-record subject,diary/letters,adaptation,Hörspielbearbeitung
https://hoerspiele.dra.de/detailansicht/4826046,"Leben und Ansichten von Tristram Shandy, Gentleman (4. Teil)",2015,DRA,Laurence Sterne,"Hörspielbearbeitung Laurence Sterne The life and opinions of Tristram Shandy (Roman, englisch) CD-Edition: Der Hörverlag 2015 | hr2-Hörbuchbestenliste Januar 2016 (1. Platz) | Preis der deutschen Schallplattenkritik 2016 (Bestenliste 1. Quartal) (CD-Edition) |",Documentary / self-record subject,Documentary / self-record subject,diary/letters,adaptation,Hörspielbearbeitung
https://hoerspiele.dra.de/detailansicht/4826050,"Leben und Ansichten von Tristram Shandy, Gentleman (7. Teil)",2015,DRA,Laurence Sterne,"Hörspielbearbeitung Laurence Sterne The life and opinions of Tristram Shandy (Roman, englisch) CD-Edition: Der Hörverlag 2015 | hr2-Hörbuchbestenliste Januar 2016 (1. Platz) | Preis der deutschen Schallplattenkritik 2016 (Bestenliste 1. Quartal) (CD-Edition) |",Documentary / self-record subject,Documentary / self-record subject,diary/letters,adaptation,Hörspielbearbeitung
https://hoerspiele.dra.de/detailansicht/4826049,"Leben und Ansichten von Tristram Shandy, Gentleman (6. Teil)",2015,DRA,Laurence Sterne,"Hörspielbearbeitung Laurence Sterne The life and opinions of Tristram Shandy (Roman, englisch) CD-Edition: Der Hörverlag 2015 | hr2-Hörbuchbestenliste Januar 2016 (1. Platz) | Preis der deutschen Schallplattenkritik 2016 (Bestenliste 1. Quartal) (CD-Edition) |",Documentary / self-record subject,Documentary / self-record subject,diary/letters,adaptation,Hörspielbearbeitung
https://hoerspiele.dra.de/detailansicht/4826053,"Leben und Ansichten von Tristram Shandy, Gentleman (8. Teil)",2015,DRA,Laurence Sterne,"Hörspielbearbeitung Laurence Sterne The life and opinions of Tristram Shandy (Roman, englisch) CD-Edition: Der Hörverlag 2015 | hr2-Hörbuchbestenliste Januar 2016 (1. Platz) | Preis der deutschen Schallplattenkritik 2016 (Bestenliste 1. Quartal) (CD-Edition) |",Documentary / self-record subject,Documentary / self-record subject,diary/letters,adaptation,Hörspielbearbeitung
https://hoerspiele.dra.de/detailansicht/4906744,Liliane Lijn: Glittering in the Sun/Crossing Map,2015,DRA,Gaby Hartel; Liliane Lijn,"Autobiographie, amerikanisch) Deutschlandradio Kultur (Deutschlandradio) 2015 ueberall:Autobiographie Liliane Lijn: Glittering in the Sun/Crossing Map Hörspielbearbeitung Reihentitel: Kunststücke Gaby Hartel , Liliane Lijn Liliane Lij",Artist / visual artist,Artist / visual artist,biography; autobiography,adaptation,Hörspielbearbeitung
https://hoerspiele.dra.de/detailansicht/4826055,"Leben und Ansichten von Tristram Shandy, Gentleman (9. Teil)",2015,DRA,Laurence Sterne,"Hörspielbearbeitung Laurence Sterne The life and opinions of Tristram Shandy (Roman, englisch) CD-Edition: Der Hörverlag 2015 | hr2-Hörbuchbestenliste Januar 2016 (1. Platz) | Preis der deutschen Schallplattenkritik: Bestenliste 1. Quartal 2016 | Jens Bisky: W",Documentary / self-record subject,Documentary / self-record subject,diary/letters,adaptation,Hörspielbearbeitung
https://hoerspiele.dra.de/detailansicht/4909404,Der verliebte Antierotiker - Ein unbekanntes Kapitel aus dem Leben des Dichters Paul Scheerbart (2. Teil),1993,DRA,Paul Scheerbart,"Hörspielbearbeitung, Monolog Paul Scheerbart Briefwechsel Bayerischer Rundfunk 1992 ueberall:Briefwechsel Der verliebte Antierotiker - Ein unbekanntes Kapitel aus dem Leben des Dichters Paul Scheerbart (2. Teil) Hörspielbearbeitung, Monolog Paul Scheerbart Der",Author / literary figure,Author / literary figure,diary/letters,adaptation,"Hörspielbearbeitung, Monolog"
https://hoerspiele.dra.de/detailansicht/4909405,Der verliebte Antierotiker - Ein unbekanntes Kapitel aus dem Leben des Dichters Paul Scheerbart (3. Teil),1993,DRA,Paul Scheerbart,"Hörspielbearbeitung, Monolog Paul Scheerbart Briefwechsel Bayerischer Rundfunk 1992 ueberall:Briefwechsel Der verliebte Antierotiker - Ein unbekanntes Kapitel aus dem Leben des Dichters Paul Scheerbart (3. Teil) Hörspielbearbeitung, Monolog Paul Scheerbart Der",Author / literary figure,Author / literary figure,diary/letters,adaptation,"Hörspielbearbeitung, Monolog"
https://hoerspiele.dra.de/detailansicht/4913095,SoundCard Washington,2016,DRA,Andreas Horchler,"Ars acustica, Porträt Andreas Horchler Hessischer Rundfunk 2016 ueberall:Porträt SoundCard Washington Ars acustica, Porträt Andreas Horchler SoundCard Washington Realisation: Andreas Horchler Ihre Einwohner nennen Sie einfach DC. Die Hauptstadt der USA, der 17",Ordinary / private person,Ordinary / private person,portrait,portrait,"Ars acustica, Porträt"
https://hoerspiele.dra.de/detailansicht/4911046,"Hier Familie Hansen (38. Folge: Briefe, Briefe ...)",1970,DRA,Gisela Prugel,Briefe Hier Familie Hansen (38,Family / intimate life; Documentary / self-record subject,Family / intimate life | Documentary / self-record subject,diary/letters,original radio play,"Originalhörspiel, Kinderhörspiel"
https://hoerspiele.dra.de/detailansicht/4913331,Das Tagebuch von Adam und Eva,1973,DRA,Mark Twain,"Tagebuch von Adam und Eva Hörspielbearbeitung Mark Twain Die Tagebücher von Adam und Eva (Roman, amerikanisch) Download: SWR Edition 2015 Südwestfunk 1973 titel:Tagebuch Das Tagebuch von Adam und Eva Hörspielbearbeitung Mark Twa",Documentary / self-record subject,Documentary / self-record subject,diary/letters,adaptation,Hörspielbearbeitung
https://hoerspiele.dra.de/detailansicht/4918583,Die Geschichte meines Lebens - Die Tagebücher Ferdinand Benekes (2. Teil: Die Jahre 1794 bis Anfang 1796),2015,DRA,Ferdinand Beneke,Tagebuch) CD-Edition: Hoffmann und Campe Verlag 2017 Radio Bremen 2016 ueberall:Briefe; ueberall:Tagebuch; ueberall:Tagebücher Die Geschichte meines Lebens - Die Tagebücher Ferdinand Benekes (2,Documentary / self-record subject,Documentary / self-record subject,diary/letters,adaptation,Hörspielbearbeitung
https://hoerspiele.dra.de/detailansicht/4925297,Wie war’s in China?,2016,DRA,Laurent Jeanneau,Tagebuch Wie war’s in China? Ars acustica Laurent Jeanneau Wie war’s in China? Realisation: Laurent Jeanneau Über 10 Jahre lang hat der französische Musiker Laurent Jeanneau in China gelebt,Musician / composer,Musician / composer,diary/letters,sound art,Ars acustica
https://hoerspiele.dra.de/detailansicht/4925993,Schwenkfutter,2016,DRA,Oliver Bukowski,"Originalhörspiel, Kriminalhörspiel Oliver Bukowski Deutschlandfunk Kultur (Deutschlandradio) 2016 ueberall:Porträt Schwenkfutter Originalhörspiel, Kriminalhörspiel Oliver Bukowski Schwenkfutter Alexander Schuhmacher",Ordinary / private person,Ordinary / private person,portrait,original radio play,"Originalhörspiel, Kriminalhörspiel"
https://hoerspiele.dra.de/detailansicht/4931082,Die alte Tochter spricht mit dem jungen Vater,2016,DRA,Gabriele Bigott,"Briefe Die alte Tochter spricht mit dem jungen Vater Originalhörspiel Gabriele Bigott Die alte Tochter spricht mit dem jungen Vater Komposition: Tobias Morgenstern Redaktion: Thomas Fritz Hans Peter Ruhnert, Holger König assis",Women's life; Family / intimate life; Documentary / self-record subject,Women's life | Family / intimate life | Documentary / self-record subject,diary/letters,original radio play,Originalhörspiel
https://hoerspiele.dra.de/detailansicht/4932531,Ich stand abseits,1973,DRA,Ernst Klee; Christian Gebert; Jürgen Knop,"Autobiographie (Prosa) Hessischer Rundfunk 1972 titel:Autobiographie; ueberall:Autobiographie Ich stand abseits Hörspielbearbeitung, Dokumentarhörspiel, Originaltonhörspiel Ernst Klee , Christian Gebert , Jürgen Knop Ich stand abseits",Ordinary / private person,Ordinary / private person,biography; autobiography,feature / documentary,"Hörspielbearbeitung, Dokumentarhörspiel, Originaltonhörspiel"
https://hoerspiele.dra.de/detailansicht/4934264,Erinnerungen an eine Zeit vor dem LED-Regime,2016,DRA,Subject not identified,Ars acustica Gregor Glogowski Hessischer Rundfunk 2017 titel:Erinnerungen Erinnerungen an eine Zeit vor dem LED-Regime Ars acustica Gregor Glogowski Erinnerungen an eine Zeit vor dem LED-Regime Künstlerische Aufnahmeleitung: Eberhard Bätza Realisation: Gregor ,Artist / visual artist,Artist / visual artist,memory/testimony,sound art,Ars acustica
https://hoerspiele.dra.de/detailansicht/4936976,Die Geschichte meines Lebens - Die Tagebücher Ferdinand Benekes (3. Teil: Das Jahr 1801),2017,DRA,Ferdinand Beneke,Tagebuch) CD-Edition: Hoffmann und Campe Verlag 2017 Radio Bremen 2017 ueberall:Briefe; ueberall:Tagebuch; ueberall:Tagebücher Die Geschichte meines Lebens - Die Tagebücher Ferdinand Benekes (3,Documentary / self-record subject,Documentary / self-record subject,diary/letters,adaptation,Hörspielbearbeitung
https://hoerspiele.dra.de/detailansicht/4939130,Meine Seele war schwarz von Fliegen (3. Teil),1993,DRA,Vasilij Baranov,"Tagebuchaufzeichnungen, russisch) Südwestfunk / Mitteldeutscher Rundfunk 1993 titel:Tagebuch Meine Seele war schwarz von Fliegen (3",Documentary / self-record subject,Documentary / self-record subject,diary/letters,adaptation,"Hörspielbearbeitung, Kurzhörspiel, Monolog"
https://hoerspiele.dra.de/detailansicht/4939129,Meine Seele war schwarz von Fliegen (2. Teil),1995,DRA,Vasilij Baranov,"Tagebuchaufzeichnungen, russisch) Südwestfunk / Mitteldeutscher Rundfunk 1993 titel:Tagebuch Meine Seele war schwarz von Fliegen (2",Documentary / self-record subject,Documentary / self-record subject,diary/letters,adaptation,"Hörspielbearbeitung, Kurzhörspiel, Monolog"
https://hoerspiele.dra.de/detailansicht/4937511,Das Paradies der kleinen Dinge,2017,DRA,Nathaniel Hawthorne; Sophia Hawthorne,"Tagebuch; ueberall:Tagebuch Das Paradies der kleinen Dinge Hörspielbearbeitung Nathaniel Hawthorne , Sophia Hawthorne Das Paradies der kleinen Dinge Ein gemeinsames Tagebuch The Common Journal (Text, Amerikanisch) Übersetzung: A",Documentary / self-record subject,Documentary / self-record subject,diary/letters,adaptation,Hörspielbearbeitung
https://hoerspiele.dra.de/detailansicht/4939131,Meine Seele war schwarz von Fliegen (4. Teil),1993,DRA,Vasilij Baranov,"Tagebuchaufzeichnungen, russisch) Südwestfunk / Mitteldeutscher Rundfunk 1993 titel:Tagebuch Meine Seele war schwarz von Fliegen (4",Documentary / self-record subject,Documentary / self-record subject,diary/letters,adaptation,"Hörspielbearbeitung, Kurzhörspiel, Monolog"
https://hoerspiele.dra.de/detailansicht/4939845,Mutti und ich,2017,DRA,Marietta Schwarz,"Originalhörspiel, Dokumentarhörspiel Marietta Schwarz Marietta Schwarz 2016 ueberall:Porträt Mutti und ich Originalhörspiel, Dokumentarhörspiel Marietta Schwarz Mutti und ich Geschichten aus dem Vorort Marietta Schwarz",Ordinary / private person,Ordinary / private person,portrait,feature / documentary,"Originalhörspiel, Dokumentarhörspiel"
https://hoerspiele.dra.de/detailansicht/4940862,Pellkantüffeln un Hering (1. Teil: Kinnertied in Pommern),1976,DRA,Franz Rehbein,Autobiographie) Radio Bremen / Norddeutscher Rundfunk ueberall:Autobiographie Pellkantüffeln un Hering (1,Ordinary / private person,Ordinary / private person,biography; autobiography,adaptation,"Hörspielbearbeitung, Mundarthörspiel"
https://hoerspiele.dra.de/detailansicht/4940874,Pellkantüffeln un Hering (2. Teil: Herr un Knecht),1976,DRA,Franz Rehbein,Autobiographie) Radio Bremen / Norddeutscher Rundfunk ueberall:Autobiographie Pellkantüffeln un Hering (2,Ordinary / private person,Ordinary / private person,biography; autobiography,adaptation,"Hörspielbearbeitung, Mundarthörspiel"
https://hoerspiele.dra.de/detailansicht/4940875,Pellkantüffeln un Hering (3. Teil: De tweete Heimat),1976,DRA,Franz Rehbein,Autobiographie) Radio Bremen / Norddeutscher Rundfunk ueberall:Autobiographie Pellkantüffeln un Hering (3,Ordinary / private person,Ordinary / private person,biography; autobiography,adaptation,"Hörspielbearbeitung, Mundarthörspiel"
https://hoerspiele.dra.de/detailansicht/4949493,Sehnsucht,2018,DRA,Camillo Boito,"Tagebuch der Contessa Livia (Senso) (Novelle, italienisch) Südwestrundfunk 2018 titel:Tagebuch; ueberall:Tagebuch Sehnsucht Hörspielbearbeitung Camillo Boito Sehnsucht Das geheime Tagebuch der Contessa Livia Das geheime Tagebuch",Documentary / self-record subject,Documentary / self-record subject,diary/letters,adaptation,Hörspielbearbeitung
https://hoerspiele.dra.de/detailansicht/4951441,Der große Unbekannte (2. Teil: Das Porträt),1963,DRA,Karl Richard Tschon,"Originalhörspiel, Kriminalhörspiel Karl Richard Tschon CD-Edition: Pidax Film Media Ltd. (Alive) 2016 Saarländischer Rundfunk 1963 titel:Porträt Der große Unbekannte (2. Teil: Das Porträt) Originalhörspiel, Kriminalhörspiel Karl Richard Tschon Der große Unbeka",Ordinary / private person,Ordinary / private person,portrait,original radio play,"Originalhörspiel, Kriminalhörspiel"
https://hoerspiele.dra.de/detailansicht/4954569,"Comeback – Porträt einer Frau, die singt",1977,DRA,Paul Pörtner,"Originalhörspiel Paul Pörtner Westdeutscher Rundfunk / Saarländischer Rundfunk / Bayerischer Rundfunk 1976 titel:Porträt Comeback – Porträt einer Frau, die singt Originalhörspiel Paul Pörtner Comeback – Porträt einer Frau, die singt Neufassung Komposition: Geo",Women's life,Women's life,portrait,original radio play,Originalhörspiel
https://hoerspiele.dra.de/detailansicht/4954237,Meine Erinnerungen reißen mich in Stücke,2018,DRA,Subject not identified,Originalhörspiel Cristin König Hörspiel des Monats Juni 2018 | Nominiert für den Deutschen Hörspielpreis der ARD 2018 | N. N.: Stück über Mary Shelley ist Hörspiel des Monats Juni. In: epd medien vom 13.07.2018. N.: Hörspiel des Monats. In: Medienkorrespondenz,Ordinary / private person,Ordinary / private person,memory/testimony,original radio play,Originalhörspiel
https://hoerspiele.dra.de/detailansicht/4954716,Hölderlin. Geschichte einer Abschiebung,2018,DRA,Klaus Buhlert,Briefe; ueberall:Franz Kafka Hölderlin,Documentary / self-record subject,Documentary / self-record subject,diary/letters,original radio play,Originalhörspiel
https://hoerspiele.dra.de/detailansicht/4959106,Djati Luwih – schönes Land,1979,DRA,Hansjörg Schmitthenner,"Tagebuch Djati Luwih – schönes Land Originalhörspiel, Ars acustica Hansjörg Schmitthenner Djati Luwih – schönes Land Ein akustisches Tagebuch aus Bali Klaus Krüger, Rainer Czekalski Hansjörg Schmitthenner Weitere Mitwirkende Hub",Documentary / self-record subject,Documentary / self-record subject,diary/letters,sound art,"Originalhörspiel, Ars acustica"
https://hoerspiele.dra.de/detailansicht/4955843,1918 Abschied,2018,DRA,Martin Graff,"Briefe 1918 Abschied Originalhörspiel, Mundarthörspiel Martin Graff 1918 Abschied Elsässiches Mundarthörspiel alemannisch Dramaturgie: Uta-Maria Heim Norbert Vossen, John Krol assistenz: Nicole Paulsen Martin Graff Weitere Mit",Documentary / self-record subject,Documentary / self-record subject,diary/letters,original radio play,"Originalhörspiel, Mundarthörspiel"
https://hoerspiele.dra.de/detailansicht/4963362,Der Hörspielautor Werner Buhss,2019,DRA,Matthias Thalheim,"Porträt Matthias Thalheim Mitteldeutscher Rundfunk 2019 titel:Porträt; ueberall:Porträt Der Hörspielautor Werner Buhss Porträt Matthias Thalheim Der Hörspielautor Werner Buhss Ein Radio-Porträt von Matthias Thalheim Hans Peter Ruhnert, Holger König assistenz: ",Ordinary / private person,Ordinary / private person,portrait,portrait,Porträt
https://hoerspiele.dra.de/detailansicht/4962886,Akte 88 (9. Folge: Zweieinhalb Jahre Tibet),2018,DRA,Walter Filz; Michael Lissek,"Originalhörspiel, Dokumentarhörspiel, Feature, Satire Walter Filz; Michael Lissek Stefan Fischer: Unsterblich. Die Radioserie ""Akte 88"" sammelt Theorien zum Überleben Adolf Hitlers. In: Süddeutsche Zeitung vom 14.09.2018. | Jochen Meißner: Zähler und Erzähler.",Documentary / self-record subject,Documentary / self-record subject,diary/letters,feature / documentary,"Originalhörspiel, Dokumentarhörspiel, Feature, Satire"
https://hoerspiele.dra.de/detailansicht/4970577,False Memory,2019,DRA,Subject not identified,"Originalhörspiel, Kriminalhörspiel Sandra Doedter Alexander Matzkeit: Tickende Uhr. In: epd medien Nr. 6.9.2019. Westdeutscher Rundfunk 2019 titel:Erinnerungen False Memory Originalhörspiel, Kriminalhörspiel Sandra Doedter False Memory Kann man Erinnerungen ma",Ordinary / private person,Ordinary / private person,memory/testimony,original radio play,"Originalhörspiel, Kriminalhörspiel"
https://hoerspiele.dra.de/detailansicht/4974424,Die Stadt und die Stimmen,2019,DRA,Subject not identified,Originalhörspiel Jürgen Becker Karl-Heinz Stevens 2019 (Auftragsproduktion von: Deutschlandradio) ueberall:Erinnerungen Die Stadt und die Stimmen Originalhörspiel Jürgen Becker Die Stadt und die Stimmen Karl-Heinz Stevens Karl-Heinz Stevens,Collective / community,Collective / community,memory/testimony,original radio play,Originalhörspiel
https://hoerspiele.dra.de/detailansicht/4975759,Erinnerungen einer Überflüssigen (1. Teil),2020,DRA,Lena Christ,Autobiographie) Hörspiel des Monats Juni 2020 | N,Ordinary / private person,Ordinary / private person,biography; autobiography; memory/testimony,adaptation,Hörspielbearbeitung
https://hoerspiele.dra.de/detailansicht/4975760,Erinnerungen einer Überflüssigen (2. Teil),2020,DRA,Lena Christ,Autobiographie) Hörspiel des Monats Juni 2020 | N,Ordinary / private person,Ordinary / private person,biography; autobiography; memory/testimony,adaptation,Hörspielbearbeitung
https://hoerspiele.dra.de/detailansicht/4976018,Hölderlin schüttelt mich,2020,DRA,Wilhelm Friedrich Waiblinger,"Hörspielbearbeitung, Mundarthörspiel Wilhelm Friedrich Waiblinger Leben, Dichtung und Wahnsinn (Porträt) Südwestrundfunk 2020 ueberall:Porträt Hölderlin schüttelt mich Hörspielbearbeitung, Mundarthörspiel Reihentitel: Zum 250. Geburtstag von Friedrich Hölderli",Ordinary / private person,Ordinary / private person,portrait,adaptation,"Hörspielbearbeitung, Mundarthörspiel"
https://hoerspiele.dra.de/detailansicht/4979045,Zusammen Walden (1. Teil: Sparsamkeit),2020,DRA,Henry David Thoreau,"Tagebuch, amerikanisch) Stefan Fischer: Und jetzt alle",Documentary / self-record subject,Documentary / self-record subject,diary/letters,adaptation,"Hörspielbearbeitung, Mitmachhörspiel, Szenische Lesung"
https://hoerspiele.dra.de/detailansicht/4980800,Zusammen Walden (2. Teil),2020,DRA,Henry David Thoreau,"Tagebuch, amerikanisch) Stefan Fischer: Und jetzt alle",Documentary / self-record subject,Documentary / self-record subject,diary/letters,adaptation,"Hörspielbearbeitung, Mitmachhörspiel, Szenische Lesung"
https://hoerspiele.dra.de/detailansicht/4980801,Zusammen Walden (3. Teil),2020,DRA,Henry David Thoreau,"Tagebuch, amerikanisch) Stefan Fischer: Und jetzt alle",Documentary / self-record subject,Documentary / self-record subject,diary/letters,adaptation,"Hörspielbearbeitung, Mitmachhörspiel, Szenische Lesung"
https://hoerspiele.dra.de/detailansicht/4980798,Zusammen Walden (1. Teil: Hast Du Schlösser in die Luft gebaut),2020,DRA,Henry David Thoreau,"Tagebuch, amerikanisch) Stefan Fischer: Und jetzt alle",Documentary / self-record subject,Documentary / self-record subject,diary/letters,adaptation,"Hörspielbearbeitung, Mitmachhörspiel, Szenische Lesung"
https://hoerspiele.dra.de/detailansicht/4980802,Zusammen Walden (4. Teil),2020,DRA,Henry David Thoreau,"Tagebuch, amerikanisch) Stefan Fischer: Und jetzt alle",Documentary / self-record subject,Documentary / self-record subject,diary/letters,adaptation,"Hörspielbearbeitung, Mitmachhörspiel, Szenische Lesung"
https://hoerspiele.dra.de/detailansicht/4983605,Überweben,2020,DRA,Etel Adnan,"Briefe Überweben Originalhörspiel Etel Adnan Überweben Klaudia Ruschkowski, Ulrike Haage Komposition: Ulrike Haage Dramaturgie: Christine Grimm Gunda Herke, Thomas Monnerjahn assistenz: Beate Becker Ulrike Haage Weitere Mitwir",Documentary / self-record subject,Documentary / self-record subject,diary/letters,original radio play,Originalhörspiel
https://hoerspiele.dra.de/detailansicht/4983915,Das Hörspiel vom Hörspiel 2020,2020,DRA,Julia Mihaly,"Wort-Musik-Sendung, Porträt, Ars acustica Julia Mihaly Südwestrundfunk 2020 ueberall:Porträt Das Hörspiel vom Hörspiel 2020 Wort-Musik-Sendung, Porträt, Ars acustica Julia Mihaly Das Hörspiel vom Hörspiel 2020 Werke aus dem Wettbewerb um den Karl-Sczuka-Preis ",Musician / composer,Musician / composer,portrait,portrait,"Wort-Musik-Sendung, Porträt, Ars acustica"
https://hoerspiele.dra.de/detailansicht/4984462,Götterdämmerung in Nürnberg (1. Teil der vierteiligen Fassung),2020,DRA,Gustav M. Gilbert,"Tagebuch (Bericht, amerikanisch) Westdeutscher Rundfunk 1988 ueberall:Tagebuch Götterdämmerung in Nürnberg (1",Documentary / self-record subject,Documentary / self-record subject,diary/letters,adaptation,Hörspielbearbeitung
https://hoerspiele.dra.de/detailansicht/4984463,Götterdämmerung in Nürnberg (2. Teil der vierteiligen Fassung),2020,DRA,Gustav M. Gilbert,"Tagebuch (Bericht, amerikanisch) Westdeutscher Rundfunk 1988 ueberall:Tagebuch Götterdämmerung in Nürnberg (2",Documentary / self-record subject,Documentary / self-record subject,diary/letters,adaptation,Hörspielbearbeitung
https://hoerspiele.dra.de/detailansicht/4984473,Götterdämmerung in Nürnberg (3. Teil der vierteiligen Fassung),2020,DRA,Gustav M. Gilbert,"Tagebuch (Bericht, amerikanisch) Westdeutscher Rundfunk 1988 ueberall:Tagebuch Götterdämmerung in Nürnberg (3",Documentary / self-record subject,Documentary / self-record subject,diary/letters,adaptation,Hörspielbearbeitung
https://hoerspiele.dra.de/detailansicht/4984474,Götterdämmerung in Nürnberg (4. Teil der vierteiligen Fassung),2020,DRA,Gustav M. Gilbert,"Tagebuch (Bericht, amerikanisch) Westdeutscher Rundfunk 1988 ueberall:Tagebuch Götterdämmerung in Nürnberg (4",Documentary / self-record subject,Documentary / self-record subject,diary/letters,adaptation,Hörspielbearbeitung
https://hoerspiele.dra.de/detailansicht/4985363,Brief an meine Mutter,2020,DRA,Georges Simenon,"Hörspielbearbeitung Georges Simenon Lettre à ma mère (Biographie, französisch) Norddeutscher Rundfunk 2019 titel:Biographie; ueberall:Biographie Brief an meine Mutter Hörspielbearbeitung Georges Simenon Brief an meine Mutter Nach der Biographie von George Sime",Women's life; Family / intimate life; Documentary / self-record subject,Women's life | Family / intimate life | Documentary / self-record subject,biography,adaptation,Hörspielbearbeitung
https://hoerspiele.dra.de/detailansicht/4987036,Und sicher ist mit mir die Welt verschwunden,2021,DRA,Subject not identified,Hörspielbearbeitung Sibylle Berg Und sicher ist mit mir die Welt verschwunden (Theaterstück) Heike Hupertz: Vom Leben umfangen. In: epd medien. 12.02.2021. | Jochen Meißner: Herabgestimmte Tonalität. In: Medienkorrespondenz. Mitteldeutscher Rundfunk 2021 ueber,Actor / performer,Actor / performer,memory/testimony,adaptation,Hörspielbearbeitung
https://hoerspiele.dra.de/detailansicht/4987241,Interview mit einem Stern (1. Teil der vierteiligen Fassung),2021,DRA,Ernst Schnabel,Tagebuch; ueberall:Tagebuch Interview mit einem Stern (1,Documentary / self-record subject,Documentary / self-record subject,diary/letters,feature / documentary,"Originalhörspiel, Feature"
https://hoerspiele.dra.de/detailansicht/4987242,Interview mit einem Stern (2. Teil der vierteiligen Folge),2021,DRA,Ernst Schnabel,Tagebuch; ueberall:Tagebuch Interview mit einem Stern (2,Documentary / self-record subject,Documentary / self-record subject,diary/letters,feature / documentary,"Originalhörspiel, Feature"
https://hoerspiele.dra.de/detailansicht/4987245,Interview mit einem Stern (3. Folge der vierteiligen Fassung),2021,DRA,Ernst Schnabel,Tagebuch; ueberall:Tagebuch Interview mit einem Stern (3,Documentary / self-record subject,Documentary / self-record subject,diary/letters,feature / documentary,"Originalhörspiel, Feature"
https://hoerspiele.dra.de/detailansicht/4987246,Interview mit einem Stern (4. Folge der vierteiligen Fassung),2021,DRA,Ernst Schnabel,Tagebuch; ueberall:Tagebuch Interview mit einem Stern (4,Documentary / self-record subject,Documentary / self-record subject,diary/letters,feature / documentary,"Originalhörspiel, Feature"
https://hoerspiele.dra.de/detailansicht/4990645,Curtain Call!,2021,DRA,Uwe Dierksen; Judith Rosmair,"Tagebuch Curtain Call! Originalhörspiel Reihentitel: The Artist's Corner Reihentitel: DRAMAjetzt! Uwe Dierksen , Judith Rosmair Curtain Call! Eine Schauspielerin am Rande des Nervenzusammenbruchs Redaktion: Cordula Huth Weitere",Women's life; Actor / performer,Women's life | Actor / performer,diary/letters,original radio play,Originalhörspiel
https://hoerspiele.dra.de/detailansicht/4991273,Mögen Sie Emily Dickinson?,2021,DRA,Kai Grehn,"Briefe und Gedichte (englisch) CD-Edition: Major Label, Zweitausendeins 2022 (Buch und CD) | Nominiert für den Deutschen Hörspielpreis der ARD 2021 | hr2-Hörbuchbestenliste Januar 2023 (4",Documentary / self-record subject,Documentary / self-record subject,diary/letters,adaptation,Hörspielbearbeitung
https://hoerspiele.dra.de/detailansicht/4991479,Briefe aus der Hölle,2021,DRA,Pavel Markovič Poljan; Salmen Gradowski; Lejb Langfuss; Herman Strasfogel,Briefe aus der Hölle Hörspielbearbeitung Pavel Markovič Poljan; Salmen Gradowski; Lejb Langfuss; Herman Strasfogel; Salmen Lewenthal; Marcel Najari; Abraham Levite Briefe aus der Hölle (russisch) CD-Edition: Der Audio Verlag 2,Documentary / self-record subject,Documentary / self-record subject,diary/letters,adaptation,Hörspielbearbeitung
https://hoerspiele.dra.de/detailansicht/4992864,Anne Lister (1. Teil),2022,DRA,Angela Steidele,"Hörspielbearbeitung Angela Steidele Anne Lister (Biographie) Hörspiel des Monats Mai 2022 | N. N.: ""Anne Lister"" ist Hörspiel des Monats Mai. In: epd medien Nr. 24.06.2022. Hessischer Rundfunk 2022 ueberall:Biographie; ueberall:Tagebücher Anne Lister (1. Teil)",Ordinary / private person,Ordinary / private person,biography; diary/letters,adaptation,Hörspielbearbeitung
https://hoerspiele.dra.de/detailansicht/4994495,"Rahel, damit sie mich kennen (7. Teil: ""Ich bin hier sehr wirksam"")",2021,DRA,Christine Nagel,"Briefe Rahel, damit sie mich kennen (7",Documentary / self-record subject,Documentary / self-record subject,diary/letters,original radio play,Originalhörspiel
https://hoerspiele.dra.de/detailansicht/4994538,"Rahel, damit sie mich kennen (10. Teil: Die Pockenmaterie muss raus)",2021,DRA,Christine Nagel,"Briefe Rahel, damit sie mich kennen (10",Documentary / self-record subject,Documentary / self-record subject,diary/letters,original radio play,Originalhörspiel
https://hoerspiele.dra.de/detailansicht/4995420,ULISSAS,2021,DRA,Clarice Lispector; Cordelia Dvorák,Briefe (portugiesisch (Brasilien)) Cosima Lutz: Sprach-Spektakel,Documentary / self-record subject,Documentary / self-record subject,diary/letters,adaptation,Hörspielbearbeitung
https://hoerspiele.dra.de/detailansicht/4996171,Die verschwundenen Bilder,2021,DRA,Teresa Schmid,"Tagebuch Die verschwundenen Bilder Hörspielbearbeitung, Kinderhörspiel, Kurzhörspiel, Kriminalhörspiel Teresa Schmid Die verschwundenen Bilder Kinderkrimi 2020 Die verschwundenen Bilder (Erzählung) Geli Schmaus Redaktion: Kai Fr",Family / intimate life; Documentary / self-record subject,Family / intimate life | Documentary / self-record subject,diary/letters,adaptation,"Hörspielbearbeitung, Kinderhörspiel, Kurzhörspiel, Kriminalhörspiel"
https://hoerspiele.dra.de/detailansicht/4997012,Gäste (1. Teil der zweiteiligen Fassung),2021,DRA,Subject not identified,Originalhörspiel Giovanna Favini Norbert Schachtsiek-Freitag. Funk-Korrespondenz. Jahrgang. 02.12.2005. Westdeutscher Rundfunk 2005 ueberall:Erinnerungen Gäste (1. Teil der zweiteiligen Fassung) Originalhörspiel Giovanna Favini Gäste (1. Teil der zweiteiligen ,Ordinary / private person,Ordinary / private person,memory/testimony,original radio play,Originalhörspiel
https://hoerspiele.dra.de/detailansicht/4997013,Gäste (2. Teil der zweiteiligen Fassung),2021,DRA,Subject not identified,Originalhörspiel Giovanna Favini Norbert Schachtsiek-Freitag. Funk-Korrespondenz. Jahrgang. 02.12.2005. Westdeutscher Rundfunk 2005 ueberall:Erinnerungen Gäste (2. Teil der zweiteiligen Fassung) Originalhörspiel Giovanna Favini Gäste (2. Teil der zweiteiligen ,Ordinary / private person,Ordinary / private person,memory/testimony,original radio play,Originalhörspiel
https://hoerspiele.dra.de/detailansicht/5011318,Anne Lister (2. Teil),2022,DRA,Angela Steidele,"Hörspielbearbeitung Angela Steidele Anne Lister (Biographie) Hörspiel des Monats Mai 2022 | N. N.: ""Anne Lister"" ist Hörspiel des Monats Mai. In: epd medien Nr. 24.06.2022. Hessischer Rundfunk 2022 ueberall:Biographie; ueberall:Tagebücher Anne Lister (2. Teil)",Ordinary / private person,Ordinary / private person,biography; diary/letters,adaptation,Hörspielbearbeitung
https://hoerspiele.dra.de/detailansicht/5011335,Great Depressions,2022,DRA,Jan Philipp Stange,Hörspielbearbeitung Jan Philipp Stange Great Depressions (Theaterstück) Hessischer Rundfunk 2022 ueberall:Porträt Great Depressions Hörspielbearbeitung Reihentitel: The Artist's Corner Reihentitel: DRAMAjetzt! Jan Philipp Stange Great Depressions Überraschende,Actor / performer,Actor / performer,portrait,adaptation,Hörspielbearbeitung
https://hoerspiele.dra.de/detailansicht/5012285,Mein lieber Wolf – Meine lieben fernen Mädels,2022,DRA,Ellen Hellwig; Wolfgang Hellwig; Anne Osterloh,"Briefe Mitteldeutscher Rundfunk 2022 ueberall:Briefe; ueberall:Briefwechsel; ueberall:Nachlass Mein lieber Wolf – Meine lieben fernen Mädels Hörspielbearbeitung Ellen Hellwig , Wolfgang Hellwig , Anne Osterloh Mein lieber Wolf",Family / intimate life; Documentary / self-record subject,Family / intimate life | Documentary / self-record subject,diary/letters,adaptation,Hörspielbearbeitung
https://hoerspiele.dra.de/detailansicht/5012028,Kies,2022,DRA,François Sarhan,Ars acustica François Sarhan Deutschlandfunk Kultur (Deutschlandradio) 2021 ueberall:Erinnerungen Kies Ars acustica François Sarhan Kies Jan Fraune assistenz: Assunta Alegiani Zwei Jahre lang beobachtete und belauschte der Komponist François Sarhan sein Umfeld,Women's life; Musician / composer,Women's life | Musician / composer,diary/letters; memory/testimony,sound art,Ars acustica
https://hoerspiele.dra.de/detailansicht/5011523,Aus den Erinnerungen des Zauberferkels Adalbert,1956,DRA,Subject not identified,"Originalhörspiel, Kinderhörspiel Anna Elisabeth Wiede; Peter Hacks; James Krüss Südwestfunk 1956 titel:Erinnerungen Aus den Erinnerungen des Zauberferkels Adalbert Originalhörspiel, Kinderhörspiel Anna Elisabeth Wiede , Peter Hacks , James Krüss Aus den Erinne",Family / intimate life,Family / intimate life,memory/testimony,original radio play,"Originalhörspiel, Kinderhörspiel"
https://hoerspiele.dra.de/detailansicht/5011319,Anne Lister (3. Teil),2022,DRA,Angela Steidele,"Hörspielbearbeitung Angela Steidele Anne Lister (Biographie) Hörspiel des Monats Mai 2022 | N. N.: ""Anne Lister"" ist Hörspiel des Monats Mai. In: epd medien Nr. 24.06.2022. Hessischer Rundfunk 2022 ueberall:Biographie; ueberall:Tagebücher Anne Lister (3. Teil)",Ordinary / private person,Ordinary / private person,biography; diary/letters,adaptation,Hörspielbearbeitung
https://hoerspiele.dra.de/detailansicht/5012924,Nachtwächter Spinning erzählt von gemeinsamen Erinnerungen,1970,DRA,Subject not identified,"Originalhörspiel, Kinderhörspiel Eva Rechlin Westdeutscher Rundfunk 1970 titel:Erinnerungen Nachtwächter Spinning erzählt von gemeinsamen Erinnerungen Originalhörspiel, Kinderhörspiel Reihentitel: Nachtwächter Spinning Eva Rechlin Nachtwächter Spinning erzählt",Family / intimate life,Family / intimate life,memory/testimony,original radio play,"Originalhörspiel, Kinderhörspiel"
https://hoerspiele.dra.de/detailansicht/5015000,Achim Freyer trifft Don Giovanni am Checkpoint Charlie,2022,DRA,Alvin Curran,Ars acustica Alvin Curran Deutschlandfunk Kultur (Deutschlandradio) / Südwestrundfunk 2022 ueberall:Bertolt Brecht; ueberall:Porträt Achim Freyer trifft Don Giovanni am Checkpoint Charlie Ars acustica Alvin Curran Achim Freyer trifft Don Giovanni am Checkpoint,Ordinary / private person,Ordinary / private person,portrait,sound art,Ars acustica
https://hoerspiele.dra.de/detailansicht/5014677,Spiegeljahre (1. Teil),2022,DRA,Felix Huby,Autobiographie) Südwestrundfunk 2022 ueberall:Autobiographie Spiegeljahre (1,Ordinary / private person,Ordinary / private person,biography; autobiography,adaptation,"Hörspielbearbeitung, Mundarthörspiel"
https://hoerspiele.dra.de/detailansicht/5014678,Spiegeljahre (2. Teil),2022,DRA,Felix Huby,Autobiographie) Südwestrundfunk 2022 ueberall:Autobiographie Spiegeljahre (2,Ordinary / private person,Ordinary / private person,biography; autobiography,adaptation,"Hörspielbearbeitung, Mundarthörspiel"
https://hoerspiele.dra.de/detailansicht/5014997,Anne Lister - Eine erotische Biografie (Einteilige Fassung),2022,DRA,Angela Steidele,Hörspielbearbeitung Angela Steidele Anne Lister (Biographie) Hörspiel des Monats Mai 2022 Hessischer Rundfunk 2022 titel:Biografie; ueberall:Biographie; ueberall:Tagebücher Anne Lister - Eine erotische Biografie (Einteilige Fassung) Hörspielbearbeitung Angela ,Ordinary / private person,Ordinary / private person,biography; diary/letters,adaptation,Hörspielbearbeitung
https://hoerspiele.dra.de/detailansicht/5014999,Die Polizey,2022,DRA,Björn SC Deigner; Friedrich Schiller,"Hörspielbearbeitung Björn SC Deigner; Friedrich Schiller Hörspiel des Monats August 2022 | Prix Marulić 2023 (2. Platz in der Kategorie ""Drama"") | Stefan Fischer: Doppelter Notruf. In: Süddeutsche Zeitung vom 17.08.2022. N.: ""Die Polizey"" ist Hörspiel des Mona",Ordinary / private person,Ordinary / private person,portrait,adaptation,Hörspielbearbeitung
https://hoerspiele.dra.de/detailansicht/5016738,Timothy Truckle ermittelt (3. Folge: Spiel auf Leben und Tod),2022,DRA,Gert Prokop,"Hörspielbearbeitung, Kriminalhörspiel, Science Fiction-Hörspiel Gert Prokop Spiel auf Leben und Tod (Erzählung) Mitteldeutscher Rundfunk 2022 titel:Leben; ueberall:Porträt Timothy Truckle ermittelt (3. Folge: Spiel auf Leben und Tod) Hörspielbearbeitung, Krimi",Ordinary / private person,Ordinary / private person,portrait,adaptation,"Hörspielbearbeitung, Kriminalhörspiel, Science Fiction-Hörspiel"
https://hoerspiele.dra.de/detailansicht/5017839,"Ein Käfer, der Erinnerungen frisst",2022,DRA,Subject not identified,"Originalhörspiel, Science Fiction-Hörspiel Fabian Raith; Sophie Neu Hörspiel des Monats Dezember 2022 | N. N.: ""Ein Käfer, der Erinnerungen frisst"" ist Hörspiel des Monats Dezember. In: epd medien Nr. 27.01.2023. Deutschlandfunk Kultur (Deutschlandradio) 2022 ",Ordinary / private person,Ordinary / private person,memory/testimony,original radio play,"Originalhörspiel, Science Fiction-Hörspiel"
https://hoerspiele.dra.de/detailansicht/5018259,Sweet Paris reloaded,2021,DRA,"Wolf Pehlke; Alfred ""23"" Harth; Peter Fey","Briefe, Rohmaterial von der CD ""Sweet Paris"" Südwestrundfunk 2021 ueberall:Briefe; ueberall:autobiographisch Sweet Paris reloaded Ars acustica Wolf Pehlke , Alfred ""23"" Harth , Peter Fey Sweet Paris reloaded Paris-Briefe, Rohm",Ordinary / private person,Ordinary / private person,biography; autobiography; diary/letters,sound art,Ars acustica
https://hoerspiele.dra.de/detailansicht/5018550,"Herr Achternbusch, wie heißen Sie?",2023,DRA,Andreas Ammer; Herbert Achternbusch,Autobiographie) Cosima Lutz: Ins Fließen gebracht,Ordinary / private person,Ordinary / private person,biography; autobiography,original radio play,"Originalhörspiel, Collage"
https://hoerspiele.dra.de/detailansicht/5018659,I Am Glad You Asked Me This Question (1. Teil),2022,DRA,Bonaventure Soh Bejeng Ndikung,"Ars acustica, Porträt Bonaventure Soh Bejeng Ndikung Deutschlandfunk Kultur (Deutschlandradio) / SAVVY Contemporary 2022 ueberall:Porträt I Am Glad You Asked Me This Question (1. Teil) Ars acustica, Porträt Bonaventure Soh Bejeng Ndikung I Am Glad You Asked Me",Ordinary / private person,Ordinary / private person,portrait,portrait,"Ars acustica, Porträt"
https://hoerspiele.dra.de/detailansicht/5018665,I Am Glad You Asked Me This Question (2. Teil),2022,DRA,Kamila Metwaly; Benjamin Patterson,"Ars acustica, Porträt Kamila Metwaly; Benjamin Patterson Deutschlandfunk Kultur (Deutschlandradio) / SAVVY Contemporary 2022 ueberall:Porträt I Am Glad You Asked Me This Question (2. Teil) Ars acustica, Porträt Kamila Metwaly , Benjamin Patterson I Am Glad You",Ordinary / private person,Ordinary / private person,portrait,portrait,"Ars acustica, Porträt"
https://hoerspiele.dra.de/detailansicht/5020637,Childhood Stories Moskau,2023,DRA,Subject not identified,"Originalhörspiel Butterland Regina Dürig / Christian Müller 2022 titel:Erinnerungen; ueberall:Erinnerungen Childhood Stories Moskau Originalhörspiel Butterland Childhood Stories Moskau Erinnerungen junger Russinen und Russen Regina Dürig , Christian Müller",Ordinary / private person,Ordinary / private person,memory/testimony,original radio play,Originalhörspiel
https://hoerspiele.dra.de/detailansicht/5026018,Schalter Licht Zimmer,2023,DRA,Subject not identified,"Ars acustica Albrecht Kunze Südwestrundfunk 2023 ueberall:Erinnerungen Schalter Licht Zimmer Ars acustica Albrecht Kunze Schalter Licht Zimmer Dramaturgie: Manfred Hess Tanja Hiesch, Manuel Michalski Realisation: Albrecht Kunze",Ordinary / private person,Ordinary / private person,memory/testimony,sound art,Ars acustica
https://hoerspiele.dra.de/detailansicht/5026040,Genka haut ab (1. Teil),1970,DRA,Nikolai Petscherski,"Tagebuch eines Lausejungen) (Jugendbuch, russisch) Westdeutscher Rundfunk 1970 titel:Tagebuch Genka haut ab (1",Family / intimate life; Documentary / self-record subject,Family / intimate life | Documentary / self-record subject,diary/letters,adaptation,"Hörspielbearbeitung, Kinderhörspiel"
https://hoerspiele.dra.de/detailansicht/5026041,Genka haut ab (2. Teil),1970,DRA,Nikolai Petscherski,"Tagebuch eines Lausejungen) (Jugendbuch, russisch) Westdeutscher Rundfunk 1970 titel:Tagebuch Genka haut ab (2",Family / intimate life; Documentary / self-record subject,Family / intimate life | Documentary / self-record subject,diary/letters,adaptation,"Hörspielbearbeitung, Kinderhörspiel"
https://hoerspiele.dra.de/detailansicht/5026302,Dear alter Ego,2023,DRA,Ulrike Haage; Maya Deren,"Briefe; ueberall:Porträt Dear alter Ego Originalhörspiel, Porträt Ulrike Haage , Maya Deren Dear alter Ego Übersetzung: Klaudia Ruschkowski Komposition: Ulrike Haage Redaktion: Katarina Agathos Martin Offik Ulrike Haage Weiter",Documentary / self-record subject,Documentary / self-record subject,portrait; diary/letters,portrait,"Originalhörspiel, Porträt"
https://hoerspiele.dra.de/detailansicht/5026565,EM-Suite op. 42,2023,DRA,Daniel Hensel,Ars acustica Daniel Hensel Hessischer Rundfunk 2023 ueberall:Porträt EM-Suite op. 42 Ars acustica Reihentitel: The Artist's Corner Daniel Hensel EM-Suite op. 42 Eine elektroakustische Komposition Komposition: Daniel Hensel Redaktion: Stefan Fricke Realisation:,Ordinary / private person,Ordinary / private person,portrait,sound art,Ars acustica
https://hoerspiele.dra.de/detailansicht/5026069,Taschi de le,1971,DRA,Subject not identified,"Originalhörspiel, Kinderhörspiel Ursula Feldhege Westdeutscher Rundfunk 1971 titel:Erinnerungen Taschi de le Originalhörspiel, Kinderhörspiel Ursula Feldhege Taschi de le Erinnerungen eines tibetischen Flüchtlingskindes Eduard Ebert, Ursula Hinz assistenz: Ulf",Family / intimate life,Family / intimate life,memory/testimony,original radio play,"Originalhörspiel, Kinderhörspiel"
https://hoerspiele.dra.de/detailansicht/5029345,Das Geheimnis der gelben Tapete,2019,DRA,Andrea Schomburg,"Tagebuch Das Geheimnis der gelben Tapete Szenische Lesung, Hörspielbearbeitung Andrea Schomburg Das Geheimnis der gelben Tapete Das Geheimnis der gelben Tapete (Kinderbuch) Redaktion: Kai Frohner, Ulrike Weigl Kilian Leypold Wei",Family / intimate life; Documentary / self-record subject,Family / intimate life | Documentary / self-record subject,diary/letters,adaptation,"Szenische Lesung, Hörspielbearbeitung"
https://hoerspiele.dra.de/detailansicht/5029471,Flashback Crash (November-Reminiszenzen),2024,DRA,Subject not identified,Ars acustica Andreas Wagner Hessischer Rundfunk 2024 ueberall:Erinnerungen Flashback Crash (November-Reminiszenzen) Ars acustica Reihentitel: The Artist's Corner Andreas Wagner Flashback Crash (November-Reminiszenzen) Komposition: Andreas Wagner Redaktion: Ste,Ordinary / private person,Ordinary / private person,memory/testimony,sound art,Ars acustica
https://hoerspiele.dra.de/detailansicht/5029973,Mutter haben (1. Teil),2024,DRA,Subject not identified,"Originalhörspiel Ruth Johanna Benrath Stefan Fischer: ""Per Nabelschnur. Tochter, Mutter, Großmutter: Ruth Johanna Benraths Hörspiel über drei Generationen"", in: Süddeutsche online vom 14.03.2024. | Jochen Meißner: ""Das Auffüllen von Lücken. Ruth Johanna Benrat",Women's life; Family / intimate life; Collective / community,Women's life | Family / intimate life | Collective / community,memory/testimony,original radio play,Originalhörspiel
https://hoerspiele.dra.de/detailansicht/5029982,Mutter haben (2. Teil),2024,DRA,Subject not identified,"Originalhörspiel Ruth Johanna Benrath Stefan Fischer: ""Per Nabelschnur. Tochter, Mutter, Großmutter: Ruth Johanna Benraths Hörspiel über drei Generationen"", in: Süddeutsche online vom 14.03.2024. | Jochen Meißner: ""Das Auffüllen von Lücken. Ruth Johanna Benrat",Women's life; Family / intimate life; Collective / community,Women's life | Family / intimate life | Collective / community,memory/testimony,original radio play,Originalhörspiel
https://hoerspiele.dra.de/detailansicht/5031768,Kaf*KI,2024,DRA,Subject not identified,"Originalhörspiel Robert Schoen Stefan Fischer: ""Wenn Kafka für die Öffentlich-Rechtlichen arbeiten müsste. Vordergründig rückt Robert Schoen in seinem Hörspiel dem Leben und Werk Franz Kafkas mit einer KI zu Leibe. Tatsächlich wäscht er den irrlichternden Kult",Unclear / needs review,Unclear / needs review,implicit,original radio play,Originalhörspiel
https://hoerspiele.dra.de/detailansicht/5031783,Voices of the Invisible,2024,DRA,Priscilla McLean,"Ars acustica, Porträt Priscilla McLean Hessischer Rundfunk 2024 ueberall:Porträt Voices of the Invisible Ars acustica, Porträt Reihentitel: The Artist's Corner Priscilla McLean Voices of the Invisible Die elektroakustische Musik von Priscilla McLean (*1942) Ko",Musician / composer,Musician / composer,portrait,portrait,"Ars acustica, Porträt"
https://hoerspiele.dra.de/detailansicht/5031872,Fühl dich umarmt,2023,DRA,Andreas Jungwirth,"Briefe; ueberall:Briefwechsel Fühl dich umarmt Originalhörspiel Andreas Jungwirth Fühl dich umarmt Ein Hörstück nach einem Briefwechsel Komposition: Stefan Martin Weber Anna Kuncio, Stefan Martin Weber, Manuel Radinger Andreas",Documentary / self-record subject,Documentary / self-record subject,diary/letters,original radio play,Originalhörspiel
https://hoerspiele.dra.de/detailansicht/5032659,Mögen Sie Emily Dickinson?,2021,DRA,Kai Grehn,Briefe und Gedichte (englisch) Nominiert für den Deutschen Hörspielpreis der ARD 2021 | hr2-Hörbuchbestenliste Januar 2023 (4,Documentary / self-record subject,Documentary / self-record subject,diary/letters,adaptation,Hörspielbearbeitung
https://hoerspiele.dra.de/detailansicht/5033171,Dschinns (1. Teil),2024,DRA,Subject not identified,"Hörspielbearbeitung Fatma Aydemir Dschinns (Roman), Dschinns (Theaterstück) Deutscher Hörbuchpreis 2025 (Bestes Hörspiel) | Stefan Fischer: Ein unfertiges Leben. In: Süddeutsche online vom 21.06.2024. | Benno Schirrmeister: Mit den Stimmen ganz realer Geister.",Actor / performer,Actor / performer,memory/testimony,adaptation,Hörspielbearbeitung
https://hoerspiele.dra.de/detailansicht/5033172,Dschinns (2. Teil),2024,DRA,Subject not identified,"Hörspielbearbeitung Fatma Aydemir Fatma Aydemir: Dschinns (Roman), Selen Kara: Dschinns (Theaterstück) Deutscher Hörbuchpreis 2025 (Bestes Hörspiel) | Stefan Fischer: Ein unfertiges Leben. In: Süddeutsche online vom 21.06.2024. | Benno Schirrmeister: Mit den S",Actor / performer,Actor / performer,memory/testimony,adaptation,Hörspielbearbeitung
https://hoerspiele.dra.de/detailansicht/5035405,"Mein Sohn, Nephew and Bacsi! - Ephraim Kishon und Friedrich Torberg",2024,DRA,Ephraim Kishon; Friedrich Torberg,"Briefe einer Freundschaft (Prosa, englisch) Deutsche Erstsendung: 02",Family / intimate life; Documentary / self-record subject,Family / intimate life | Documentary / self-record subject,diary/letters,adaptation,Hörspielbearbeitung
https://hoerspiele.dra.de/detailansicht/5036353,Mein Leben als Spam (4. Folge: Der totale Differenzvektor),2024,DRA,Subject not identified,"Originalhörspiel, Science Fiction-Hörspiel Hans Christoph Böhringer Hörspielpreis der Kriegsblinden 2025 (in der Kategorie ""Fiktionaler Podcast"") | Stefan Fischer: ""Angriff der Algorithmen. Im Science-Fiction-Hörspiel 'Mein Leben als Spam' machen Bots alle Wel",Political / historical figure,Political / historical figure,implicit,original radio play,"Originalhörspiel, Science Fiction-Hörspiel"
https://hoerspiele.dra.de/detailansicht/5036350,Mein Leben als Spam (1. Folge: Chattie),2024,DRA,Subject not identified,"Originalhörspiel, Science Fiction-Hörspiel Hans Christoph Böhringer Hörspielpreis der Kriegsblinden 2025 (in der Kategorie ""Fiktionaler Podcast"") | Stefan Fischer: ""Angriff der Algorithmen. Im Science-Fiction-Hörspiel 'Mein Leben als Spam' machen Bots alle Wel",Political / historical figure,Political / historical figure,implicit,original radio play,"Originalhörspiel, Science Fiction-Hörspiel"
https://hoerspiele.dra.de/detailansicht/5036352,"Mein Leben als Spam (3. Folge: Turing negative, living positive)",2024,DRA,Subject not identified,"Originalhörspiel, Science Fiction-Hörspiel Hans Christoph Böhringer Hörspielpreis der Kriegsblinden 2025 (in der Kategorie ""Fiktionaler Podcast"") | Stefan Fischer: ""Angriff der Algorithmen. Im Science-Fiction-Hörspiel 'Mein Leben als Spam' machen Bots alle Wel",Political / historical figure,Political / historical figure,implicit,original radio play,"Originalhörspiel, Science Fiction-Hörspiel"
https://hoerspiele.dra.de/detailansicht/5036351,Mein Leben als Spam (2. Folge:Festnetz und Strafe),2024,DRA,Subject not identified,"Originalhörspiel, Science Fiction-Hörspiel Hans Christoph Böhringer Hörspielpreis der Kriegsblinden 2025 (in der Kategorie ""Fiktionaler Podcast"") | Stefan Fischer: ""Angriff der Algorithmen. Im Science-Fiction-Hörspiel 'Mein Leben als Spam' machen Bots alle Wel",Political / historical figure,Political / historical figure,implicit,original radio play,"Originalhörspiel, Science Fiction-Hörspiel"
https://hoerspiele.dra.de/detailansicht/5036354,Mein Leben als Spam (5. Folge: Nett sein),2024,DRA,Subject not identified,"Originalhörspiel, Science Fiction-Hörspiel Hans Christoph Böhringer Hörspielpreis der Kriegsblinden 2025 (in der Kategorie ""Fiktionaler Podcast"") | Stefan Fischer: ""Angriff der Algorithmen. Im Science-Fiction-Hörspiel 'Mein Leben als Spam' machen Bots alle Wel",Political / historical figure,Political / historical figure,implicit,original radio play,"Originalhörspiel, Science Fiction-Hörspiel"
https://hoerspiele.dra.de/detailansicht/5036355,Mein Leben als Spam (6. Folge: Allgemeine Erklärung der Maschinenrechte),2024,DRA,Subject not identified,"Originalhörspiel, Science Fiction-Hörspiel Hans Christoph Böhringer Hörspielpreis der Kriegsblinden 2025 (in der Kategorie ""Fiktionaler Podcast"") | Stefan Fischer: ""Angriff der Algorithmen. Im Science-Fiction-Hörspiel 'Mein Leben als Spam' machen Bots alle Wel",Political / historical figure,Political / historical figure,implicit,original radio play,"Originalhörspiel, Science Fiction-Hörspiel"
https://hoerspiele.dra.de/detailansicht/5036356,Mein Leben als Spam (7. Folge: Im Schacht),2024,DRA,Subject not identified,"Originalhörspiel, Science Fiction-Hörspiel Hans Christoph Böhringer Hörspielpreis der Kriegsblinden 2025 (in der Kategorie ""Fiktionaler Podcast"") | Stefan Fischer: ""Angriff der Algorithmen. Im Science-Fiction-Hörspiel 'Mein Leben als Spam' machen Bots alle Wel",Political / historical figure,Political / historical figure,implicit,original radio play,"Originalhörspiel, Science Fiction-Hörspiel"
https://hoerspiele.dra.de/detailansicht/5036357,Mein Leben als Spam (8. Folge: Vor der Tür),2024,DRA,Subject not identified,"Originalhörspiel, Science Fiction-Hörspiel Hans Christoph Böhringer Hörspielpreis der Kriegsblinden 2025 (in der Kategorie ""Fiktionaler Podcast"") | Stefan Fischer: ""Angriff der Algorithmen. Im Science-Fiction-Hörspiel 'Mein Leben als Spam' machen Bots alle Wel",Political / historical figure,Political / historical figure,implicit,original radio play,"Originalhörspiel, Science Fiction-Hörspiel"
https://hoerspiele.dra.de/detailansicht/5041401,DYSTOPIA Sound Art Biennale 2024,2025,DRA,Subject not identified,"Ars acustica Golo Föllmer ueberall:Erinnerungen DYSTOPIA Sound Art Biennale 2024 Ars acustica Golo Föllmer DYSTOPIA Sound Art Biennale 2024 Realisation: Golo Föllmer Es sieht nicht gut aus für die Welt. Das kann man heute überall lesen, sehen - und hören. Klan",Ordinary / private person,Ordinary / private person,memory/testimony,sound art,Ars acustica
https://hoerspiele.dra.de/detailansicht/5039191,Lélé,2025,DRA,Sathyan Ramesh,"Originalhörspiel Sathyan Ramesh Hörspiel des Monats Mai 2025 | Jochen Meißner: ""Briefroman plus Schauspielertheater gleich Hörspiel"", in: Hoerspielkritik.de vom 24.04.2025. Sathyan Ramesh 2024 (Auftragsproduktion von: Hessischer Rundfunk) ueberall:Briefwechsel",Actor / performer,Actor / performer,diary/letters,original radio play,Originalhörspiel
https://hoerspiele.dra.de/detailansicht/5042232,Bite 5634,2025,DRA,Mariana Carvalho,"Briefe Bite 5634 Ars acustica Reihentitel: Art's Birthday 2025 Mariana Carvalho Bite 5634 Realisation: Mariana Carvalho Klänge werden gesammelt und geteilt: Mund-zu-Mund-Gesang, Muscheln, Briefe, präpariertes Klavier, Gurgeln,",Documentary / self-record subject,Documentary / self-record subject,diary/letters,sound art,Ars acustica
https://hoerspiele.dra.de/detailansicht/5044257,Srebrenica,2025,DRA,Subject not identified,"Hörspielbearbeitung, Dokumentarhörspiel Armin Smailovic; Branko Šimić Srebrenica – I counted my remaining life in seconds … (Theaterstück) Hörspiel des Monats Juli 2025 | Stefan Fischer: ""Zerstörte Seelen"", in: Süddeutsche online vom 10.07.2025. | Jochen Meißn",Actor / performer,Actor / performer,implicit,feature / documentary,"Hörspielbearbeitung, Dokumentarhörspiel"
https://hoerspiele.dra.de/detailansicht/5048009,Jureks Reise,2007,DRA,Ulrich Woelk; Uta Hallant,"Tagebuch Jureks Reise Hörstück Ulrich Woelk , Uta Hallant Jureks Reise Ein Sputnik-Tagebuch Wenn ein Mensch im Weltall Tagebuch schreibt Stefanie Lazai Weitere Mitwirkende Uta Hallant Wilfried Hochholdinger Mirko Kreibich Friedh",Documentary / self-record subject,Documentary / self-record subject,diary/letters,other,Hörstück
https://hoerspiele.dra.de/detailansicht/5048435,Mohnrot,2023,DRA,Subject not identified,"Originalhörspiel, Kurzhörspiel Sarah Lena Steinhauser Förderpreis des Berliner Hörspielfestival e.V. 2022 (""Das zündende Mikro"") Deutschlandfunk Kultur (Deutschlandradio) 2022 ueberall:Erinnerungen Mohnrot Originalhörspiel, Kurzhörspiel Reihentitel: Hörspiel-F",Ordinary / private person,Ordinary / private person,memory/testimony,original radio play,"Originalhörspiel, Kurzhörspiel"
https://hoerspiele.dra.de/detailansicht/5051469,ETTY (2. Teil),2025,DRA,Etty Hillesum,"Briefe 1941 – 1943) (Tagebücher, niederländisch) Deutsche Erstsendung: 25",Documentary / self-record subject,Documentary / self-record subject,diary/letters,adaptation,Hörspielbearbeitung
https://hoerspiele.dra.de/detailansicht/5051389,P R I N C E - FunkyPurpleAssoziationen,2026,DRA,Elisabeth Weilenmann,"Originalhörspiel Elisabeth Weilenmann Deutsche Erstsendung: 27.09.2026 | hr2-kultur | 14:04 Uhr | 54'36 | Hörspiel des Monats Juni 2026 | Jochen Meißner: ""Ein Prince fürs Leben"", in: Hoerspielkritik.de vom 30.04.2026. Österreichischer Rundfunk / Hessischer Run",Ordinary / private person,Ordinary / private person,portrait; memory/testimony,original radio play,Originalhörspiel
https://hoerspiele.dra.de/detailansicht/5051454,ETTY (1. Teil),2025,DRA,Etty Hillesum,"Briefe 1941 – 1943) (Tagebücher, niederländisch) Deutsche Erstsendung: 24",Documentary / self-record subject,Documentary / self-record subject,diary/letters,adaptation,Hörspielbearbeitung
https://hoerspiele.dra.de/detailansicht/5050267,Die wirkliche Lämmchenhaftigkeit,2026,DRA,Subject not identified,"Originalhörspiel Ursula Krechel Jochen Meißner: ""Kindheit, Puppen und Erinnerungen"", in: Hoerspielkritik.de vom 26.02.2026. | Stefan Fischer: ""Mutter fällt in Ohnmacht"", in: Süddeutsche online vom 20.02.2026. | Cosima Lutz: ""Erinnern bis in die Puppen"", in: ep",Women's life; Family / intimate life,Women's life | Family / intimate life,memory/testimony,original radio play,Originalhörspiel
https://wirklichkeitimradio.de/stueck/bananen-heinz/,Bananen-Heinz,1983,Wirklichkeit,Subject not identified,"Ein Glücksfall: Obwohl scheinbar gänzlich verschieden, treibt beide dieselbe Frage um: Wie erzählt man eine Lebensgeschichte? In 46 Minuten. – Der hessische Straßenhändler Heinz B. und der O-Ton-Collageur Ror Wolf.",Women's life; Author / literary figure; Musician / composer; Artist / visual artist; Political / historical figure; Scholar / intellectual; Family / intimate life; Collective / community,Women's life | Author / literary figure | Musician / composer | Artist / visual artist | Political / historical figure | Scholar / intellectual | Family / intimate life | Collective / community,life story,feature / documentary,Feature / documentary radio work
https://wirklichkeitimradio.de/stueck/so-long-goodbye/,So long good-bye,1978,Wirklichkeit,Subject not identified,"Eine Ikone des Dokumentarfilms mit einer Radioarbeit, bei der Popmusik buchstäblich dekonstruiert wird. Extrem nah und extrem analytisch zugleich.",Women's life; Author / literary figure; Musician / composer; Family / intimate life; Collective / community,Women's life | Author / literary figure | Musician / composer | Family / intimate life | Collective / community,memory/testimony,feature / documentary,Feature / documentary radio work
https://wirklichkeitimradio.de/stueck/ein-weites-dunkles-land/,Ein weites dunkles Land,1982,Wirklichkeit,Subject not identified,"Ein Feature von 1982, das nichts von seiner Intensität verloren hat. Der Autor geht ins dunkle Land der Psychiatrie und hält das Mikrofon in den Garten, ins Badezimmer, in den Schlafsaal, in die Küche und auch in die Isolierzelle.",Women's life; Author / literary figure; Musician / composer; Artist / visual artist; Actor / performer; Family / intimate life; Collective / community,Women's life | Author / literary figure | Musician / composer | Artist / visual artist | Actor / performer | Family / intimate life | Collective / community,memory/testimony,feature / documentary,Feature / documentary radio work
https://wirklichkeitimradio.de/stueck/gar-nicht-so-einfach-sich-am-leben-vorbeizuschleifen/,"Gar nicht so einfach, sich am Leben vorbeizuschleifen",1981,Wirklichkeit,Andreas Schroth und Gabriele Thaler,"O-Ton aus dem Jahr 1981: Erich Graf, 85 Jahre alt, ist der letzte Scherenschleifer Berlins. Pfeifend zieht er durch die Hinterhöfe und bietet seine Dienste an. Seine Erinnerungen reichen bis in die Kaiserzeit.",Author / literary figure; Actor / performer; Scholar / intellectual; Family / intimate life; Collective / community,Author / literary figure | Actor / performer | Scholar / intellectual | Family / intimate life | Collective / community,portrait; memory/testimony,feature / documentary,Feature / documentary radio work
https://wirklichkeitimradio.de/stueck/mein-partner-hansipiepchen/,Mein Partner Hansipiepchen,1973,Wirklichkeit,Charlotte Niemann und Matthias Niemann,Ein O-Ton-Stück und zugleich ein beklemmendes Kammerspiel – das uns zuvor komplett unbekannt war.,Women's life; Author / literary figure; Musician / composer; Artist / visual artist; Actor / performer; Family / intimate life; Collective / community,Women's life | Author / literary figure | Musician / composer | Artist / visual artist | Actor / performer | Family / intimate life | Collective / community,diary/letters,feature / documentary,Feature / documentary radio work
https://wirklichkeitimradio.de/stueck/springtime-it-brings-on-the-shearing/,Springtime it brings on the shearing,1987,Wirklichkeit,Subject not identified,Ist das ein Feature oder eine dreidimensionale Zeit-Raum-Erfahrung? Den Sound von Kaye Mortley muss man einfach gehört haben.,Women's life; Author / literary figure; Musician / composer; Artist / visual artist; Actor / performer; Family / intimate life,Women's life | Author / literary figure | Musician / composer | Artist / visual artist | Actor / performer | Family / intimate life,memory/testimony,feature / documentary,Feature / documentary radio work
https://wirklichkeitimradio.de/stueck/der-dicke-lipinski/,Der dicke Lipinski,1989,Wirklichkeit,Sieglinde Scholz-Amoulong,Bild eines sterbenden Staates: Hans Lipinski arbeitet im Braunkohle-Kraftwerk Jänschwalde. Sein Porträt soll zum 40. Jahrestag der DDR im Oktober 1989 gesendet werden. Das war der Plan.,Women's life; Author / literary figure; Musician / composer; Artist / visual artist; Actor / performer; Political / historical figure; Family / intimate life; Collective / community,Women's life | Author / literary figure | Musician / composer | Artist / visual artist | Actor / performer | Political / historical figure | Family / intimate life | Collective / community,portrait,feature / documentary,Feature / documentary radio work
https://wirklichkeitimradio.de/stueck/die-callas-beschreibung-einer-leidenschaft/,Die Callas — Beschreibung einer Leidenschaft,1987,Wirklichkeit,Claudia Wolff,Eine Autorin geht ihrer persönlichen Leidenschaft auf den Grund. Ihr Feature sprengt die journalistische Norm und ist Hommage und Verteidigung zugleich.,Women's life; Author / literary figure; Musician / composer; Artist / visual artist; Actor / performer; Scholar / intellectual; Family / intimate life,Women's life | Author / literary figure | Musician / composer | Artist / visual artist | Actor / performer | Scholar / intellectual | Family / intimate life,portrait; biography,feature / documentary,Feature / documentary radio work
https://wirklichkeitimradio.de/stueck/vorname-jonas/,Vorname Jonas,1983,Wirklichkeit,Thomas Heise,"Heises ""Jonas"" offenbart seltene Einblicke in den Behördenapparat der DDR. Es macht die Gewalttätigkeit eines Systems hörbar, in dem viele Gutes wollen – und dabei Furchtbares anrichten.",Author / literary figure; Musician / composer; Actor / performer; Political / historical figure; Family / intimate life; Collective / community,Author / literary figure | Musician / composer | Actor / performer | Political / historical figure | Family / intimate life | Collective / community,biography,feature / documentary,Feature / documentary radio work
https://wirklichkeitimradio.de/stueck/mirjam/,Mirjam,1975,Wirklichkeit,Werner Meyke,"Eine Frau, ein Mikrofon. Sonst nichts (außer am Anfang einer Badewanne). Extrem 70er. Und gerade dadurch: extrem anschlussfähig ans Heute.",Women's life; Author / literary figure; Musician / composer; Artist / visual artist; Scholar / intellectual; Family / intimate life,Women's life | Author / literary figure | Musician / composer | Artist / visual artist | Scholar / intellectual | Family / intimate life,portrait,feature / documentary,Feature / documentary radio work
https://wirklichkeitimradio.de/stueck/jetzt/,Jetzt,1998,Wirklichkeit,"Norbert Zähringer, Uta Richter, Stella Luncke, Julia Miehe, Zabin Kaiser, Constanze Fröhlich und vielen anderen Studenten des Theaterwissenschaftlichen Seminars der Humboldt Universität Berlin","Ein Experiment: Was passiert da draußen? Jetzt, in diesem Moment? Sechs Studenten schwärmen gleichzeitig aus und simulieren ein „live“-Feature.",Women's life; Author / literary figure; Musician / composer; Artist / visual artist; Actor / performer; Political / historical figure; Family / intimate life; Collective / community,Women's life | Author / literary figure | Musician / composer | Artist / visual artist | Actor / performer | Political / historical figure | Family / intimate life | Collective / community,portrait,feature / documentary,Feature / documentary radio work
https://wirklichkeitimradio.de/stueck/verkaufskanonen/,Verkaufskanonen,1976,Wirklichkeit,Henryk M. Broder,Henryk M. Broder von einer ungewohnten Seite: als O-Ton-Chronist einer wortgewaltigen Zunft.,Author / literary figure; Artist / visual artist,Author / literary figure | Artist / visual artist,diary/letters,feature / documentary,Feature / documentary radio work
https://wirklichkeitimradio.de/stueck/steh-auf-es-ist-krieg/,"Steh auf, es ist Krieg!",1986,Wirklichkeit,Subject not identified,1941 – Krieg gegen die Sowjetunion. Die Berichte der Zeitzeugen aus der Sowjetunion und die der deutschen Soldaten decken sich an kaum einer Stelle. Paul Kohl lässt beide Seiten erzählen.,Author / literary figure; Musician / composer; Political / historical figure; Family / intimate life; Collective / community,Author / literary figure | Musician / composer | Political / historical figure | Family / intimate life | Collective / community,memory/testimony,feature / documentary,Feature / documentary radio work
https://wirklichkeitimradio.de/stueck/die-bidonvilles-von-paris/,Die Bidonvilles von Paris,1967,Wirklichkeit,Hubert Fichte,"Kein schönes Déjà-vu: was Hubert Fichte 1967 über die Armutssiedlungen der Pariser Banlieues erzählt, kommt einem heute noch bekannt vor.",Women's life; Author / literary figure; Musician / composer; Artist / visual artist; Actor / performer; Political / historical figure; Family / intimate life; Collective / community,Women's life | Author / literary figure | Musician / composer | Artist / visual artist | Actor / performer | Political / historical figure | Family / intimate life | Collective / community,diary/letters,feature / documentary,Feature / documentary radio work
https://wirklichkeitimradio.de/stueck/schnee-auf-pflaumenbluete/,Schnee auf Pflaumenblüte,2004,Wirklichkeit,Subject not identified,"Menschen im Frühling – kann das ein Featurethema sein? Ja, wenn man die Selbstironie nicht verliert und es trotzdem ganz ernst nimmt.",Women's life; Author / literary figure; Musician / composer; Actor / performer; Political / historical figure; Family / intimate life; Collective / community,Women's life | Author / literary figure | Musician / composer | Actor / performer | Political / historical figure | Family / intimate life | Collective / community,implicit,feature / documentary,Feature / documentary radio work
https://www.hoerspielundfeature.de/angst-haben-fast-alle-100.html,Angst haben fast alle,2024,DLF/DLF Kultur,Subject not identified,"Brandattacken, Streit im Milieu, Angriffe durch Rechtsextreme – das Leben wohnungsloser Menschen ist von Gewalt geprägt. Sie werden von Securities vertrieben und von Unbekannten beleidigt. Warum werden sie zur Zielscheibe?",Author / literary figure; Scholar / intellectual; Family / intimate life; Collective / community,Author / literary figure | Scholar / intellectual | Family / intimate life | Collective / community,life story,feature / documentary,Feature
https://www.hoerspielundfeature.de/feature-verlorene-freiheit-100.html,Verlorene Freiheit,2026,DLF/DLF Kultur,Subject not identified,"Zahra studiert, macht Kampfsport und finanziert ihre Familie mit. Dann ergreifen die Taliban die Macht. Von dem, was einmal ihr Leben war, ist heute nichts mehr übrig. Ein Feature über den Kampf afghanischer Frauen, nicht zu verschwinden.",Women's life; Author / literary figure; Political / historical figure; Family / intimate life,Women's life | Author / literary figure | Political / historical figure | Family / intimate life,life story,feature / documentary,Feature
https://www.hoerspielundfeature.de/feature-eingraviert-100.html,Eingraviert,2026,DLF/DLF Kultur,Subject not identified,"In Christins Tattoostudio werden Lebens-, Leidens- und Verlustgeschichten auf die Haut graviert. Die Chefin bietet allen einen sicheren Ort. Doch als der Krebs kommt, braucht Christin selbst Hilfe.",Women's life; Author / literary figure; Family / intimate life; Collective / community,Women's life | Author / literary figure | Family / intimate life | Collective / community,implicit,feature / documentary,Feature
https://www.hoerspielundfeature.de/la-belle-teil-1-krimi-terror-auf-der-tanzflaeche-100.html,Terror auf der Tanzfläche (1/2),2026,DLF/DLF Kultur,Subject not identified,Ein Bombenleger zeigt sich selbst an: Er will den Anschlag auf die Diskothek „La Belle“ am 5. April 1986 begangen haben. Im Verhörraum erzählt er aus seinem Leben. Ein Krimi-Hörspiel frei nach wahren Begebenheiten.,Women's life; Actor / performer; Political / historical figure,Women's life | Actor / performer | Political / historical figure,life story,other,krimi
https://www.hoerspielundfeature.de/unsere-vergorenen-wunden-100.html,Unsere vergorenen Wunden,2026,DLF/DLF Kultur,Subject not identified,"• Psychogramm • Eine Patientin lotet die Grenzen ihres Psychoanalytikers aus. Mal hält sie ihn hin, mal liefert sie ihm bereitwillig Träume, Erlebnisse, Widersprüchlichkeiten. Was davon ist wahr? Und bei wem liegt letztendlich die Deutungshoheit?",Women's life; Author / literary figure,Women's life | Author / literary figure,memory/testimony,other,Hörspiel
https://www.hoerspielundfeature.de/doku-drops-12-unvergessen-100.html,doku drops 12: (Un)Vergessen,2026,DLF/DLF Kultur,Subject not identified,"Eine Hungersnot, die keine gewesen sein soll; eine Vatersprache, die verstummt ist. Zwei Kurzdokus auf rumänisch und tschechisch umkreisen verschüttete Erinnerungen. Auf Deutsch werden sie nicht nur übersetzt, sondern auch weitergedacht.",Women's life; Author / literary figure; Musician / composer; Artist / visual artist; Family / intimate life,Women's life | Author / literary figure | Musician / composer | Artist / visual artist | Family / intimate life,memory/testimony,feature / documentary,Feature
https://www.hoerspielundfeature.de/laendliche-kueche-in-zentralfrankreich-106.html,Ländliche Küche in Zentralfrankreich,2026,DLF/DLF Kultur,Subject not identified,"• Kulinarik • Es brutzelt und zischt in der Studioküche. „Gefüllter Lammschulterrollbraten, ohne Knochen (farce double)“ steht auf der Menü-Karte des Küchenchefs im „Tour Lambert“. Die Vor- und Zubereitung des Festmahls zieht sich jedoch verdächtig in die Läng",Women's life; Musician / composer; Artist / visual artist; Political / historical figure; Scholar / intellectual; Family / intimate life; Collective / community,Women's life | Musician / composer | Artist / visual artist | Political / historical figure | Scholar / intellectual | Family / intimate life | Collective / community,implicit,other,Hörspiel
https://www.hoerspielundfeature.de/feature-prinzenbad-100.html,Prinzenbad,2026,DLF/DLF Kultur,Subject not identified,Das Prinzenbad in Berlin-Kreuzberg ist das vermutlich bekannteste Freibad Deutschlands. Unser Autor Ralf Bei der Kellen ist seit Jahren Stammgast. Eine komplette Sommersaison lang hat er andere Stammgäste begleitet: Lebensgeschichten am Beckenrand.,Women's life; Author / literary figure; Family / intimate life; Collective / community,Women's life | Author / literary figure | Family / intimate life | Collective / community,life story,feature / documentary,Feature
https://www.hoerspielundfeature.de/ostdeutsche-leben-2-4-liebe-in-zeiten-der-schichtarbeit-100.html,Liebe in Zeiten der Schichtarbeit,2023,DLF/DLF Kultur,Subject not identified,"Die Entrümpelung eines Hauses in einem früheren Leipziger Arbeiterviertel fördert ein Notizheftchen zutage. Es ist randvoll gekritzelt mit Liebesschwüren, Kochrezepten und vergeblichen Verabredungsversuchen. Wer hat das geschrieben und warum?",Women's life; Author / literary figure; Artist / visual artist; Political / historical figure; Family / intimate life; Collective / community,Women's life | Author / literary figure | Artist / visual artist | Political / historical figure | Family / intimate life | Collective / community,memory/testimony,feature / documentary,Feature
https://www.hoerspielundfeature.de/immer-der-nase-nach-vom-stallgeruch-bis-zum-stinkefinger-104.html,Immer der Nase nach – vom Stallgeruch bis zum Stinkefinger,2026,DLF/DLF Kultur,Subject not identified,"Man bemerkt den eigenen Geruchssinn oft erst, wenn einem etwas stinkt. Das Hören und Sehen kann einem in turbulenten Zeiten recht schnell vergehen, aber wir ahnen immer sofort, wenn etwas in der Luft liegt. Oder etwas faul ist im Staat.",Women's life; Author / literary figure; Musician / composer; Artist / visual artist; Scholar / intellectual; Family / intimate life; Collective / community,Women's life | Author / literary figure | Musician / composer | Artist / visual artist | Scholar / intellectual | Family / intimate life | Collective / community,implicit,feature / documentary,Feature
https://www.hoerspielundfeature.de/iolanda-eine-poetin-aus-sardinien-100.html,Iolanda,2026,DLF/DLF Kultur,Subject not identified,"Wer die Stimme von Orlanda Sassu (1924–2015) gehört hat, vergisst sie nicht. Zum Glück hat die sardische Poetin, Sängerin und Ökologin ihr Leben auf Kassetten aufgezeichnet. Wiedergehört und neu montiert entsteht eine Zeitreise durch Sardinien.",Women's life; Author / literary figure; Musician / composer; Artist / visual artist,Women's life | Author / literary figure | Musician / composer | Artist / visual artist,implicit,feature / documentary,Feature
https://www.hoerspielundfeature.de/dona-dora-und-die-wueste-100.html,Doña Dora und die Wüste,2025,DLF/DLF Kultur,Subject not identified,"Zwischen der mexikanischen Grenze und der Hoffnung auf ein gutes Leben liegt eine erbarmungslose Wüste. Viele sterben bei dem Versuch, sie zu durchqueren. Doch es gibt Menschen, denen ihr Schicksal nicht gleichgültig ist.",Women's life; Musician / composer; Family / intimate life; Collective / community,Women's life | Musician / composer | Family / intimate life | Collective / community,implicit,feature / documentary,Feature
https://www.hoerspielundfeature.de/feature-ein-zimmer-fuer-mich-allein-und-jetzt-eigenbedarf-umverteilung-100.html,"Eigenbedarf, Umverteilung und ein Fernsehpromi",2025,DLF/DLF Kultur,Subject not identified,Karen braucht dringend Platz. Die Autorin wohnt mit Mann und Kindern auf 75 Quadratmetern - ein Killer für Beziehung und Arbeit.,Women's life; Author / literary figure; Family / intimate life; Collective / community,Women's life | Author / literary figure | Family / intimate life | Collective / community,implicit,other,Dlf Doku Serie
https://www.hoerspielundfeature.de/feature-zimmer-fuer-mich-allein-kleine-wohnung-100.html,"Kleine Wohnung, Deadlines und Luxusprobleme",2025,DLF/DLF Kultur,Subject not identified,Karen braucht dringend Platz. Die Autorin wohnt mit Mann und Kindern auf 75 Quadratmetern - ein Killer für Beziehung und Arbeit.,Women's life; Author / literary figure; Family / intimate life,Women's life | Author / literary figure | Family / intimate life,implicit,other,Dlf Doku Serie
https://www.hoerspielundfeature.de/heroin-im-alter-100.html,Heroin im Alter,2026,DLF/DLF Kultur,Subject not identified,"Wie leben Menschen, die regelmäßig Heroin und andere Drogen nehmen? Jörn Klare hat Betroffene im Alter von 50, 60, 70 und mehr Jahren getroffen. Ihre Geschichten zeigen: Es gibt leichtere Schicksale – und keinen Standardablauf der Sucht.",Women's life; Author / literary figure; Actor / performer; Collective / community,Women's life | Author / literary figure | Actor / performer | Collective / community,implicit,feature / documentary,Feature
https://www.hoerspielundfeature.de/feature-100.html,Feature,2026,DLF/DLF Kultur,Subject not identified,"Der Dokumentarfilm im Radio: Features, Kurz-Dokus, Audio Stories mit ganz eigenen Handschriften. Best-of der kreativen Autorenszene. Preisgekrönte Dokus und Feature-Klassiker. Ob experimentell, klassisch oder dazwischen: Das Feature von Deutschlandfunk Kultur ",Women's life; Author / literary figure; Musician / composer; Family / intimate life,Women's life | Author / literary figure | Musician / composer | Family / intimate life,implicit,feature / documentary,Feature
https://www.hoerspielundfeature.de/hoerspiel-des-monats-dezember-2025-nie-wieder-gut-100.html,NIEWIEDERGUT oder Darf jetzt wirklich ein Jude der König von Bayern sein,2026,DLF/DLF Kultur,Subject not identified,Die Jury der Deutschen Akademie der Darstellenden Künste benannte „NIEWIEDERGUT oder Darf jetzt wirklich ein Jude der König von Bayern sein“ zum Hörspiel des Monats Dezember 2025.,Women's life; Author / literary figure; Musician / composer; Artist / visual artist; Political / historical figure; Family / intimate life,Women's life | Author / literary figure | Musician / composer | Artist / visual artist | Political / historical figure | Family / intimate life,implicit,sound art,Klangkunst
https://www.hoerspielundfeature.de/hoerspiel-100.html,Hörspiel,2026,DLF/DLF Kultur,Subject not identified,Die junge Nonne Agathe gerät im Jahr 1700 in eine brutale Hexenjagd. Wird sie den verschwundenen Waisenjungen Alois retten? Eine historische Mystery-Hörspielserie mit True-Crime-Feeling und psychologischem Horror.,Women's life; Author / literary figure; Musician / composer; Actor / performer; Family / intimate life,Women's life | Author / literary figure | Musician / composer | Actor / performer | Family / intimate life,implicit,other,Hörspiel
https://www.hoerspielundfeature.de/hoerspiel-ueber-nationalistische-gewalt-wolfwelt-100.html,Wolfwelt,2025,DLF/DLF Kultur,Subject not identified,"• Erinnerungskultur • Verdrängte Verantwortung und gepanzerte Körper: Gerhild Steinbuch komponiert eine vielstimmige Erzählung aus persönlichen Familienerinnerungen, gesellschaftlichem Vergessen und moderner Gewaltforschung.",Women's life; Author / literary figure; Actor / performer; Political / historical figure; Family / intimate life; Collective / community,Women's life | Author / literary figure | Actor / performer | Political / historical figure | Family / intimate life | Collective / community,memory/testimony,other,Hörspiel
https://www.hoerspielundfeature.de/reihe-wirklichkeit-im-radio-die-callas-beschreibung-einer-leidenschaft-teil-2-100.html,Die Callas – Beschreibung einer Leidenschaft (2/2),2024,DLF/DLF Kultur,Subject not identified,"Ein Feature-Klassiker, der das Sprechen über Musik zum Thema macht. Im zweiten Teil geht es um das schwierige Verhältnis der Primadonna zu ihrem Publikum. Wer reinen Schönklang suchte, wurde bei ihr nicht fündig.",Women's life; Author / literary figure; Musician / composer; Artist / visual artist; Actor / performer; Family / intimate life,Women's life | Author / literary figure | Musician / composer | Artist / visual artist | Actor / performer | Family / intimate life,implicit,feature / documentary,Feature
https://www.hoerspielundfeature.de/reihe-wirklichkeit-im-radio-die-callas-beschreibung-einer-leidenschaft-teil-1-100.html,Die Callas - Beschreibung einer Leidenschaft (1/2),2024,DLF/DLF Kultur,Subject not identified,"Die Autorin ist 17 Jahre alt, als sie zum ersten Mal diese Stimme hört – da ist es um sie geschehen. Jahrzehnte nach der berauschenden Frühinfektion will sie ihrer Leidenschaft endlich auf den Grund gehen.",Women's life; Author / literary figure; Musician / composer; Artist / visual artist; Actor / performer; Family / intimate life,Women's life | Author / literary figure | Musician / composer | Artist / visual artist | Actor / performer | Family / intimate life,implicit,feature / documentary,Feature
https://www.hoerspielundfeature.de/lone-star-texas-feature-teil-2-100.html,Lone Star (2/2),2024,DLF/DLF Kultur,Von Sonya Schönberger,"Die Kleinstadt als Mikrokosmos. Der zweite Teil des Feature aus Texas gibt Raum für eine einzige Biografie. Wie die Protagonistin sich als Kind drogenabhängiger Eltern durchschlug, kann man sich erst vorstellen, wenn man es gehört hat.",Women's life; Musician / composer; Artist / visual artist; Family / intimate life; Collective / community,Women's life | Musician / composer | Artist / visual artist | Family / intimate life | Collective / community,portrait; biography,feature / documentary,Feature
https://www.hoerspielundfeature.de/kunststuecke-ich-bin-der-ursprung-von-allem-100.html,Ich bin der Ursprung von allem,2024,DLF/DLF Kultur,Nach Kasimir Malewitsch,"• Künstler-Biografie • Aus den theoretischen Schriften „Gott ist nicht gestürzt“ über Kunst, Kirche und Fabrik entsteht ein Porträt des Künstlers Kasimir Malewitsch.",Author / literary figure; Artist / visual artist; Actor / performer,Author / literary figure | Artist / visual artist | Actor / performer,portrait; biography,other,hoerspiel
https://www.hoerspielundfeature.de/wiedersehen-nach-70-jahren-mein-freund-lennie-oder-die-reise-100.html,Mein Freund Lennie oder die Reise,2024,DLF/DLF Kultur,Von Ulrich Gerhardt,"• Biografie • Der Autor macht sich nach Jahrzehnten auf die Suche nach seinem verloren geglaubten Jugendfreund, den er kurz nach dem Ende des Zweiten Weltkriegs zuletzt gesehen hat. Das Hörspiel begleitet die Spurensuche.",Author / literary figure; Actor / performer; Family / intimate life,Author / literary figure | Actor / performer | Family / intimate life,biography,other,Hörspiel
https://www.hoerspielundfeature.de/die-konferenz-der-fluesse-teil-05-100.html,Die Konferenz der Flüsse (5/6) - Stimmen im Fluss,2023,DLF/DLF Kultur,Von Denise Reimann und Frank Raddatz,"• Klimawandel • Flüsse sind Lebensgrundlage und können Leben wieder nehmen. Aber haben sie auch selbst eine Biografie mit Geburt und Tod? Darüber sinnieren die Konferenzteilnehmer, nachdem Garonne und Jordan berichtet haben, wie es um sie steht.",Author / literary figure; Actor / performer,Author / literary figure | Actor / performer,biography,other,Hörspiel
https://www.hoerspielundfeature.de/reihe-wirklichkeit-im-radio-bananen-heinz-100.html,Bananen-Heinz,2024,DLF/DLF Kultur,Von Ror Wolf,"„Was soll ich Ihne saache ...“ – Bananen-Heinz aus Hessen ist Hausierer und fliegender Händler, vor allem aber: ein begnadeter Sprachperformer.",Author / literary figure; Musician / composer; Artist / visual artist; Actor / performer; Political / historical figure; Family / intimate life; Collective / community,Author / literary figure | Musician / composer | Artist / visual artist | Actor / performer | Political / historical figure | Family / intimate life | Collective / community,portrait,feature / documentary,Feature
https://www.hoerspielundfeature.de/sanguiniker-zwischen-spass-und-unvernunft-leicht-leben-100.html,Leicht leben ,2023,DLF/DLF Kultur,Subject not identified,"Oberflächlich, konfliktscheu, unkritisch und grenzenlos optimistisch - der Sanguiniker. Ist er damit der Prototyp der Fun-, Event- und Konsumkultur? Ein Vorbild für ein leichteres Leben oder für ein Weglaufen vor Problemen?",Author / literary figure; Artist / visual artist; Scholar / intellectual,Author / literary figure | Artist / visual artist | Scholar / intellectual,life story,other,Freistil
https://www.hoerspielundfeature.de/ich-war-ein-praktisches-maedchen-das-ukrainische-tagebuch-meiner-mutter-dlf-dc7a1484-100.html,Ich war ein praktisches Mädchen - Das ukrainische Tagebuch meiner Mutter,2023,DLF/DLF Kultur,"Zak, Mark","Archiv Ich war ein praktisches Mädchen - Das ukrainische Tagebuch meiner Mutter 49:50 Minuten Feature - Podcast bei Deutschlandfunk und Deutschlandfunk Kultur © Deutschlandradio Zak, Mark | 23. Mai 2023, 19:15 Uhr Link kopieren/teilen Der Link wurde in die Zwi",Women's life; Family / intimate life; Documentary / self-record subject,Women's life | Family / intimate life | Documentary / self-record subject,diary/letters,feature / documentary,Feature
https://www.hoerspielundfeature.de/ich-war-ein-praktisches-maedchen-100.html,Ich war ein praktisches Mädchen,2023,DLF/DLF Kultur,Von Mark Zak,"„Jetzt, wo ich meine Lebensgeschichte abschließend betrachte, möchte ich hervorheben, dass ich mit 22 Jahren völlig alleine blieb; ich verlor Vater, Mutter, zwei Brüder, das Zuhause. Aber ich hatte meinen Arzt-Beruf, der mir das Leben rettete.“",Women's life; Author / literary figure; Actor / performer; Family / intimate life,Women's life | Author / literary figure | Actor / performer | Family / intimate life,diary/letters; life story,feature / documentary,Feature
https://www.hoerspielundfeature.de/anne-lister-100.html,Anne Lister - Eine erotische Biografie,2026,DLF/DLF Kultur,Von Angela Steidele,"Anne Lister (1791-1840) frühreif und sexpositiv! Jungs spielten dabei keine Rolle, denn schon in der Schule fühlt sie sich zu Mädchen hingezogen und verliebte sich in ihre bildhübsche Zimmernachbarin Eliza Raine.",Women's life; Author / literary figure; Musician / composer; Actor / performer; Scholar / intellectual; Family / intimate life,Women's life | Author / literary figure | Musician / composer | Actor / performer | Scholar / intellectual | Family / intimate life,biography,sound art,Klangkunst
https://www.hoerspielundfeature.de/hoerspiel-nach-max-frisch-montauk-2-100.html,Montauk (2/2),2021,DLF/DLF Kultur,Bearbeitung und Regie: Leonhard Koppelmann,"In einer Collage aus Erinnerungen, Tagebuchauszügen, Selbstreflexionen und anderem autobiographischen Material seziert der Schweizer Schriftsteller Max Frisch sein Leben – und seine Liebesbeziehungen.",Women's life; Author / literary figure; Artist / visual artist; Actor / performer; Scholar / intellectual; Family / intimate life,Women's life | Author / literary figure | Artist / visual artist | Actor / performer | Scholar / intellectual | Family / intimate life,biography; autobiography; diary/letters; memory/testimony,other,Unknown genre
https://www.hoerspielundfeature.de/hoerspiel-hoerspiel-des-monats-ein-schwarm-regenbrachvoegel-100.html,Hörspiel des Monats: Ein Schwarm Regenbrachvögel,2004,DLF/DLF Kultur,Subject not identified,"Maarten `t Harts Hörspiel Ein Schwarm Regenbrachvögel ist eine Adaption seines gleichnamigen, autobiografisch gefärbten Romans aus dem Jahre 1978 – und dennoch viel mehr: Dieses Hörspiel über das karge und einsame Leben in einem pietistischen Dorf in der niede",Author / literary figure; Musician / composer; Actor / performer; Family / intimate life; Collective / community,Author / literary figure | Musician / composer | Actor / performer | Family / intimate life | Collective / community,implicit,other,Unknown genre
https://www.hoerspielundfeature.de/die-angestellten-poetische-dystopie-von-olga-ravn-100.html,Die Angestellten,2026,DLF/DLF Kultur,Nach dem Roman von Olga Ravn,"Olga Ravn erschafft ein vielschichtiges Porträt der Arbeitswelt an Bord des Raumschiffs 6000. Dabei ergründet sie fundamentale Fragen nach der Natur der Arbeit, Identität und Menschlichkeit im technologischen Zeitalter.",Women's life; Author / literary figure; Actor / performer; Political / historical figure; Family / intimate life,Women's life | Author / literary figure | Actor / performer | Political / historical figure | Family / intimate life,portrait,sound art,Klangkunst
https://www.hoerspielundfeature.de/monument-fuer-eine-stimme-100.html,Monument für eine Stimme,2024,DLF/DLF Kultur,Subject not identified,Die russische Autorin Nadeschda Mandelstam rettete auf einzigartige Weise viele Gedichte ihres verstorbenen Mannes Ossip Mandelstam vor dem Vergessen und vor der Beschlagnahmung: Sie lernte sie auswendig. Ein akustisches Denkmal.,Women's life; Author / literary figure; Actor / performer; Political / historical figure; Family / intimate life,Women's life | Author / literary figure | Actor / performer | Political / historical figure | Family / intimate life,implicit,feature / documentary,Feature
https://www.hoerspielundfeature.de/hoerspiel-ein-held-unserer-zeit-100.html,Ein Held unserer Zeit,2024,DLF/DLF Kultur,Subject not identified,"Mit der Figur des Offiziers Petschorin schuf Michail Lermontov einen der ersten Dandys der Weltliteratur. „Ein Held unserer Zeit"" erzählt Geschichten aus dem Leben dieses „überflüssigen“ Menschen, der mit dem Leben und den Gefühlen anderer Menschen spielt.",Women's life; Author / literary figure; Musician / composer; Political / historical figure; Scholar / intellectual; Family / intimate life; Collective / community,Women's life | Author / literary figure | Musician / composer | Political / historical figure | Scholar / intellectual | Family / intimate life | Collective / community,implicit,other,Hörspiel
https://www.hoerspielundfeature.de/plus-null-komma-fuenf-windstill-100.html,plus null komma fünf windstill,2026,DLF/DLF Kultur,Subject not identified,"• Drama • Die finnisch-russische Grenze teilt Karelien, die Region ist geprägt von Konflikten und Vertreibung. Eine junge Frau will der Familiengeschichte nachspüren und stößt auf Eiswände. Maria Kilpi erzählt behutsam vom Erinnern und Vergessen.",Women's life; Author / literary figure; Musician / composer; Actor / performer; Political / historical figure; Family / intimate life; Collective / community,Women's life | Author / literary figure | Musician / composer | Actor / performer | Political / historical figure | Family / intimate life | Collective / community,memory/testimony,sound art,Klangkunst
https://www.hoerspielundfeature.de/van-gogh-vermeer-raffael-auf-der-suche-nach-verschollenen-meisterwerken-dlf-f122d4c3-100.html,Auf der Suche nach verschollenen Meisterwerken,2024,DLF/DLF Kultur,"Koldehoff, Stefan; Nichelmann, Johannes","Van Goghs Porträt seines Arztes Dr. Gachet, ein Interieur mit zwei Frauen von Vermeer beim Konzert, das Bildnis eines jungen Mannes von Raffael: Drei Kunstwerke, die seit Jahrzehnten nicht mehr öffentlich zu sehen waren. Werden sie wieder auftauchen?",Women's life; Artist / visual artist; Political / historical figure; Family / intimate life; Collective / community,Women's life | Artist / visual artist | Political / historical figure | Family / intimate life | Collective / community,portrait,feature / documentary,Feature
https://www.hoerspielundfeature.de/feature-van-gogh-vermeer-raffael-100.html,Auf der Suche nach verschollenen Meisterwerken,2024,DLF/DLF Kultur,Von Stefan Koldehoff und Johannes Nichelmann,"Van Goghs Porträt seines Arztes Dr. Gachet, ein Interieur mit zwei Frauen von Vermeer beim Konzert, das Bildnis eines jungen Mannes von Raffael: Drei Kunstwerke, die seit Jahrzehnten nicht mehr öffentlich zu sehen waren. Werden sie wieder auftauchen?",Women's life; Author / literary figure; Artist / visual artist; Family / intimate life,Women's life | Author / literary figure | Artist / visual artist | Family / intimate life,portrait,feature / documentary,Feature
https://www.hoerspielundfeature.de/reihe-wirklichkeit-im-radio-der-dicke-lipinski-100.html,Der dicke Lipinski,2019,DLF/DLF Kultur,Von Sieglinde Scholz-Amoulong,"Hans Lipinski – Brigadier im Kraftwerk Jänschwalde. Ein gemütlicher Dicker. Die Autorin trifft ihn vor, während und nach der Wende. Ein Porträt und zugleich ein Stück live dokumentierter Zeitgeschichte – entstanden im Jahr 1989.",Women's life; Author / literary figure; Musician / composer; Artist / visual artist; Actor / performer; Political / historical figure; Family / intimate life; Collective / community,Women's life | Author / literary figure | Musician / composer | Artist / visual artist | Actor / performer | Political / historical figure | Family / intimate life | Collective / community,portrait,feature / documentary,Feature
https://www.hoerspielundfeature.de/frauenliteraturmonat-sasha-marianna-salzmann-stoert-das-100.html,Sasha Marianna Salzmann stört das Schema,2024,DLF/DLF Kultur,Subject not identified,"Nicht nur in der Literaturwelt, sondern auch am Theater ist Sasha Marianna Salzmann ein Shootingstar: Bühne und Buchseiten werden zum Experiment mit Identität, auch mit der eigenen.",Women's life; Author / literary figure; Artist / visual artist; Actor / performer; Political / historical figure; Family / intimate life,Women's life | Author / literary figure | Artist / visual artist | Actor / performer | Political / historical figure | Family / intimate life,implicit,feature / documentary,Feature
https://www.hoerspielundfeature.de/klangkunst-achim-freyer-trifft-100.html,Achim Freyer trifft Don Giovanni am Checkpoint Charlie,2024,DLF/DLF Kultur,Von Alvin Curran,"Achim Freyer prägt seit über 50 Jahren die Theaterwelt – als Regisseur, Maler, Bühnen- und Kostümbildner. Ähnlich umtriebig zeigt sich der Komponist und Klangkünstler Alvin Curran. Er zeichnet nun das akustische Porträt einer langjährigen Freundschaft.",Author / literary figure; Musician / composer; Artist / visual artist; Actor / performer,Author / literary figure | Musician / composer | Artist / visual artist | Actor / performer,portrait,sound art,Klangkunst
https://www.hoerspielundfeature.de/achim-freyer-trifft-don-giovanni-am-checkpoint-charlie-dlf-kultur-95b4978e-100.html,Achim Freyer trifft Don Giovanni am Checkpoint Charlie,2024,DLF/DLF Kultur,"Curran, Alvin","Achim Freyer prägt seit über 50 Jahren die Theaterwelt – als Regisseur, Maler, Bühnen- und Kostümbildner. Ähnlich umtriebig zeigt sich der Komponist und Klangkünstler Alvin Curran. Er zeichnet nun das akustische Porträt einer langjährigen Freundschaft.",Author / literary figure; Musician / composer; Artist / visual artist; Actor / performer,Author / literary figure | Musician / composer | Artist / visual artist | Actor / performer,portrait,sound art,Klangkunst
https://www.hoerspielundfeature.de/der-legendenseher-erinnerungen-an-sergej-paradschanow-dlf-ffd60d9f-100.html,Der Legendenseher,2024,DLF/DLF Kultur,Subject not identified,"In seinen Filmen erweckt er armenische, georgische, ukrainische und aserbaidschanische Legenden zu neuem Leben. Dafür hat ihn die sowjetische Kulturbürokratie drangsaliert. Cineasten aus aller Welt verehren Sergei Paradschanow bis heute, 30 Jahre nach seinem T",Artist / visual artist,Artist / visual artist,memory/testimony,feature / documentary,Feature
https://www.hoerspielundfeature.de/erinnerungen-an-sergei-paradschanow-der-legendenseher-100.html,Der Legendenseher,2024,DLF/DLF Kultur,Subject not identified,"In seinen Filmen erweckt er armenische, georgische, ukrainische und aserbaidschanische Legenden zu neuem Leben. Dafür hat ihn die sowjetische Kulturbürokratie drangsaliert. Cineasten aus aller Welt verehren Sergei Paradschanow bis heute, 30 Jahre nach seinem T",Author / literary figure; Artist / visual artist; Actor / performer; Family / intimate life,Author / literary figure | Artist / visual artist | Actor / performer | Family / intimate life,memory/testimony,feature / documentary,Feature
https://www.hoerspielundfeature.de/maestro-der-comebacks-100.html,Maestro der Comebacks,2024,DLF/DLF Kultur,Von Jean-Claude Kuner,"Porträt des brasilianischen Pianisten und Dirigenten João Carlos Martins, der zu den großen, zu Unrecht vergessenen Bachinterpreten des 20. Jahrhunderts gehört. Eine Lebensgeschichte, so ungewöhnlich wie seine Musik.",Author / literary figure; Musician / composer; Artist / visual artist; Actor / performer; Political / historical figure,Author / literary figure | Musician / composer | Artist / visual artist | Actor / performer | Political / historical figure,portrait; life story,feature / documentary,Feature
https://www.hoerspielundfeature.de/mysterioeser-tiefton-es-brummt-100.html,Es brummt,2025,DLF/DLF Kultur,Subject not identified,"Der mysteriöse Tiefton, den nur wenige Menschen hören können, ist ein Rätsel - weder Quelle noch Ursache sind bisher bekannt. Die Autorin Beate Mayer begab sich auf die Suche nach dem Brummton. Es wurde eine Reise in die Welt der tiefen Töne.",Women's life; Author / literary figure; Actor / performer; Family / intimate life; Collective / community,Women's life | Author / literary figure | Actor / performer | Family / intimate life | Collective / community,implicit,feature / documentary,Feature
https://www.hoerspielundfeature.de/der-fall-padura-100.html,Der Fall Padura,2025,DLF/DLF Kultur,Subject not identified,"Ein berühmter Autor, dessen Werk im eigenen Land von den Medien totgeschwiegen wird. Leonardo Padura hat das Genre des kubanischen Kriminalromans neu aufgerollt. Zwischen internationalem Erfolg und Ächtung führt Padura ein ereignisreiches Leben.",Author / literary figure; Actor / performer; Political / historical figure,Author / literary figure | Actor / performer | Political / historical figure,implicit,feature / documentary,Feature
https://www.hoerspielundfeature.de/portrait-einer-jaegerin-weidwerk-100.html,Weidwerk,2022,DLF/DLF Kultur,Von Rilo Chmielorz,Beim Schießen kommen die Glückshormone. Beim Ausweiden kommen sie noch stärker. Mit 55 Jahren hat sie den Jagdschein gemacht. Um sich selbst als Teil der Natur zu begreifen. „Der Mensch ist ein Tier unter Tieren. Leben ist Töten.“,Women's life; Author / literary figure; Musician / composer; Artist / visual artist,Women's life | Author / literary figure | Musician / composer | Artist / visual artist,portrait,feature / documentary,Feature
https://www.hoerspielundfeature.de/portrait-sven-ingo-koch-100.html,Vom Glück der Abwechslung,2021,DLF/DLF Kultur,Von Nora Bauer,Der Komponist Sven-Ingo Koch über die Herausforderungen und Freuden bei der Arbeit mit Hörspielen.,Women's life; Author / literary figure; Musician / composer; Artist / visual artist; Actor / performer; Political / historical figure; Family / intimate life; Collective / community,Women's life | Author / literary figure | Musician / composer | Artist / visual artist | Actor / performer | Political / historical figure | Family / intimate life | Collective / community,portrait,other,Hörspiel
https://www.hoerspielundfeature.de/eine-jugend-am-rand-der-grossstadt-kevin-100.html,Kevin,2021,DLF/DLF Kultur,Subject not identified,"Hochhäuser. Plattenbauten. Dazwischen ein ehemaliger Konsum. Eine Kneipe, eine Dönerbude. Ödnis. Die Topografie der Stadtrandlage. Wie wachsen Kinder und Jugendliche an der Peripherie der Stadt auf? Wovon träumen sie?",Author / literary figure; Family / intimate life; Collective / community,Author / literary figure | Family / intimate life | Collective / community,implicit,feature / documentary,Feature
https://www.hoerspielundfeature.de/frauenstimmen-portrait-der-sexualwissenschaftlerin-100.html,"Die Pionierin der Sexualwissenschaft, Charlotte Wolff, bittet um die Hand",2021,DLF/DLF Kultur,Von Ursula Krechel,"Zur Frauenuniversität Berlin reiste 1979 eine 82-jährige Emigrantin aus England an. Eine Ärztin, die in den 1920er-Jahren in der Schwangerenfürsorge gearbeitet hatte und mit Walter Benjamin und Franz Hessel befreundet war. Ihr Auftreten – ein Ereignis.",Women's life; Author / literary figure; Actor / performer,Women's life | Author / literary figure | Actor / performer,portrait,other,Unknown genre
https://www.hoerspielundfeature.de/portrait-des-hoerspiel-komponisten-dietrich-petzold-100.html,Sprachmusik,2021,DLF/DLF Kultur,Von Nora Bauer,"Für Dietrich Petzold ist in seinen Hörspielkompositionen vor allem der Klang der Worte wichtig, diese 'Sprachmusik' inspiriert ihn zur instrumentalen Gestaltung. Nora Bauer über den Tonkünstler, der mit seinen erfundenen Instrumenten Geräusche erzeugt, die Geg",Women's life; Author / literary figure; Musician / composer; Actor / performer; Political / historical figure; Scholar / intellectual; Family / intimate life; Collective / community,Women's life | Author / literary figure | Musician / composer | Actor / performer | Political / historical figure | Scholar / intellectual | Family / intimate life | Collective / community,portrait,other,Hörspielmagazin
https://www.hoerspielundfeature.de/hoerspielmagazin-04-21-neues-aus-der-welt-der-akustischen-100.html,Neues aus der Welt der Akustischen Kunst,2021,DLF/DLF Kultur,"Küchler, Sabine","Wir porträtieren den Hörspielmusiker Dietrich Petzold, setzen unsere Geschichte der Hörspieldramaturgie fort und werfen einen Blick auf interessante Neuproduktionen im April. Außerdem stellen wir das Hörspiel des Monats vor: „Nagelneu“ von Hendrik Quast und Ma",Musician / composer; Artist / visual artist,Musician / composer | Artist / visual artist,portrait,other,Hörspielmagazin
https://www.hoerspielundfeature.de/portrait-der-tuerkische-komponist-emre-duendar-100.html,Der türkische Komponist Emre Dündar,2021,DLF/DLF Kultur,Von Franziska Buhre,"Der türkische Komponist Emre Dündar beschäftigt sich als Performer vor allem mit Sprache, lässt aus Lauten geschriebene Gedichte, vorgetragene Poesie, Erzählungen oder Gesang entstehen. Franziska Buhre über den außergewöhnlichen Künstler, der im Rahmen des Fes",Women's life; Author / literary figure; Musician / composer; Artist / visual artist; Actor / performer; Family / intimate life,Women's life | Author / literary figure | Musician / composer | Artist / visual artist | Actor / performer | Family / intimate life,portrait,other,Hörspielmagazin
https://www.hoerspielundfeature.de/hoerspielmagazin-02-21-neues-aus-der-welt-der-akustischen-100.html,Neues aus der Welt der Akustischen Kunst,2021,DLF/DLF Kultur,Moderation: Anna Seibt,"Es erwarten Sie akustische Impressionen aus verschiedenen Kulturen: Ein Interview zum Hörspiel des Monats November „Atlas“, das sich mit dem Schicksal vietnamesischer Einwanderer in Deutschland beschäftigt, ein Porträt des türkischen Komponisten Emre Dündar un",Women's life; Musician / composer; Artist / visual artist; Actor / performer,Women's life | Musician / composer | Artist / visual artist | Actor / performer,portrait,other,Hörspielmagazin
https://www.hoerspielundfeature.de/hoerspielmagazin-09-20-portrait-martin-schuetz-podcast-dlf-8320ec4f-100.html,Hörspielmagazin 09/20: Portrait Martin Schütz (Podcast),2020,DLF/DLF Kultur,"Bauer, Nora","Archiv Hörspielmagazin 09/20: Portrait Martin Schütz (Podcast) 10:38 Minuten Dlf Audiothek © Shutterstock Bauer, Nora | 01. September 2020, 20:45 Uhr Link kopieren/teilen Der Link wurde in die Zwischenablage kopiert. Email Audio herunterladen Aus dem Podcast H",Ordinary / private person,Ordinary / private person,portrait,other,Hörspielmagazin
https://www.hoerspielundfeature.de/hoerspielmagazin-08-20-portrait-hardy-kurda-podcast-dlf-09bde680-100.html,Hörspielmagazin 08/20: Portrait Hardy Kurda (Podcast),2020,DLF/DLF Kultur,"Klatte, Tina","Archiv Hörspielmagazin 08/20: Portrait Hardy Kurda (Podcast) 11:35 Minuten Dlf Audiothek © Shutterstock Klatte, Tina | 28. Juli 2020, 20:30 Uhr Link kopieren/teilen Der Link wurde in die Zwischenablage kopiert. Email Audio herunterladen Aus dem Podcast Hörspie",Ordinary / private person,Ordinary / private person,portrait,other,Hörspielmagazin
https://www.hoerspielundfeature.de/hoerspielmagazin-07-20-portrait-annika-von-trier-podcast-dlf-8d98c01c-100.html,Hörspielmagazin 07/20: Portrait AnniKa von Trier (Podcast),2020,DLF/DLF Kultur,"Bauer, Nora","Archiv Hörspielmagazin 07/20: Portrait AnniKa von Trier (Podcast) 08:57 Minuten Dlf Audiothek © Shutterstock Bauer, Nora | 30. Juni 2020, 20:35 Uhr Link kopieren/teilen Der Link wurde in die Zwischenablage kopiert. Email Audio herunterladen Aus dem Podcast Hör",Ordinary / private person,Ordinary / private person,portrait,other,Hörspielmagazin
https://www.hoerspielundfeature.de/hoerspielmagazin-06-20-portrait-volkan-t-podcast-dlf-b38182b7-100.html,Hörspielmagazin 06/ 20 - Portrait Volkan T(Podcast),2020,DLF/DLF Kultur,"Murrenhoff, Sarah","Archiv Hörspielmagazin 06/ 20 - Portrait Volkan T(Podcast) 10:45 Minuten Dlf Audiothek © Shutterstock Murrenhoff, Sarah | 02. Juni 2020, 20:30 Uhr Link kopieren/teilen Der Link wurde in die Zwischenablage kopiert. Email Audio herunterladen Aus dem Podcast Hörs",Ordinary / private person,Ordinary / private person,portrait,other,Hörspielmagazin
https://www.hoerspielundfeature.de/hoerspielmagazin-06-20-neues-aus-der-welt-der-akustischen-100.html,Neues aus der Welt der akustischen Kunst,2020,DLF/DLF Kultur,Subject not identified,"In dieser Ausgabe stellen wir das Hörspiel des Monats vor: „Wenn das noch geht, kann es nicht so schlimm sein“ von Benjamin Maack. Wir sichten kritisch die Neuproduktionen im Juni und lernen den Musiker, Performer und Hörspielmacher Volkan T. kennen. Außerdem ",Author / literary figure; Musician / composer; Artist / visual artist,Author / literary figure | Musician / composer | Artist / visual artist,implicit,other,Hörspielmagazin
https://www.hoerspielundfeature.de/40-jahre-freie-republik-wendland-ausgrabung-einer-utopie-100.html,Ausgrabung einer Utopie,2020,DLF/DLF Kultur,Subject not identified,"Im Mai 1980 wurde die Utopie für einige Tage Wirklichkeit: Die Anti-Atomkraft-Bewegung rief die Freie Republik Wendland aus. Heute graben Archäologen nach Überresten dieses Urmoments der alternativen Szene, in den die Autorin hineingeboren wurde.",Women's life; Author / literary figure; Artist / visual artist; Political / historical figure; Family / intimate life,Women's life | Author / literary figure | Artist / visual artist | Political / historical figure | Family / intimate life,implicit,feature / documentary,Feature
https://www.hoerspielundfeature.de/tagebuecher-eines-radikalen-kuenstlers-im-schatten-des-100.html,Im Schatten des amerikanischen Traums,2020,DLF/DLF Kultur,Von Jean-Claude Kuner,"So viel Aufmerksamkeit hatte der New Yorker Künstler David Wojnarowicz noch nie. In den 1980ern war er Teil des New Yorker Undergrounds. Heute ist seine radikale, politische Kunst nicht nur in den USA gefragter denn je.",Author / literary figure; Musician / composer; Artist / visual artist; Actor / performer; Political / historical figure,Author / literary figure | Musician / composer | Artist / visual artist | Actor / performer | Political / historical figure,diary/letters,other,Unknown genre
https://www.hoerspielundfeature.de/jane-eyre-teil-1-wiederholung-100.html,Jane Eyre (1/3),2026,DLF/DLF Kultur,Subject not identified,"Jane Eyre (1/3) - Hörspiel nach Charlotte Brontë • Klassiker • Ein Roman über weibliche Selbstbestimmung: Er erzählt die Lebensgeschichte einer Frau im 19. Jahrhundert, die um ihre Freiheit und Autonomie kämpft – trotz vieler Widerstände mit Erfolg.",Women's life; Author / literary figure; Family / intimate life; Collective / community,Women's life | Author / literary figure | Family / intimate life | Collective / community,life story,sound art,Klangkunst
https://www.hoerspielundfeature.de/albatros-100.html,Albatros,2026,DLF/DLF Kultur,Subject not identified,"• Liebesgeschichte • Robert, ohne festen Wohnsitz, aber dem Leben positiv zugewandt, zieht durch das nächtliche Berlin und erzählt seine Lebensgeschichte: von unfreiwilliger Berühmtheit, vom Ethos des Obdachlosen, von Liebe und anderen Gebrechen.",Women's life; Author / literary figure; Musician / composer; Artist / visual artist; Family / intimate life; Collective / community,Women's life | Author / literary figure | Musician / composer | Artist / visual artist | Family / intimate life | Collective / community,life story,sound art,Klangkunst
https://www.hoerspielundfeature.de/feature-bruder-eine-geschichte-in-drei-teilen-100.html,BRUDER. Eine deutsch-litauische Geschwistergeschichte ,2022,DLF/DLF Kultur,Subject not identified,"Zwei Geschwister, zwei Wege. Für beide führten sie von Litauen nach Deutschland, für ihn immer wieder ins Gefängnis. Ihre Leben verliefen unterschiedlich: er hat mit 36 mehr Gefängniszellen von innen gesehen als er zählen konnte. Sie besucht ihn, fragt nach, l",Women's life; Author / literary figure; Musician / composer; Artist / visual artist; Family / intimate life,Women's life | Author / literary figure | Musician / composer | Artist / visual artist | Family / intimate life,implicit,feature / documentary,Feature
https://www.hoerspielundfeature.de/wolfgang-ein-leben-auf-20000-kassetten-100.html,Wolfgang – Ein Leben auf 20.000 Kassetten	,2025,DLF/DLF Kultur,Subject not identified,Der Hörfunkarchivar Christian Collet stieß nach dem Tod des Berliner Bankangestellten Wolfgang Seelbinder auf dessen Lebensgeschichte – festgehalten auf 20.000 Kassetten. Was sollte auf diesen Mitschnitten festgehalten werden – und warum?,Women's life; Musician / composer; Artist / visual artist; Actor / performer; Family / intimate life; Collective / community,Women's life | Musician / composer | Artist / visual artist | Actor / performer | Family / intimate life | Collective / community,life story,feature / documentary,Feature
https://www.hoerspielundfeature.de/amerika-der-traeume-100.html,Amerika der Träume ,2023,DLF/DLF Kultur,Subject not identified,Kurz vor Austers 75. Geburtstag am 3. Februar hat Feature-Autor Thomas David den Schriftsteller in New York besucht und mit ihm über sein „Amerika der Träume“ gesprochen.,Author / literary figure; Musician / composer; Artist / visual artist; Family / intimate life; Collective / community,Author / literary figure | Musician / composer | Artist / visual artist | Family / intimate life | Collective / community,implicit,other,Büchermarkt
https://www.hoerspielundfeature.de/generation-u-100.html,Generation U,2026,DLF/DLF Kultur,Subject not identified,"Auch 350.000 Kinder sind seit 2022 aus der Ukraine nach Deutschland geflüchtet. Nach dreieinhalb Jahren fragen sich viele, wo ihre Zukunft liegt. Einige sehnen sich trotz des Krieges nach der Heimat. Andere haben sich in Deutschland eingelebt.",Women's life; Author / literary figure; Musician / composer; Political / historical figure; Family / intimate life; Collective / community,Women's life | Author / literary figure | Musician / composer | Political / historical figure | Family / intimate life | Collective / community,implicit,feature / documentary,Feature
https://www.hoerspielundfeature.de/erzaehlen-wie-es-weitergeht-100.html,"Erzählen, wie es weitergeht",2026,DLF/DLF Kultur,Subject not identified,"• Literatur • Wer sind wir, wenn wir allein sind? Wie lenken unsere Erinnerungen unser Bewusstsein? Das Hörspiel des Büchner-Preisträgers Jürgen Becker schärft unsere Wahrnehmung für Prozesse der Erfahrung.",Women's life; Author / literary figure; Political / historical figure; Family / intimate life,Women's life | Author / literary figure | Political / historical figure | Family / intimate life,memory/testimony,other,Hörspiel
https://www.hoerspielundfeature.de/heimgesucht-100.html,Heimgesucht,2025,DLF/DLF Kultur,Subject not identified,"Im Kinderkurheim Johannaberg bei Detmold mussten Verschickungskinder Heimweh, Angst und Gewalt erleben. Jahrzehnte später macht sich eine Gruppe von Zeitzeug*innen auf die Reise. Am Ort des Geschehens verarbeiten sie ihre Erinnerungen zu Szenen.",Musician / composer; Artist / visual artist; Family / intimate life; Collective / community,Musician / composer | Artist / visual artist | Family / intimate life | Collective / community,memory/testimony,feature / documentary,Feature
https://www.hoerspielundfeature.de/doku-drops-6-old-tapes-100.html,doku drops 6: Old Tapes,2025,DLF/DLF Kultur,Subject not identified,"Auf Dachböden, in Schubladen und auf alten Festplatten schlummern sie: Aufnahmen, die lange nicht mehr angehört worden sind. In unseren Kurzdokus wird der Staub von der Kassettenhülle gewischt und halbvergessene Stimmen erwachen zu neuem Leben.",Unclear / needs review,Unclear / needs review,implicit,feature / documentary,Feature
https://www.hoerspielundfeature.de/hoerspiel-des-monats-september-2025-der-afrik-100.html,Der Afrik,2026,DLF/DLF Kultur,Subject not identified,"Vom Schwarzwald nach Algerien und zurück. Ein verbannter Außenseiter will Rache üben an seinem Heimatdorf, dem Weindorf Pfaffenweiler in Baden, das ihn unter falschen Versprechungen nach Algerien gelockt hatte. Bis ein Kind bei ihm auftaucht, das ebenfalls aus",Women's life; Author / literary figure; Musician / composer; Artist / visual artist; Actor / performer; Political / historical figure; Family / intimate life; Collective / community,Women's life | Author / literary figure | Musician / composer | Artist / visual artist | Actor / performer | Political / historical figure | Family / intimate life | Collective / community,implicit,sound art,Klangkunst
https://www.hoerspielundfeature.de/warum-vergessen-wir-dinge-100.html,Warum vergessen wir Dinge?,2025,DLF/DLF Kultur,Subject not identified,"Es hat Gründe, warum wir uns nicht alles merken können und Vergessen kann manchmal sogar richtig nützlich sein.",Women's life; Author / literary figure,Women's life | Author / literary figure,implicit,other,Kakadu
https://www.hoerspielundfeature.de/hoerspiel-des-monats-juni-2025-schwebende-bruecken-100.html,Schwebende Brücken,2026,DLF/DLF Kultur,Subject not identified,"Das Hörspiel ""Schwebende Brücken"" wurde von der Akademie der Darstellenden Künste zum Hörspiel des Monats Juni 2025 gewählt.",Women's life; Author / literary figure; Actor / performer; Family / intimate life,Women's life | Author / literary figure | Actor / performer | Family / intimate life,implicit,sound art,Klangkunst
https://www.hoerspielundfeature.de/konsum-und-konkurs-abschiedstour-durchs-warenhaus-2-6-100.html,Damenabteilung,2025,DLF/DLF Kultur,Subject not identified,Die Autoren verlaufen sich in die Damenabteilung. In Troisdorf bei Köln treffen sich 150 ehemalige Hertie-Verkäuferinnen zu einem Revival. Die Filiale wurde 40 Jahren zuvor geschlossen. Dafür gibt es Late Night Shopping in Bonn.,Women's life; Author / literary figure; Scholar / intellectual; Family / intimate life; Collective / community,Women's life | Author / literary figure | Scholar / intellectual | Family / intimate life | Collective / community,implicit,other,Unknown genre
https://www.hoerspielundfeature.de/kindheit-und-jugend-alleestrasse-100.html,Alleestraße,2026,DLF/DLF Kultur,Subject not identified,"Aufwachsen im Ruhrgebiet der 60er- und 70er-Jahre: Enge, die Sprachlosigkeit einer bürgerlichen Kleinfamilie, die Gewalt in der innerlich beschädigten Nachkriegsgesellschaft. Erinnerungen, Beobachtungssplitter, paradoxe Momentaufnahmen.",Women's life; Author / literary figure; Musician / composer; Political / historical figure; Scholar / intellectual; Family / intimate life,Women's life | Author / literary figure | Musician / composer | Political / historical figure | Scholar / intellectual | Family / intimate life,memory/testimony,sound art,Klangkunst
https://www.hoerspielundfeature.de/hoerspiel-ueber-koeln-die-stadt-und-die-stimmen-100.html,Die Stadt und die Stimmen,2025,DLF/DLF Kultur,Subject not identified,"„Unterwegs in der Stadt, die ich gut zu kennen glaube. Bald weiß ich, dass ich mich täusche. Was ich noch kenne, sind Erinnerungen an die Stadt.“ (Jürgen Becker)",Women's life; Author / literary figure; Musician / composer; Political / historical figure; Scholar / intellectual; Family / intimate life; Collective / community,Women's life | Author / literary figure | Musician / composer | Political / historical figure | Scholar / intellectual | Family / intimate life | Collective / community,memory/testimony,other,Hörspiel
https://www.hoerspielundfeature.de/ein-mongolisches-roadmovie-rueckkehr-der-zauberfloete-100.html,Rückkehr der Zauberflöte,2024,DLF/DLF Kultur,Subject not identified,"Anne-Katrin Probst ist in Ulan Bator geboren. Ihre Eltern kehrten vom Hilfseinsatz für die sozialistische Mongolei in die DDR zurück, als sie zwei Jahre alt war. Sie ist voller Bilder, Klänge, Geschichten aus einem Zauberland, schön und schrecklich zugleich. H",Women's life; Author / literary figure; Actor / performer; Family / intimate life; Collective / community,Women's life | Author / literary figure | Actor / performer | Family / intimate life | Collective / community,implicit,feature / documentary,Feature
https://www.hoerspielundfeature.de/also-muss-ich-ueberleben-100.html,Also muss ich überleben!,2026,DLF/DLF Kultur,Von Manfred Bonson,"Sie will nicht nur zusehen: Als der Krieg ausbricht, geht Savita Wagner in die Ukraine, um zu helfen. Sie rettet als Sanitäterin an der Front viele Verwundete. Bis sie von einem Granatsplitter tödlich getroffen wird.",Author / literary figure; Musician / composer; Political / historical figure; Family / intimate life; Collective / community,Author / literary figure | Musician / composer | Political / historical figure | Family / intimate life | Collective / community,diary/letters,feature / documentary,Feature
https://www.hoerspielundfeature.de/wer-war-anne-frank-100.html,Wer war Anne Frank?,2025,DLF/DLF Kultur,"Voss, Regina","Anne Frank wurde vor allem durch ihr Tagebuch weltberühmt, das sie im Hinterhaus-Versteck in Amsterdam führte. Doch Anne hat auch Geschichten geschrieben.",Women's life; Author / literary figure; Family / intimate life,Women's life | Author / literary figure | Family / intimate life,diary/letters,other,Kakadu
https://www.hoerspielundfeature.de/herzbefellt-lyrischer-nachruf-auf-friederike-mayroecker-100.html,"HERZBEFELLT, ein Nachrufen",2025,DLF/DLF Kultur,Subject not identified,• Lyrik • Die junge Autorin Frieda Paris schreibt einen Nachruf auf die berühmte Friederike Mayröcker. Über einen intimen Schaffensprozess und eine poetische Auseinandersetzung. Wie bewahrt man das Wesentliche eines Lebens in Worten?,Women's life; Author / literary figure; Musician / composer; Artist / visual artist; Actor / performer; Political / historical figure; Family / intimate life,Women's life | Author / literary figure | Musician / composer | Artist / visual artist | Actor / performer | Political / historical figure | Family / intimate life,implicit,other,Hörspiel
https://www.hoerspielundfeature.de/krimi-die-vier-soehne-des-dr-march-100.html,Die vier Söhne des Dr. March,2024,DLF/DLF Kultur,Von Brigitte Aubert,Dem Hausmädchen Jeanie fällt das Tagebuch eines Triebtäters in die Hände. Der Mörder ist einer der vier Söhne ihres Arbeitgebers. Aber welcher? Mitten in ihren Nachforschungen gerät sie selbst in eine sadistische Treibjagd.,Political / historical figure; Family / intimate life,Political / historical figure | Family / intimate life,diary/letters,other,Kriminalhörspiel
https://www.hoerspielundfeature.de/schiessbuden-haben-noch-immer-einen-reiz-fuer-mich-100.html,Schießbuden haben noch immer einen Reiz für mich,2026,DLF/DLF Kultur,Hörstück mit unveröffentlichten Texten von Ré Soupault von Andra Joeckle,"• Reisebericht • 1951. Die Künstlerin Ré Soupault radelt durch ein Nachkriegsdeutschland in Trümmern. Wie das Land, so ist auch Ré im Aufbruch. Andra Joeckle inszeniert das Fahrtenbuch der deutsch-französischen Künstlerin, und wir pedalieren mit.",Women's life; Author / literary figure; Artist / visual artist; Actor / performer; Political / historical figure; Collective / community,Women's life | Author / literary figure | Artist / visual artist | Actor / performer | Political / historical figure | Collective / community,diary/letters,sound art,Klangkunst
https://www.hoerspielundfeature.de/zwischen-allen-stuehlen-3-3-100.html,Zwischen allen Stühlen (3/3),2026,DLF/DLF Kultur,Von Victor Klemperer,"• Zeitdokument • Letztes Lebenskapitel eines bürgerlichen Humanisten: Victor Klemperer führt unablässig Tagebuch, begleitet schreibend persönliche Tragödien und seinen Alltag in der DDR. Seine Enttäuschung über die deutsche Zukunft wächst.",Women's life; Author / literary figure; Family / intimate life,Women's life | Author / literary figure | Family / intimate life,diary/letters,sound art,Klangkunst
https://www.hoerspielundfeature.de/zwischen-allen-stuehlen-2-3-100.html,Zwischen allen Stühlen (2/3),2026,DLF/DLF Kultur,Subject not identified,• Zeitdokument • „Man hat mich mehr missachtet als einen Hund. Man bewirbt sich jetzt mit allen Mitteln um mich. Was wird morgen sein?“ Der Philologe Victor Klemperer protokolliert sein Leben in der jungen DDR.,Author / literary figure; Family / intimate life,Author / literary figure | Family / intimate life,implicit,sound art,Klangkunst
https://www.hoerspielundfeature.de/die-tagebuecher-des-victor-klemperer-teil-5-100.html,Zeugnis ablegen (2/6),2024,DLF/DLF Kultur,Von Victor Klemperer,"• Zeitdokument • „Ich habe den Eindruck, dass eine Explosion bevorsteht. Ich rechne mit Pogromen, Ghetto, Geld und Hausentziehung. Mit allem. Vielmehr: Ich rechne mit nichts.“ Akribisch dokumentiert Klemperer seinen Alltag im Nationalsozialismus.",Author / literary figure; Political / historical figure; Family / intimate life,Author / literary figure | Political / historical figure | Family / intimate life,diary/letters; memory/testimony,other,hoerspiel
https://www.hoerspielundfeature.de/flog-ein-vogel-federlos-100.html,Flog ein Vogel federlos,2024,DLF/DLF Kultur,Subject not identified,"• Literatur • Eine Kleinstadt Mitte der 80er-Jahre. Eine heile Familie in ihrer kleinen Welt. Tschernobyl, Aufrüstung und Umweltzerstörung haben da keinen Platz. Dann verschwindet die Tochter in sich selbst. Ein Störfall. Der Körper als Seismograf.",Women's life; Author / literary figure; Political / historical figure; Family / intimate life,Women's life | Author / literary figure | Political / historical figure | Family / intimate life,implicit,other,Hörspiel
https://www.hoerspielundfeature.de/tagebuch-wh-100.html,Tagebuch 1985–1989,2026,DLF/DLF Kultur,Von Sándor Márai,"• Literarisches Dokument • Die Tagebücher des Schriftstellers Sándor Márai sind das Protokoll einer großen Liebe, und gleichzeitig eine schonungslose Betrachtung der letzten Dinge: Einsamkeit, Krankheit, Tod.",Women's life; Author / literary figure; Musician / composer; Family / intimate life,Women's life | Author / literary figure | Musician / composer | Family / intimate life,diary/letters,sound art,Klangkunst
https://www.hoerspielundfeature.de/liebe-in-zeiten-der-schichtarbeit-dlf-c483e783-100.html,Liebe in Zeiten der Schichtarbeit,2023,DLF/DLF Kultur,Subject not identified,"Die Entrümpelung eines Hauses in einem früheren Leipziger Arbeiterviertel fördert ein Notizheftchen zutage. Es ist randvoll gekritzelt mit Liebesschwüren, Kochrezepten und vergeblichen Verabredungsversuchen. Wer hat das geschrieben und warum?",Family / intimate life; Collective / community,Family / intimate life | Collective / community,memory/testimony,feature / documentary,Feature
https://www.hoerspielundfeature.de/meine-liebe-aenne-wh-100.html,Meine liebe Änne!,2023,DLF/DLF Kultur,Von Ricarda Bethke,"• Autobiographie • Erst nach dem Tod ihrer Mutter erfährt Ricarda Bethke von deren Zwangssterilisierung im Jahr 1942. Anhand von Briefen und Dokumenten zeichnet die Autorin ein Leben nach, das nach dem erlittenen Unrecht Stillschweigen bewahrt.",Women's life; Author / literary figure; Artist / visual artist; Family / intimate life,Women's life | Author / literary figure | Artist / visual artist | Family / intimate life,biography; autobiography; diary/letters,feature / documentary,Feature
https://www.hoerspielundfeature.de/elterntagebuecher-aus-zwei-jahrhunderten-erinnern-und-100.html,Erinnern und verklären,2023,DLF/DLF Kultur,Von Almut Schnerring und Sascha Verlan,"„Jede große Zeit erfordert große und harte Menschen, groß im Können, im Charakter und im Glauben. Hierzu wollen wir Dich erziehen …” (für Hans-Martin, 1939). Eltern - viele Väter! - halten Gedanken und Empfindungen fest, die nach der Ankunft ihres Kindes über ",Author / literary figure; Family / intimate life; Collective / community,Author / literary figure | Family / intimate life | Collective / community,diary/letters; memory/testimony,feature / documentary,Feature
https://www.hoerspielundfeature.de/freistil-natur-an-autorin-100.html,Natur an Autorin - Autorin an Natur,2024,DLF/DLF Kultur,Subject not identified,Nature Writing ist mehr als Naturlyrik. Es ist die literarische Antwort auf das Zeitalter des Anthropozäns. Autorin Elke Heinemann gelingt ein Selbstversuch in der Tradition von Henry David Thoreaus „Walden“.,Women's life; Author / literary figure; Artist / visual artist; Scholar / intellectual; Family / intimate life,Women's life | Author / literary figure | Artist / visual artist | Scholar / intellectual | Family / intimate life,implicit,other,Freistil
https://www.hoerspielundfeature.de/ein-deutsch-deutsches-seniorenhaus-und-seine-geschichten-100.html,Zeitenwende,2022,DLF/DLF Kultur,Von Heike Tauch,"Berlin-Pankow. In einer Einrichtung für Senioren treffen West- auf Ost-Biografien. Ein Ort der erwartbaren Geschichten? Was die Menschen aus ihren Leben erzählen, ist viel reicher und komplexer.",Women's life; Author / literary figure; Actor / performer; Family / intimate life; Collective / community,Women's life | Author / literary figure | Actor / performer | Family / intimate life | Collective / community,biography,feature / documentary,Feature
https://www.hoerspielundfeature.de/hoerspiel-des-monats-mai-2025-lele-100.html,LÉLÉ,2026,DLF/DLF Kultur,Von Sathyan Ramesh,"Ein Mann schreibt einen Dankesbrief. Eine Frau antwortet. So beginnt es. ""Lélé"" ist der erfundene Briefwechsel zwischen zwei Menschen, die unterschiedlicher nicht sein, und auch nicht leben könnten.",Women's life; Author / literary figure; Musician / composer; Actor / performer; Family / intimate life,Women's life | Author / literary figure | Musician / composer | Actor / performer | Family / intimate life,diary/letters,sound art,Klangkunst
https://www.hoerspielundfeature.de/hoerspiel-ost-west-frauenbilder-schubladen-100.html,Schubladen,2025,DLF/DLF Kultur,Von She She Pop,"• Biografien • Sechs Frauen – drei im Osten, drei im Westen Deutschlands aufgewachsen – öffnen ihre Schubladen. Beim Zeigen und Vergleichen von Briefen, Tagebüchern, Fotos und Klängen wollen sie sich besser kennenlernen.",Women's life; Author / literary figure; Musician / composer; Artist / visual artist; Actor / performer; Political / historical figure; Collective / community,Women's life | Author / literary figure | Musician / composer | Artist / visual artist | Actor / performer | Political / historical figure | Collective / community,biography; diary/letters,other,hoerspiel
https://www.hoerspielundfeature.de/hoerspiel-des-monats-oktober-2024-kein-koenig-in-israel-100.html,Kein König in Israel,2026,DLF/DLF Kultur,Subject not identified,"Maxim Billers Doku-Fiktion über jüdische Identität, den Schriftsteller Jossl Brenner, der vor mehr als 100 Jahren ermordet wurde, und die antijüdischen Pogrome in Palästina 1921.",Women's life; Author / literary figure; Musician / composer; Actor / performer; Political / historical figure; Family / intimate life; Collective / community,Women's life | Author / literary figure | Musician / composer | Actor / performer | Political / historical figure | Family / intimate life | Collective / community,implicit,sound art,Klangkunst
https://www.hoerspielundfeature.de/hauptsache-hoerspiel-folge-dlf-649e2aee-100.html,Hauptsache Hörspiel - Folge 25,2024,DLF/DLF Kultur,"Steger, Hanna/ Malotki, Max von","Wenn zwei wortgewitzte Schriftsteller sich jahrelang Briefe schreiben, ist es relativ logisch, dass daraus ein sehr unterhaltsames Buch werden kann. Wie aus diesem Buch mit den Briefen von Ephraim Kishon und Professor Friedrich Torberg auch noch ein vergnüglic",Author / literary figure; Actor / performer; Family / intimate life,Author / literary figure | Actor / performer | Family / intimate life,diary/letters,other,Hörspiel
https://www.hoerspielundfeature.de/feature-briefe-an-mich-schelander-100.html,Briefe an mich,2024,DLF/DLF Kultur,Von Esther Schelander,"„Was hat meine Sexualität geprägt?“ Das fragt sich die Autorin anhand von Briefen, die sie sich seit ihrer Jugend selber schreibt. Sie sucht Antworten in den popkulturellen Relikten der Neunziger, in BRAVO-Heften, Hollywoodfilmen, Popsongs.",Women's life; Author / literary figure; Musician / composer,Women's life | Author / literary figure | Musician / composer,diary/letters,feature / documentary,Feature
https://www.hoerspielundfeature.de/der-schatten-des-meisters-teil-2-auf-goethes-spuren-100.html,Der Schatten des Meisters (2/2),2026,DLF/DLF Kultur,"Nach dem Roman ""Der rote Domino"" von Marc Buhl",Literaturexperte Udo Stahl folgt der Spur der verschwundenen Studentin Bettina B. nach Sankt Petersburg. Hier wurden aus einem Archiv geheime Briefe zwischen Goethe und Lenz gestohlen. Was weiß die verschwundene Doktorandin über die Raubkunst?,Women's life; Author / literary figure; Actor / performer,Women's life | Author / literary figure | Actor / performer,diary/letters,sound art,Klangkunst
https://www.hoerspielundfeature.de/wirklichkeit-im-radio-mein-partner-hansipiepchen-100.html,Mein Partner Hansipiepchen,2024,DLF/DLF Kultur,Von Charlotte Niemann und Matthias Niemann,"Eine einsame Frau. Ein Wellensittich. Briefe an die Kinder, die nie beantwortet werden. Unsere Reihe „Wirklichkeit im Radio“ widmet sich in diesen Monaten „Typen“.",Women's life; Author / literary figure; Musician / composer; Artist / visual artist; Actor / performer; Political / historical figure; Family / intimate life; Collective / community,Women's life | Author / literary figure | Musician / composer | Artist / visual artist | Actor / performer | Political / historical figure | Family / intimate life | Collective / community,diary/letters,feature / documentary,Feature
https://www.hoerspielundfeature.de/strafkolonie-der-frauen-politische-gefangene-in-belarus-berichten-dlf-91c85c1b-100.html,Strafkolonie der Frauen,2024,DLF/DLF Kultur,"Lizengevic, Inga","Kontakte zur Außenwelt sind kaum möglich. Briefe kommen nur selten. Geben Angehörige Informationen weiter, drohen ihnen und den Insassen Repressalien. Also schweigen die meisten. So lässt Lukaschenkos Regime politische Gefangene verschwinden.",Women's life; Documentary / self-record subject,Women's life | Documentary / self-record subject,diary/letters,feature / documentary,Feature
https://www.hoerspielundfeature.de/strafkolonie-der-frauen-100.html,Strafkolonie der Frauen,2024,DLF/DLF Kultur,Von Inga Lizengevic,"Kontakte zur Außenwelt sind kaum möglich. Briefe kommen nur selten. Geben Angehörige Informationen weiter, drohen ihnen und den Insassen Repressalien. Also schweigen die meisten. So lässt Lukaschenkos Regime politische Gefangene verschwinden.",Women's life; Author / literary figure,Women's life | Author / literary figure,diary/letters,feature / documentary,Feature
https://www.hoerspielundfeature.de/goodbye-stranger-teil-2-100.html,Korallenpilz,2024,DLF/DLF Kultur,Subject not identified,"Die Väter von Felizitas und Conrad waren auch schon zu Lebzeiten und vor der Krankheit abwesend. Doch wo haben sie die ganze Zeit gesteckt, wenn sie nicht mit ihren Kindern waren? Die Nachricht vom Tod seines Vaters traf Conrad völlig unvorbereitet. Innerhalb ",Women's life; Musician / composer; Artist / visual artist; Actor / performer; Family / intimate life,Women's life | Musician / composer | Artist / visual artist | Actor / performer | Family / intimate life,implicit,other,Dlf Doku Serie
https://www.hoerspielundfeature.de/jedes-jahr-hat-er-viel-zu-tun-159-gibt-es-den-100.html,Gibt es den Weihnachtsmann wirklich?,2022,DLF/DLF Kultur,Subject not identified,"Auch, wenn man ihn nicht immer wirklich sehen kann, wissen alle Kinder, dass es ihn gibt. Aber woran erkennt man eigentlich den echten Weihnachtsmann? Erstsendung vom 15.12.2020.",Author / literary figure; Family / intimate life,Author / literary figure | Family / intimate life,implicit,other,Kakadu
https://www.hoerspielundfeature.de/frauenstimmen-moegen-sie-emily-dickinson-100.html,Mögen Sie Emily Dickinson?,2023,DLF/DLF Kultur,"Von Kai Grehn, nach Briefen und Gedichten von Emily Dickinson","Zu Lebzeiten wurden lediglich sieben Gedichte von ihr veröffentlicht, doch der Nachlass von Emily Dickinson umfasst knapp 1.800 Texte. Auch in Deutschland galt sie lange als Geheimtipp. Heute wird sie zu den Größten unter den englischsprachigen Dichterinnen ge",Women's life; Author / literary figure; Actor / performer; Family / intimate life,Women's life | Author / literary figure | Actor / performer | Family / intimate life,diary/letters,other,Hörspiel
https://www.hoerspielundfeature.de/ernst-ludwig-kirchner-inside-out-hw-100.html,Ernst Ludwig Kirchner – Inside Out,2023,DLF/DLF Kultur,Von Elke Heinemann,• Experimentelle Doku-Fiktion • Das Hörbild collagiert Auszüge aus Ernst Ludwig Kirchners Tage- und Skizzenbüchern mit Zeugenaussagen und Briefen an den befreundeten Arzt und Sammler Dr. Bauer.,Women's life; Author / literary figure; Artist / visual artist; Political / historical figure; Family / intimate life,Women's life | Author / literary figure | Artist / visual artist | Political / historical figure | Family / intimate life,diary/letters,other,Hörspiel
https://www.hoerspielundfeature.de/feature-lisa-der-nerd-100.html,"Lisa, der Nerd und die Unsichtbaren",2023,DLF/DLF Kultur,Subject not identified,"„Die Programmierung musste erst männlich gemacht werden“, schreibt der Computerhistoriker Nathan Ensmeger. Denn im Anfang war Programmieren ein Frauenberuf.",Women's life; Author / literary figure; Musician / composer; Family / intimate life,Women's life | Author / literary figure | Musician / composer | Family / intimate life,implicit,feature / documentary,Feature
https://www.hoerspielundfeature.de/reihe-wirklichkeit-im-radio-gar-nicht-so-einfach-sich-am-100.html,"Gar nicht so einfach, sich am Leben vorbeizuschleifen ",2020,DLF/DLF Kultur,Subject not identified,"O-Ton aus dem Jahr 1981: Erich Graf, 85 Jahre alt, ist der letzte Scherenschleifer Berlins. Pfeifend zieht er durch die Hinterhöfe und bietet seine Dienste an. Seine Erinnerungen reichen bis in die Kaiserzeit.",Author / literary figure; Actor / performer; Scholar / intellectual; Collective / community,Author / literary figure | Actor / performer | Scholar / intellectual | Collective / community,memory/testimony,feature / documentary,Feature
https://www.hoerspielundfeature.de/der-dichter-richard-o-moore-leben-ist-leben-tod-ist-tod-100.html,Leben ist Leben – Tod ist Tod,2021,DLF/DLF Kultur,Subject not identified,Wie lässt sich die Arbeit von Richard O. Moore beschreiben? Was zeichnet sein poetisches Vermächtnis aus? Und was erlebte er als Zeitzeuge der literarischen Bewegung der San Francisco Renaissance in den 1940er-Jahren? Ein Feature zum Lebenswerk des 2015 versto,Women's life; Author / literary figure; Actor / performer; Scholar / intellectual; Family / intimate life,Women's life | Author / literary figure | Actor / performer | Scholar / intellectual | Family / intimate life,memory/testimony,other,Zeitfragen
https://www.hoerspielundfeature.de/das-feature-aufraeumen-oder-der-abschied-von-der-dissidenz-100.html,Aufräumen oder Der Abschied von der Dissidenz,2001,DLF/DLF Kultur,Subject not identified,Archiv Das Feature Aufräumen oder Der Abschied von der Dissidenz Lutz Rathenow | 09.01.2001 Link kopieren/teilen Der Link wurde in die Zwischenablage kopiert. Email Lutz Rathenow sieht sich zehn Jahre nach dem Ende der DDR als mehrfach gespaltene Persönlichkei,Family / intimate life,Family / intimate life,implicit,other,Unknown genre
https://www.hoerspielundfeature.de/pitch-deine-doku-idee-100.html,Pitch' Deine Doku-Idee,2026,DLF/DLF Kultur,Subject not identified,"Du hast eine Idee für eine Radio-Doku? Deutschlandfunk und Deutschlandfunk Kultur suchen spannende Themen für politische, gesellschaftliche und kulturelle Formate. Reich Deine Vorschläge ein!",Author / literary figure; Artist / visual artist; Political / historical figure,Author / literary figure | Artist / visual artist | Political / historical figure,implicit,other,Unknown genre
