source_url,title,year,source,life_focus,focus_basis,life_signal,form_family,genre,description_available
https://hoerspiele.dra.de/detailansicht/1356662,Brasil,1982,DRA,Artist / visual artist,Artist / visual artist: keyword evidence,portrait,original radio play,Originalhörspiel,False
https://hoerspiele.dra.de/detailansicht/1356564,Das unheilvolle Porträt,1981,DRA,Ordinary / private person,Fallback: no named public role detected in available metadata,portrait,adaptation,Hörspielbearbeitung,False
https://hoerspiele.dra.de/detailansicht/1356916,Die verlorenen Spuren (2. Teil),1982,DRA,Musician / composer,Musician / composer: keyword evidence,diary/letters,adaptation,Hörspielbearbeitung,False
https://hoerspiele.dra.de/detailansicht/1356785,Marienbader Briefe,1982,DRA,Ordinary / private person,Fallback: no named public role detected in available metadata,diary/letters,other,Hörspiel,False
https://hoerspiele.dra.de/detailansicht/1349346,Emma Goldmann - Die gefährlichste Frau der Welt,1981,DRA,Women's life,Women's life: keyword evidence,biography; autobiography,adaptation,Hörspielbearbeitung,False
https://hoerspiele.dra.de/detailansicht/1356959,Tagebuch meiner Töne,1982,DRA,Musician / composer; Artist / visual artist,Musician / composer: keyword evidence | Artist / visual artist: keyword evidence,diary/letters,other,Hörspiel,False
https://hoerspiele.dra.de/detailansicht/1357042,"""Nachwort eines Zauberers"" nach dem Hörspiel 'Cagliostro - Porträt eines Schriftstellers' von Karl Richard Tschon",1983,DRA,Author / literary figure,Author / literary figure: keyword evidence,portrait,other,Kommentar,False
https://hoerspiele.dra.de/detailansicht/1356998,Biographie und Liebe,1983,DRA,Artist / visual artist; Actor / performer; Family / intimate life,Artist / visual artist: keyword evidence | Actor / performer: keyword evidence | Family / intimate life: keyword evidence,biography,adaptation,Hörspielbearbeitung,False
https://hoerspiele.dra.de/detailansicht/1357148,Fortsetzung einer Flucht - Ein autobiographisches Hörspiel,1983,DRA,Author / literary figure,Author / literary figure: keyword evidence,biography; autobiography,feature / documentary,Originaltonhörspiel,False
https://hoerspiele.dra.de/detailansicht/1366276,Das Kranke Dorf oder: Vier Briefe aus L.,1987,DRA,Collective / community,Collective / community: keyword evidence,diary/letters,other,Hörspiel,False
https://hoerspiele.dra.de/detailansicht/1369519,Ein Leben auf der Flucht vor der Koralle,1994,DRA,Women's life; Musician / composer; Actor / performer,Women's life: keyword evidence | Musician / composer: keyword evidence | Actor / performer: keyword evidence,implicit,original radio play,Originalhörspiel,False
https://hoerspiele.dra.de/detailansicht/1369551,Mein Leben,1994,DRA,Musician / composer; Collective / community,Musician / composer: keyword evidence | Collective / community: keyword evidence,biography; autobiography,adaptation,Hörspielbearbeitung,False
https://hoerspiele.dra.de/detailansicht/1369714,... is a dangerous number,1994,DRA,Author / literary figure; Scholar / intellectual,Author / literary figure: keyword evidence | Scholar / intellectual: keyword evidence,portrait; biography; autobiography,feature / documentary,Feature,False
https://hoerspiele.dra.de/detailansicht/1370391,"Vom Enden einer Liebe, einer Frau",1987,DRA,Women's life; Family / intimate life,Women's life: keyword evidence | Family / intimate life: keyword evidence,diary/letters,adaptation,Hörspielbearbeitung,False
https://hoerspiele.dra.de/detailansicht/1370564,"Hörspielwerkstatt - ""Wichtig ist auch die durchkomponierte Pause ...""",1988,DRA,Ordinary / private person,Fallback: no named public role detected in available metadata,portrait,other,Hörspiel,False
https://hoerspiele.dra.de/detailansicht/1370331,Das Porträt,1994,DRA,Artist / visual artist; Actor / performer,Artist / visual artist: keyword evidence | Actor / performer: keyword evidence,portrait,adaptation,Hörspielbearbeitung,False
https://hoerspiele.dra.de/detailansicht/1370867,John Cage,1988,DRA,Musician / composer; Artist / visual artist,Musician / composer: keyword evidence | Artist / visual artist: keyword evidence,portrait,portrait,Porträt,False
https://hoerspiele.dra.de/detailansicht/1370870,Der Ohrenblick,1988,DRA,Musician / composer,Musician / composer: keyword evidence,portrait; memory/testimony,portrait,Porträt,False
https://hoerspiele.dra.de/detailansicht/1370868,Mauricio Kagel,1988,DRA,Musician / composer; Actor / performer,Musician / composer: keyword evidence | Actor / performer: keyword evidence,portrait,portrait,Porträt,False
https://hoerspiele.dra.de/detailansicht/1371042,Oktober-Nächte/Les nuits d'octobre,1988,DRA,Ordinary / private person,Fallback: no named public role detected in available metadata,memory/testimony,adaptation,Hörspielbearbeitung,False
https://hoerspiele.dra.de/detailansicht/1371169,"Lieber Piet, liebe Sandra",1989,DRA,Family / intimate life,Family / intimate life: keyword evidence,diary/letters,other,Kurzhörspiel,False
https://hoerspiele.dra.de/detailansicht/1371171,Von Herren und Knechten,1989,DRA,Family / intimate life,Family / intimate life: keyword evidence,diary/letters,other,Kurzhörspiel,False
https://hoerspiele.dra.de/detailansicht/1371100,And what about me? Ein Porträt des Autors Raymond Federman,1989,DRA,Author / literary figure,Author / literary figure: keyword evidence,portrait; memory/testimony,portrait,Porträt,False
https://hoerspiele.dra.de/detailansicht/1371173,"Amore, Amore",1989,DRA,Ordinary / private person,Fallback: no named public role detected in available metadata,diary/letters,other,Kurzhörspiel,False
https://hoerspiele.dra.de/detailansicht/1371074,Die Courage des George Tabori,1989,DRA,Author / literary figure; Actor / performer,Author / literary figure: keyword evidence | Actor / performer: keyword evidence,portrait,feature / documentary,Originaltonhörspiel,False
https://hoerspiele.dra.de/detailansicht/1371238,Baal Babylon,1989,DRA,Author / literary figure; Artist / visual artist; Family / intimate life,Author / literary figure: keyword evidence | Artist / visual artist: keyword evidence | Family / intimate life: keyword evidence,biography; autobiography,adaptation,Hörspielbearbeitung,False
https://hoerspiele.dra.de/detailansicht/1371889,Mein Spaziergang nach Syrakus - Briefe an einen Freund (2. Teil: Annäherungen),1985,DRA,Author / literary figure,Author / literary figure: keyword evidence,diary/letters,other,Hörspiel,False
https://hoerspiele.dra.de/detailansicht/1371603,New York City,1984,DRA,Family / intimate life; Collective / community,Family / intimate life: keyword evidence | Collective / community: keyword evidence,portrait,other,Hörspiel,False
https://hoerspiele.dra.de/detailansicht/1371888,Mein Spaziergang nach Syrakus - Briefe an einen Freund (1. Teil: Entfernungen),1985,DRA,Author / literary figure,Author / literary figure: keyword evidence,diary/letters,other,Hörspiel,False
https://hoerspiele.dra.de/detailansicht/1372064,Franz Kafka hört noch immer Radio und telefoniert mit schönen Frauen. Porträt eines Mannes vor dem Sterben,1985,DRA,Women's life,Women's life: keyword evidence,portrait,original radio play,Originalhörspiel,False
https://hoerspiele.dra.de/detailansicht/1372247,Fred von Hoerschelmann - Zum 10. Todestag des Hörspielautors,1986,DRA,Ordinary / private person,Fallback: no named public role detected in available metadata,portrait,other,Hörspiel,False
https://hoerspiele.dra.de/detailansicht/1372252,Der Rundfunkmann Ernst Schnabel,1986,DRA,Author / literary figure,Author / literary figure: keyword evidence,portrait,other,Kurzhörspiel,False
https://hoerspiele.dra.de/detailansicht/1372270,Ein Schmuck für Momente - Helmut Käutner und das Hörspiel,1986,DRA,Actor / performer,Actor / performer: keyword evidence,portrait,other,Hörspiel,False
https://hoerspiele.dra.de/detailansicht/1372504,Die Straße nach Lushoto. Tanzania - Notizen aus meinem Tagebuch,1976,DRA,Ordinary / private person,Fallback: no named public role detected in available metadata,diary/letters,other,Hörspiel,False
https://hoerspiele.dra.de/detailansicht/1372907,Lady sings the Blues. Billie Holiday erinnert sich,1991,DRA,Women's life; Musician / composer,Women's life: keyword evidence | Musician / composer: keyword evidence,biography; autobiography; memory/testimony,adaptation,Hörspielbearbeitung,False
https://hoerspiele.dra.de/detailansicht/1372532,Anonyme Briefe,1950,DRA,Artist / visual artist,Artist / visual artist: keyword evidence,diary/letters,original radio play,Originalhörspiel,False
https://hoerspiele.dra.de/detailansicht/1373260,Briefe an Olga,1991,DRA,Musician / composer; Artist / visual artist,Musician / composer: keyword evidence | Artist / visual artist: keyword evidence,diary/letters,sound art,"Hörspielbearbeitung, Ars acustica",False
https://hoerspiele.dra.de/detailansicht/1374699,Familienpackung,1989,DRA,Women's life; Family / intimate life,Women's life: keyword evidence | Family / intimate life: keyword evidence,biography; autobiography,other,"Kurzhörspiel, Kinderhörspiel",False
https://hoerspiele.dra.de/detailansicht/1374444,Aus dem Tagebuch der Anne Frank,1989,DRA,Family / intimate life,Family / intimate life: keyword evidence,diary/letters,adaptation,"Hörspielbearbeitung, Kurzhörspiel, Kinderhörspiel",False
https://hoerspiele.dra.de/detailansicht/1374721,Der Autor Hartmut Geerken,1990,DRA,Author / literary figure,Author / literary figure: keyword evidence,portrait,portrait,Porträt,False
https://hoerspiele.dra.de/detailansicht/1374736,Jean Anouilh zum 80. Geburtstag: Majestät des Boulevard - Porträt,1990,DRA,Musician / composer,Musician / composer: keyword evidence,portrait,portrait,Porträt,False
https://hoerspiele.dra.de/detailansicht/1374916,Briefe an Franz Pawell,1990,DRA,Women's life,Women's life: keyword evidence,diary/letters,other,Hörspiel,False
https://hoerspiele.dra.de/detailansicht/1375730,"Pioniere der Radiokunst (9. Folge: ... ""Quer zum Betrieb der Kulturindustrie"")",1986,DRA,Ordinary / private person,Fallback: no named public role detected in available metadata,portrait,portrait,Porträt,False
https://hoerspiele.dra.de/detailansicht/1375816,Bodo Katzenbergers Tagebuch,1986,DRA,Women's life; Family / intimate life,Women's life: keyword evidence | Family / intimate life: keyword evidence,diary/letters,other,Hörspiel,False
https://hoerspiele.dra.de/detailansicht/1375822,Porträt,1986,DRA,Women's life; Family / intimate life,Women's life: keyword evidence | Family / intimate life: keyword evidence,portrait,other,Hörspiel,False
https://hoerspiele.dra.de/detailansicht/1375861,Vier Briefe aus Amerika,1986,DRA,Family / intimate life,Family / intimate life: keyword evidence,diary/letters,other,Hörspiel,False
https://hoerspiele.dra.de/detailansicht/1375962,Per Einschreiben,1987,DRA,Ordinary / private person,Fallback: no named public role detected in available metadata,diary/letters,original radio play,"Originalhörspiel, Kurzhörspiel",False
https://hoerspiele.dra.de/detailansicht/1376346,Das Tagebuch der Redegonda,1987,DRA,Ordinary / private person,Fallback: no named public role detected in available metadata,diary/letters,adaptation,"Hörspielbearbeitung, Kurzhörspiel",False
https://hoerspiele.dra.de/detailansicht/1375917,Walter Ruttmann - der Visionär bewegter Rhythmen,1987,DRA,Ordinary / private person,Fallback: no named public role detected in available metadata,portrait,other,Hörspiel,False
https://hoerspiele.dra.de/detailansicht/1376147,Das akustische Tagebuch,1987,DRA,Ordinary / private person,Fallback: no named public role detected in available metadata,diary/letters,other,Hörspiel,False
https://hoerspiele.dra.de/detailansicht/1375863,C'era una volta il west oder Alte Briefe aus Amerika,1986,DRA,Ordinary / private person,Fallback: no named public role detected in available metadata,diary/letters,other,Kurzhörspiel,False
https://hoerspiele.dra.de/detailansicht/1377165,Ein Cäsar wäre ich sehr gerne gewesen - Monolog eines Mörders,1996,DRA,Family / intimate life,Family / intimate life: keyword evidence,biography; autobiography,adaptation,"Hörspielbearbeitung, Monolog",False
https://hoerspiele.dra.de/detailansicht/1377516,Anti. Ein Rainer-Werner-Fassbinder-Porträt,1992,DRA,Women's life; Family / intimate life,Women's life: keyword evidence | Family / intimate life: keyword evidence,portrait,portrait,Porträt,False
https://hoerspiele.dra.de/detailansicht/1377586,Und der Haifisch... . Mackie Messer erzählt aus seinem Leben. Porträt Wolf Kaiser,1992,DRA,Actor / performer; Family / intimate life,Actor / performer: keyword evidence | Family / intimate life: keyword evidence,portrait; life story,portrait,Porträt,False
https://hoerspiele.dra.de/detailansicht/1377511,"""Ich war irgendwie der erste Existentialist""",1992,DRA,Author / literary figure,Author / literary figure: keyword evidence,portrait,portrait,Porträt,False
https://hoerspiele.dra.de/detailansicht/1377773,Tagebuch einer heimlichen Symmetrie,1992,DRA,Musician / composer,Musician / composer: keyword evidence,diary/letters,adaptation,Hörspielbearbeitung,False
https://hoerspiele.dra.de/detailansicht/1377781,Zazie und der lange Kerl im Autobus S,1992,DRA,Author / literary figure,Author / literary figure: keyword evidence,portrait,feature / documentary,Feature,False
https://hoerspiele.dra.de/detailansicht/1378082,"Das wilde Geheul unserer täglichen Arbeit oder Komm heraus, du Schönheit von Mülheim (3. Teil: Briefe an Irina - Eine Erinnerung)",1992,DRA,Ordinary / private person,Fallback: no named public role detected in available metadata,diary/letters; memory/testimony,original radio play,Originalhörspiel,False
https://hoerspiele.dra.de/detailansicht/1378087,Der verliebte Antierotiker - Ein unbekanntes Kapitel aus dem Leben des Dichters Paul Scheerbart (1. Teil),1993,DRA,Author / literary figure,Author / literary figure: keyword evidence,diary/letters,adaptation,"Hörspielbearbeitung, Monolog",False
https://hoerspiele.dra.de/detailansicht/1377966,Die lange Weile der Briefe danach,1992,DRA,Ordinary / private person,Fallback: no named public role detected in available metadata,diary/letters,other,Hörspiel,False
https://hoerspiele.dra.de/detailansicht/1378286,Andy Warhol: Das Tagebuch (1976),1993,DRA,Ordinary / private person,Fallback: no named public role detected in available metadata,diary/letters,adaptation,"Hörspielbearbeitung, Kurzhörspiel",False
https://hoerspiele.dra.de/detailansicht/1378202,Autobiographie einer Leiche,1993,DRA,Ordinary / private person,Fallback: no named public role detected in available metadata,biography; autobiography,original radio play,Originalhörspiel,False
https://hoerspiele.dra.de/detailansicht/1378287,Andy Warhol: Das Tagebuch (1977),1993,DRA,Ordinary / private person,Fallback: no named public role detected in available metadata,diary/letters,adaptation,"Hörspielbearbeitung, Kurzhörspiel",False
https://hoerspiele.dra.de/detailansicht/1378288,Andy Warhol: Das Tagebuch (1978),1993,DRA,Ordinary / private person,Fallback: no named public role detected in available metadata,diary/letters,adaptation,"Hörspielbearbeitung, Kurzhörspiel",False
https://hoerspiele.dra.de/detailansicht/1378289,Andy Warhol: Das Tagebuch (1979),1993,DRA,Ordinary / private person,Fallback: no named public role detected in available metadata,diary/letters,adaptation,"Hörspielbearbeitung, Kurzhörspiel",False
https://hoerspiele.dra.de/detailansicht/1378290,Andy Warhol: Das Tagebuch (1980),1993,DRA,Ordinary / private person,Fallback: no named public role detected in available metadata,diary/letters,adaptation,"Hörspielbearbeitung, Kurzhörspiel",False
https://hoerspiele.dra.de/detailansicht/1378292,Andy Warhol: Das Tagebuch (1982),1993,DRA,Ordinary / private person,Fallback: no named public role detected in available metadata,diary/letters,adaptation,"Hörspielbearbeitung, Kurzhörspiel",False
https://hoerspiele.dra.de/detailansicht/1378293,Andy Warhol: Das Tagebuch (1983),1993,DRA,Ordinary / private person,Fallback: no named public role detected in available metadata,diary/letters,adaptation,"Hörspielbearbeitung, Kurzhörspiel",False
https://hoerspiele.dra.de/detailansicht/1378296,Andy Warhol: Das Tagebuch (1986),1993,DRA,Ordinary / private person,Fallback: no named public role detected in available metadata,diary/letters,adaptation,"Hörspielbearbeitung, Kurzhörspiel",False
https://hoerspiele.dra.de/detailansicht/1378291,Andy Warhol: Das Tagebuch (1981),1993,DRA,Ordinary / private person,Fallback: no named public role detected in available metadata,diary/letters,adaptation,"Hörspielbearbeitung, Kurzhörspiel",False
https://hoerspiele.dra.de/detailansicht/1378295,Andy Warhol: Das Tagebuch (1985),1993,DRA,Ordinary / private person,Fallback: no named public role detected in available metadata,diary/letters,adaptation,"Hörspielbearbeitung, Kurzhörspiel",False
https://hoerspiele.dra.de/detailansicht/1378294,Andy Warhol: Das Tagebuch (1984),1993,DRA,Ordinary / private person,Fallback: no named public role detected in available metadata,diary/letters,adaptation,"Hörspielbearbeitung, Kurzhörspiel",False
https://hoerspiele.dra.de/detailansicht/1378297,Andy Warhol: Das Tagebuch (1987),1993,DRA,Ordinary / private person,Fallback: no named public role detected in available metadata,diary/letters,adaptation,"Hörspielbearbeitung, Kurzhörspiel",False
https://hoerspiele.dra.de/detailansicht/1378354,Meine Seele war schwarz von Fliegen (1. Teil),1993,DRA,Ordinary / private person,Fallback: no named public role detected in available metadata,diary/letters,adaptation,"Hörspielbearbeitung, Kurzhörspiel, Monolog",False
https://hoerspiele.dra.de/detailansicht/1378358,Tagebuch eines Autobiographen,1993,DRA,Musician / composer; Family / intimate life,Musician / composer: keyword evidence | Family / intimate life: keyword evidence,portrait; biography; autobiography; diary/letters,original radio play,Originalhörspiel,False
https://hoerspiele.dra.de/detailansicht/1381519,Der Wind geht gen Mittag und kommt herum zur Mitternacht,1993,DRA,Ordinary / private person,Fallback: no named public role detected in available metadata,diary/letters,adaptation,Hörspielbearbeitung,False
https://hoerspiele.dra.de/detailansicht/1381497,Bruchstücke aus dem Tagebuch eines Dorfküsters,1993,DRA,Collective / community,Collective / community: keyword evidence,diary/letters,adaptation,"Monolog, Hörspielbearbeitung",False
https://hoerspiele.dra.de/detailansicht/1381401,Reise in den Klang der Worte. Porträt des Hörspiel-Regisseurs Jörg Jannings,1993,DRA,Actor / performer,Actor / performer: keyword evidence,portrait,portrait,Porträt,False
https://hoerspiele.dra.de/detailansicht/1381516,Sehr selten habe ich geweint,1993,DRA,Collective / community,Collective / community: keyword evidence,diary/letters,adaptation,Hörspielbearbeitung,False
https://hoerspiele.dra.de/detailansicht/1381590,Briefe an die Königin der Nacht,1993,DRA,Family / intimate life,Family / intimate life: keyword evidence,diary/letters,adaptation,"Hörspielbearbeitung, Kinderhörspiel",False
https://hoerspiele.dra.de/detailansicht/1381670,Der Hang zur Einsilbigkeit,1993,DRA,Ordinary / private person,Fallback: no named public role detected in available metadata,diary/letters,original radio play,Originalhörspiel,False
https://hoerspiele.dra.de/detailansicht/1381923,"Ich tippe nur, was ich im Kopf habe",1995,DRA,Ordinary / private person,Fallback: no named public role detected in available metadata,portrait,portrait,Porträt,False
https://hoerspiele.dra.de/detailansicht/1381820,Futschlinien (1. Teil: Der Reiseschriftsteller Richard Huelsenbeck),1995,DRA,Ordinary / private person,Fallback: no named public role detected in available metadata,biography; diary/letters,original radio play,Originalhörspiel,False
https://hoerspiele.dra.de/detailansicht/1381821,Futschlinien (2. Teil: Der Emigrant Richard Huelsenbeck),1995,DRA,Ordinary / private person,Fallback: no named public role detected in available metadata,biography; diary/letters,original radio play,Originalhörspiel,False
https://hoerspiele.dra.de/detailansicht/1384864,Das schlechteste Hörspiel der Welt oder Eine Biographie über Niemand,1995,DRA,Author / literary figure,Author / literary figure: keyword evidence,biography,original radio play,"Originalhörspiel, Monolog",False
https://hoerspiele.dra.de/detailansicht/1385344,Die innere Biografie des Robert Lax (3. Teil: Journals),1995,DRA,Ordinary / private person,Fallback: no named public role detected in available metadata,biography,essay,Essay,False
https://hoerspiele.dra.de/detailansicht/1385008,Im Ohrensaal,1995,DRA,Women's life,Women's life: keyword evidence,biography; autobiography,adaptation,Hörspielbearbeitung,False
https://hoerspiele.dra.de/detailansicht/1389829,Berlin - Ein akustisches Tagebuch,1996,DRA,Women's life; Author / literary figure; Collective / community,Women's life: keyword evidence | Author / literary figure: keyword evidence | Collective / community: keyword evidence,diary/letters,feature / documentary,"Feature, Originaltonhörspiel",False
https://hoerspiele.dra.de/detailansicht/1386162,Berlinisches Tagebuch,1996,DRA,Ordinary / private person,Fallback: no named public role detected in available metadata,diary/letters,sound art,Ars acustica,False
https://hoerspiele.dra.de/detailansicht/1385931,Erinnerungen an das Jahr Achtunddreißig,1996,DRA,Ordinary / private person,Fallback: no named public role detected in available metadata,memory/testimony,adaptation,Hörspielbearbeitung,False
https://hoerspiele.dra.de/detailansicht/1390079,Briefe an den Kaiser,1997,DRA,Musician / composer,Musician / composer: keyword evidence,diary/letters,original radio play,"Originalhörspiel, Monolog",False
https://hoerspiele.dra.de/detailansicht/1392442,Das Leben des Karl Valentin (3. Teil),1995,DRA,Actor / performer,Actor / performer: keyword evidence,biography,feature / documentary,Feature,False
https://hoerspiele.dra.de/detailansicht/1392441,Das Leben des Karl Valentin (2. Teil),1995,DRA,Family / intimate life,Family / intimate life: keyword evidence,biography,feature / documentary,Feature,False
https://hoerspiele.dra.de/detailansicht/1392444,Das Leben des Karl Valentin (5. Teil),1995,DRA,Ordinary / private person,Fallback: no named public role detected in available metadata,biography,feature / documentary,Feature,False
https://hoerspiele.dra.de/detailansicht/1392429,Das Leben des Karl Valentin (1. Teil),1995,DRA,Family / intimate life,Family / intimate life: keyword evidence,biography,feature / documentary,Feature,False
https://hoerspiele.dra.de/detailansicht/1392443,Das Leben des Karl Valentin (4. Teil),1995,DRA,Ordinary / private person,Fallback: no named public role detected in available metadata,biography,feature / documentary,Feature,False
https://hoerspiele.dra.de/detailansicht/1392445,Das Leben des Karl Valentin (6. Teil),1995,DRA,Family / intimate life,Family / intimate life: keyword evidence,biography,feature / documentary,Feature,False
https://hoerspiele.dra.de/detailansicht/1392446,Das Leben des Karl Valentin (7. Teil),1995,DRA,Author / literary figure; Family / intimate life,Author / literary figure: keyword evidence | Family / intimate life: keyword evidence,biography,feature / documentary,Feature,False
https://hoerspiele.dra.de/detailansicht/1392447,Das Leben des Karl Valentin (8. Teil),1995,DRA,Family / intimate life,Family / intimate life: keyword evidence,biography,feature / documentary,Feature,False
https://hoerspiele.dra.de/detailansicht/1392449,Das Leben des Karl Valentin (10. Teil),1995,DRA,Ordinary / private person,Fallback: no named public role detected in available metadata,biography,feature / documentary,Feature,False
https://hoerspiele.dra.de/detailansicht/1392448,Das Leben des Karl Valentin (9. Teil),1995,DRA,Ordinary / private person,Fallback: no named public role detected in available metadata,biography,feature / documentary,Feature,False
https://hoerspiele.dra.de/detailansicht/1392450,Das Leben des Karl Valentin (11. Teil),1995,DRA,Artist / visual artist,Artist / visual artist: keyword evidence,biography,feature / documentary,Feature,False
https://hoerspiele.dra.de/detailansicht/1392451,Das Leben des Karl Valentin (12. Teil),1995,DRA,Ordinary / private person,Fallback: no named public role detected in available metadata,biography,feature / documentary,Feature,False
https://hoerspiele.dra.de/detailansicht/1392452,Das Leben des Karl Valentin (13. Teil),1995,DRA,Ordinary / private person,Fallback: no named public role detected in available metadata,biography,feature / documentary,Feature,False
https://hoerspiele.dra.de/detailansicht/1392453,Das Leben des Karl Valentin (14. Teil),1995,DRA,Political / historical figure,Political / historical figure: keyword evidence,biography,feature / documentary,Feature,False
https://hoerspiele.dra.de/detailansicht/1393594,Aus dem Tagebuch eines Trinkers,1996,DRA,Ordinary / private person,Fallback: no named public role detected in available metadata,diary/letters; memory/testimony,adaptation,"Hörspielbearbeitung, Kurzhörspiel",False
https://hoerspiele.dra.de/detailansicht/1393596,Ihr Lieben viel zu weit Entfernten,1996,DRA,Family / intimate life,Family / intimate life: keyword evidence,diary/letters,adaptation,Hörspielbearbeitung,False
https://hoerspiele.dra.de/detailansicht/1394148,Leben sammeln. Die Tagebücher des Victor Klemperer (1918-1932) (2. Teil: Die Jahre 1920-1925),1997,DRA,Ordinary / private person,Fallback: no named public role detected in available metadata,diary/letters,adaptation,Hörspielbearbeitung,False
https://hoerspiele.dra.de/detailansicht/1394149,Leben sammeln. Die Tagebücher des Victor Klemperer (1918-1932) (3. Teil: Die Jahre 1926-1932),1997,DRA,Scholar / intellectual,Scholar / intellectual: keyword evidence,diary/letters,adaptation,Hörspielbearbeitung,False
https://hoerspiele.dra.de/detailansicht/1395063,"Anne Sexton - ""Ich bin wie ein lebender Stein...""",1998,DRA,Women's life; Author / literary figure,Women's life: keyword evidence | Author / literary figure: keyword evidence,portrait,adaptation,Hörspielbearbeitung,False
https://hoerspiele.dra.de/detailansicht/1398880,Die Jagd nach dem Täter (27. Folge: Briefe von fremder Hand),1958,DRA,Ordinary / private person,Fallback: no named public role detected in available metadata,diary/letters,original radio play,"Originalhörspiel, Kriminalhörspiel",False
https://hoerspiele.dra.de/detailansicht/1401599,Porträt einer Kongruenz,1969,DRA,Ordinary / private person,Fallback: no named public role detected in available metadata,portrait,other,Hörspiel,False
https://hoerspiele.dra.de/detailansicht/1403139,Briefe nach Luzern,1957,DRA,Actor / performer,Actor / performer: keyword evidence,diary/letters,adaptation,Hörspielbearbeitung,False
https://hoerspiele.dra.de/detailansicht/1403993,Der einzigartige Anonyme,1998,DRA,Musician / composer; Artist / visual artist,Musician / composer: keyword evidence | Artist / visual artist: keyword evidence,portrait,feature / documentary,Feature,False
https://hoerspiele.dra.de/detailansicht/1405456,Die Aspern-Briefe,1960,DRA,Ordinary / private person,Fallback: no named public role detected in available metadata,diary/letters,adaptation,Hörspielbearbeitung,False
https://hoerspiele.dra.de/detailansicht/1404357,Ladykiller. Versuch einer Würdigung,1998,DRA,Ordinary / private person,Fallback: no named public role detected in available metadata,memory/testimony,original radio play,Originalhörspiel,False
https://hoerspiele.dra.de/detailansicht/1412213,Mein Flug über den Ozean (1. Teil),1963,DRA,Family / intimate life,Family / intimate life: keyword evidence,biography; autobiography,adaptation,"Hörspielbearbeitung, Kinderhörspiel",False
https://hoerspiele.dra.de/detailansicht/1412214,Mein Flug über den Ozean (2. Teil),1963,DRA,Family / intimate life,Family / intimate life: keyword evidence,biography; autobiography,adaptation,"Hörspielbearbeitung, Kinderhörspiel",False
https://hoerspiele.dra.de/detailansicht/1412215,Mein Flug über den Ozean (3. Teil),1963,DRA,Family / intimate life,Family / intimate life: keyword evidence,biography; autobiography,adaptation,"Hörspielbearbeitung, Kinderhörspiel",False
https://hoerspiele.dra.de/detailansicht/1412216,Mein Flug über den Ozean (4. Teil),1963,DRA,Family / intimate life,Family / intimate life: keyword evidence,biography; autobiography,adaptation,"Hörspielbearbeitung, Kinderhörspiel",False
https://hoerspiele.dra.de/detailansicht/1412217,Mein Flug über den Ozean (5. Teil),1963,DRA,Women's life; Family / intimate life,Women's life: keyword evidence | Family / intimate life: keyword evidence,biography; autobiography,adaptation,"Hörspielbearbeitung, Kinderhörspiel",False
https://hoerspiele.dra.de/detailansicht/1412221,Mein Flug über den Ozean (6. Teil),1963,DRA,Family / intimate life,Family / intimate life: keyword evidence,biography; autobiography,adaptation,"Hörspielbearbeitung, Kinderhörspiel",False
https://hoerspiele.dra.de/detailansicht/1415190,Tagebuch,1963,DRA,Women's life; Actor / performer; Family / intimate life,Women's life: keyword evidence | Actor / performer: keyword evidence | Family / intimate life: keyword evidence,diary/letters,original radio play,Originalhörspiel,False
https://hoerspiele.dra.de/detailansicht/1415198,Berlin und Scherl,1963,DRA,Ordinary / private person,Fallback: no named public role detected in available metadata,portrait,other,Hörspiel,False
https://hoerspiele.dra.de/detailansicht/1415202,Tagebuch der Eva Heyman,1965,DRA,Ordinary / private person,Fallback: no named public role detected in available metadata,diary/letters,adaptation,Hörspielbearbeitung,False
https://hoerspiele.dra.de/detailansicht/1415239,Nun komm' ich als Richter,1965,DRA,Ordinary / private person,Fallback: no named public role detected in available metadata,memory/testimony,feature / documentary,"Originalhörspiel, Originaltonhörspiel",False
https://hoerspiele.dra.de/detailansicht/1417417,Zwischen allen Stühlen (2. Teil),1999,DRA,Ordinary / private person,Fallback: no named public role detected in available metadata,diary/letters,adaptation,Hörspielbearbeitung,False
https://hoerspiele.dra.de/detailansicht/1418105,Pension Spreewitz (Erinnerungen),1964,DRA,Ordinary / private person,Fallback: no named public role detected in available metadata,memory/testimony,other,Hörspiel,False
https://hoerspiele.dra.de/detailansicht/1417478,Goethe in Dachau,1999,DRA,Author / literary figure,Author / literary figure: keyword evidence,diary/letters,adaptation,Hörspielbearbeitung,False
https://hoerspiele.dra.de/detailansicht/1418159,Tagebuch eines sentimentalen Killers,1999,DRA,Ordinary / private person,Fallback: no named public role detected in available metadata,diary/letters,adaptation,Hörspielbearbeitung,False
https://hoerspiele.dra.de/detailansicht/1418153,Tagebuch eines Verführers,1965,DRA,Women's life; Musician / composer,Women's life: keyword evidence | Musician / composer: keyword evidence,diary/letters,other,Hörspiel,False
https://hoerspiele.dra.de/detailansicht/1423425,Kimmerlingers Abenteuer,1955,DRA,Women's life,Women's life: keyword evidence,memory/testimony,adaptation,Hörspielbearbeitung,False
https://hoerspiele.dra.de/detailansicht/1427146,Seine Rolle finden,2000,DRA,Actor / performer,Actor / performer: keyword evidence,portrait,feature / documentary,"Originalhörspiel, Dokumentarhörspiel",False
https://hoerspiele.dra.de/detailansicht/1427158,Tagebuch 1985-1989,2000,DRA,Women's life; Author / literary figure; Family / intimate life,Women's life: keyword evidence | Author / literary figure: keyword evidence | Family / intimate life: keyword evidence,diary/letters,adaptation,Hörspielbearbeitung,False
https://hoerspiele.dra.de/detailansicht/1427972,Briefwechsel mit einem Kollegen,1974,DRA,Author / literary figure; Political / historical figure,Author / literary figure: keyword evidence | Political / historical figure: keyword evidence,biography; autobiography; diary/letters,feature / documentary,"Originalhörspiel, Dokumentarhörspiel",False
https://hoerspiele.dra.de/detailansicht/1427974,Briefe für eine Landkarte,1969,DRA,Women's life; Family / intimate life,Women's life: keyword evidence | Family / intimate life: keyword evidence,diary/letters,other,Hörspiel,False
https://hoerspiele.dra.de/detailansicht/1428416,Wartheländisches Tagebuch,1974,DRA,Ordinary / private person,Fallback: no named public role detected in available metadata,diary/letters,adaptation,Hörspielbearbeitung,False
https://hoerspiele.dra.de/detailansicht/1429651,(schreibt auf. unsere haut.) - PROJEKT RAF,1999,DRA,Ordinary / private person,Fallback: no named public role detected in available metadata,diary/letters,adaptation,Hörspielbearbeitung,False
https://hoerspiele.dra.de/detailansicht/1430360,Stille Bilder kann ich nicht malen,2000,DRA,Artist / visual artist,Artist / visual artist: keyword evidence,portrait,feature / documentary,Feature,False
https://hoerspiele.dra.de/detailansicht/1430397,Der Todestrieb,1999,DRA,Ordinary / private person,Fallback: no named public role detected in available metadata,biography; autobiography,adaptation,Hörspielbearbeitung,False
https://hoerspiele.dra.de/detailansicht/1430815,"Wer hören will, wird fühlen",2000,DRA,Ordinary / private person,Fallback: no named public role detected in available metadata,portrait,portrait,"Porträt, Essay",False
https://hoerspiele.dra.de/detailansicht/1432185,Ich spreche als Mensch,2000,DRA,Women's life; Author / literary figure; Family / intimate life,Women's life: keyword evidence | Author / literary figure: keyword evidence | Family / intimate life: keyword evidence,portrait,feature / documentary,"Porträt, Originalhörspiel, Dokumentarhörspiel",False
https://hoerspiele.dra.de/detailansicht/1431093,Ich bin so gierig nach Leben,2001,DRA,Ordinary / private person,Fallback: no named public role detected in available metadata,diary/letters,adaptation,Hörspielbearbeitung,False
https://hoerspiele.dra.de/detailansicht/1432481,Worpsweder Tagebuch,1979,DRA,Author / literary figure; Family / intimate life; Collective / community,Author / literary figure: keyword evidence | Family / intimate life: keyword evidence | Collective / community: keyword evidence,diary/letters,other,Hörspiel,False
https://hoerspiele.dra.de/detailansicht/1433537,Tagebuch/Diario,1999,DRA,Musician / composer,Musician / composer: keyword evidence,diary/letters; memory/testimony,sound art,Ars acustica,False
https://hoerspiele.dra.de/detailansicht/1433539,Edgar Varèse,1999,DRA,Artist / visual artist,Artist / visual artist: keyword evidence,portrait,feature / documentary,Feature,False
https://hoerspiele.dra.de/detailansicht/1434071,Teresas Tagebuch,2000,DRA,Family / intimate life,Family / intimate life: keyword evidence,diary/letters,original radio play,"Originalhörspiel, Kinderhörspiel",False
https://hoerspiele.dra.de/detailansicht/1434175,Peter Zwetkoff - Porträt des Komponisten als Hörspielmacher,2000,DRA,Women's life; Musician / composer; Family / intimate life,Women's life: keyword evidence | Musician / composer: keyword evidence | Family / intimate life: keyword evidence,portrait,portrait,Porträt,False
https://hoerspiele.dra.de/detailansicht/1435644,Eismitte,2000,DRA,Musician / composer,Musician / composer: keyword evidence,diary/letters,sound art,Ars acustica,False
https://hoerspiele.dra.de/detailansicht/1436245,Blitzlichter (2. Teil: Souveränität der Lächerlichkeit),2002,DRA,Ordinary / private person,Fallback: no named public role detected in available metadata,biography; autobiography,adaptation,Hörspielbearbeitung,False
https://hoerspiele.dra.de/detailansicht/1436056,Auf der Suche nach dem Klanng - Atanasio Khyrsh und die Musik der Zukunft,2001,DRA,Musician / composer,Musician / composer: keyword evidence,portrait; biography; autobiography,portrait,"Porträt, Originalhörspiel",False
https://hoerspiele.dra.de/detailansicht/1436678,Zur Zeit - live,2001,DRA,Ordinary / private person,Fallback: no named public role detected in available metadata,biography; autobiography,sound art,Ars acustica,False
https://hoerspiele.dra.de/detailansicht/1436732,"""Leuchtkugeln aus Blut"" - Ein Thomas Harlan Porträt",2001,DRA,Author / literary figure,Author / literary figure: keyword evidence,portrait,portrait,Porträt,False
https://hoerspiele.dra.de/detailansicht/1436832,Koljas Briefe,2002,DRA,Women's life; Family / intimate life,Women's life: keyword evidence | Family / intimate life: keyword evidence,diary/letters,original radio play,"Originalhörspiel, Monolog",False
https://hoerspiele.dra.de/detailansicht/1436805,Ich bin einsam wie ...,2001,DRA,Ordinary / private person,Fallback: no named public role detected in available metadata,diary/letters,original radio play,Originalhörspiel,False
https://hoerspiele.dra.de/detailansicht/1437211,Blitzlichter (3. Teil: Augenblicke von Entschluss und Untergang),2002,DRA,Ordinary / private person,Fallback: no named public role detected in available metadata,biography; autobiography,adaptation,Hörspielbearbeitung,False
https://hoerspiele.dra.de/detailansicht/1437210,Blitzlichter (1. Teil: Film und Verhängnis),2002,DRA,Ordinary / private person,Fallback: no named public role detected in available metadata,biography; autobiography,adaptation,Hörspielbearbeitung,False
https://hoerspiele.dra.de/detailansicht/1437212,Blitzlichter (4. Teil: Entwurf einer Zukunft),2002,DRA,Ordinary / private person,Fallback: no named public role detected in available metadata,biography; autobiography,adaptation,Hörspielbearbeitung,False
https://hoerspiele.dra.de/detailansicht/1437213,Blitzlichter (5. Teil: Journal des Verschwindens),2002,DRA,Ordinary / private person,Fallback: no named public role detected in available metadata,biography; autobiography,adaptation,Hörspielbearbeitung,False
https://hoerspiele.dra.de/detailansicht/1437296,"Melville, der Rätselhafte",2002,DRA,Author / literary figure,Author / literary figure: keyword evidence,portrait; diary/letters,portrait,"Porträt, Originalhörspiel",False
https://hoerspiele.dra.de/detailansicht/1437268,The making of Roaratorio,2002,DRA,Musician / composer; Artist / visual artist,Musician / composer: keyword evidence | Artist / visual artist: keyword evidence,portrait; memory/testimony,portrait,Porträt,False
https://hoerspiele.dra.de/detailansicht/1437351,Tagebuch eines sentimentalen Killers,2002,DRA,Ordinary / private person,Fallback: no named public role detected in available metadata,diary/letters,adaptation,"Hörspielbearbeitung, Kriminalhörspiel",False
https://hoerspiele.dra.de/detailansicht/1437384,Nie wieder! (3. Teil: Briefe an Barbara),2002,DRA,Women's life; Family / intimate life,Women's life: keyword evidence | Family / intimate life: keyword evidence,diary/letters,adaptation,"Hörspielbearbeitung, Kinderhörspiel",False
https://hoerspiele.dra.de/detailansicht/1438374,Memorial,1956,DRA,Political / historical figure,Political / historical figure: keyword evidence,biography; autobiography; memory/testimony,adaptation,Hörspielbearbeitung,False
https://hoerspiele.dra.de/detailansicht/1440546,Ein Jahr mit Thomas Bernhard (2. Teil: Wegen 2 Minuten kann nicht gespielt werden),2002,DRA,Ordinary / private person,Fallback: no named public role detected in available metadata,diary/letters,adaptation,Hörspielbearbeitung,False
https://hoerspiele.dra.de/detailansicht/1441137,"Zur Zeit - live, revisited",2003,DRA,Ordinary / private person,Fallback: no named public role detected in available metadata,biography; autobiography,sound art,Ars acustica,False
https://hoerspiele.dra.de/detailansicht/1441250,Heim-Suchungen,1971,DRA,Women's life,Women's life: keyword evidence,portrait,other,Hörspiel,False
https://hoerspiele.dra.de/detailansicht/1441212,Ein Porträt des plattdeutschen Autors Christian Holsten,1976,DRA,Author / literary figure,Author / literary figure: keyword evidence,portrait,other,Mundarthörspiel,False
https://hoerspiele.dra.de/detailansicht/1441789,Fortsetzung einer Biographie,1978,DRA,Women's life; Author / literary figure; Family / intimate life,Women's life: keyword evidence | Author / literary figure: keyword evidence | Family / intimate life: keyword evidence,biography,original radio play,Originalhörspiel,False
https://hoerspiele.dra.de/detailansicht/1441334,Deiner fernen Wüste Trauer,2003,DRA,Ordinary / private person,Fallback: no named public role detected in available metadata,memory/testimony,adaptation,Hörspielbearbeitung,False
https://hoerspiele.dra.de/detailansicht/1442954,Ein weiter Weg (Teil 1: Aller Anfang ist Maloche),1969,DRA,Women's life; Political / historical figure; Family / intimate life,Women's life: keyword evidence | Political / historical figure: keyword evidence | Family / intimate life: keyword evidence,biography; autobiography,adaptation,Hörspielbearbeitung,False
https://hoerspiele.dra.de/detailansicht/1442955,Ein weiter Weg (Teil 2: Heimfahrt ins gelobte Land),1969,DRA,Women's life; Political / historical figure; Family / intimate life,Women's life: keyword evidence | Political / historical figure: keyword evidence | Family / intimate life: keyword evidence,biography; autobiography,adaptation,Hörspielbearbeitung,False
https://hoerspiele.dra.de/detailansicht/1442956,Ein weiter Weg (Teil 3: Das Jahr 1923),1969,DRA,Women's life; Political / historical figure; Family / intimate life,Women's life: keyword evidence | Political / historical figure: keyword evidence | Family / intimate life: keyword evidence,biography; autobiography,adaptation,Hörspielbearbeitung,False
https://hoerspiele.dra.de/detailansicht/1442957,Ein weiter Weg (Teil 4: Schlesisches Zwischenspiel),1969,DRA,Women's life; Political / historical figure,Women's life: keyword evidence | Political / historical figure: keyword evidence,biography; autobiography,adaptation,Hörspielbearbeitung,False
https://hoerspiele.dra.de/detailansicht/1442958,Ein weiter Weg (Teil 5: Wetterleuchten),1969,DRA,Political / historical figure,Political / historical figure: keyword evidence,biography; autobiography,adaptation,Hörspielbearbeitung,False
https://hoerspiele.dra.de/detailansicht/1442959,Ein weiter Weg (Teil 6: Und wenn es tausend Jahre wären),1969,DRA,Women's life; Political / historical figure,Women's life: keyword evidence | Political / historical figure: keyword evidence,biography; autobiography,adaptation,Hörspielbearbeitung,False
https://hoerspiele.dra.de/detailansicht/1442960,Ein weiter Weg (Teil 7: Die lange Nacht),1969,DRA,Political / historical figure,Political / historical figure: keyword evidence,biography; autobiography,adaptation,Hörspielbearbeitung,False
https://hoerspiele.dra.de/detailansicht/1442961,Ein weiter Weg (Teil 8: Ankunft in der Stunde Null),1969,DRA,Political / historical figure,Political / historical figure: keyword evidence,biography; autobiography,adaptation,Hörspielbearbeitung,False
https://hoerspiele.dra.de/detailansicht/1443138,Zwei Briefe an Pospischiel (Teil 2: Der zweite Brief),1972,DRA,Political / historical figure,Political / historical figure: keyword evidence,diary/letters,adaptation,Hörspielbearbeitung,False
https://hoerspiele.dra.de/detailansicht/1443137,Zwei Briefe an Pospischiel (Teil 1: Der erste Brief),1972,DRA,Political / historical figure,Political / historical figure: keyword evidence,diary/letters,adaptation,Hörspielbearbeitung,False
https://hoerspiele.dra.de/detailansicht/1443189,Biographie einer Landschaft,1973,DRA,Women's life; Political / historical figure,Women's life: keyword evidence | Political / historical figure: keyword evidence,biography,original radio play,Originalhörspiel,False
https://hoerspiele.dra.de/detailansicht/1443207,Erwachen in Mississippi,1973,DRA,Political / historical figure; Family / intimate life,Political / historical figure: keyword evidence | Family / intimate life: keyword evidence,biography; autobiography,adaptation,"Hörspielbearbeitung, Monolog",False
https://hoerspiele.dra.de/detailansicht/1443224,Briefe in die Ferne,1973,DRA,Political / historical figure; Collective / community,Political / historical figure: keyword evidence | Collective / community: keyword evidence,diary/letters,original radio play,"Originalhörspiel, Kurzhörspiel",False
https://hoerspiele.dra.de/detailansicht/1443211,Die letzte Seite im Tagebuch,1973,DRA,Women's life; Political / historical figure; Family / intimate life,Women's life: keyword evidence | Political / historical figure: keyword evidence | Family / intimate life: keyword evidence,diary/letters,original radio play,Originalhörspiel,False
https://hoerspiele.dra.de/detailansicht/1443355,Briefe an Anne,1975,DRA,Political / historical figure,Political / historical figure: keyword evidence,diary/letters,original radio play,"Originalhörspiel, Kurzhörspiel",False
https://hoerspiele.dra.de/detailansicht/1443344,Briefe aus New York,1974,DRA,Political / historical figure,Political / historical figure: keyword evidence,diary/letters,original radio play,Originalhörspiel,False
https://hoerspiele.dra.de/detailansicht/1443399,Das Tagebuch der Eva Forest,1975,DRA,Political / historical figure,Political / historical figure: keyword evidence,diary/letters,adaptation,Hörspielbearbeitung,False
https://hoerspiele.dra.de/detailansicht/1443441,"Jürgen Gundlach, Produktionsdirektor der LPG Kotelow",1976,DRA,Author / literary figure; Political / historical figure,Author / literary figure: keyword evidence | Political / historical figure: keyword evidence,portrait,original radio play,"Originalhörspiel, Kurzhörspiel",False
https://hoerspiele.dra.de/detailansicht/1443482,Erinnerungen an Rüdiger Kremer,2002,DRA,Author / literary figure,Author / literary figure: keyword evidence,portrait; memory/testimony,portrait,Porträt,False
https://hoerspiele.dra.de/detailansicht/1443438,"Gertrud Westphal, Dreherin im VEB Büromaschinenwerk Sömmerda",1976,DRA,Political / historical figure,Political / historical figure: keyword evidence,portrait,original radio play,"Originalhörspiel, Kurzhörspiel",False
https://hoerspiele.dra.de/detailansicht/1443439,"Willi Stachelhaus, Brigadier im VEB Kranbau Eberswalde",1976,DRA,Political / historical figure,Political / historical figure: keyword evidence,portrait,original radio play,"Originalhörspiel, Kurzhörspiel",False
https://hoerspiele.dra.de/detailansicht/1443485,Der Fliegerpfeil,2002,DRA,Ordinary / private person,Fallback: no named public role detected in available metadata,diary/letters,adaptation,Hörspielbearbeitung,False
https://hoerspiele.dra.de/detailansicht/1443955,Ryôan-Ji oder Die Gärten der Leere / Just to rolywholyover,2002,DRA,Author / literary figure; Musician / composer,Author / literary figure: keyword evidence | Musician / composer: keyword evidence,memory/testimony,sound art,Ars acustica,False
https://hoerspiele.dra.de/detailansicht/1443954,Mushroom Talk,2002,DRA,Artist / visual artist,Artist / visual artist: keyword evidence,portrait; memory/testimony,portrait,"Gespräch, Porträt",False
https://hoerspiele.dra.de/detailansicht/1444158,Erinnerungen,1980,DRA,Ordinary / private person,Fallback: no named public role detected in available metadata,memory/testimony,other,Kurzhörspiel,False
https://hoerspiele.dra.de/detailansicht/1444026,Wie eine Staubwolke von Noten,1975,DRA,Author / literary figure,Author / literary figure: keyword evidence,portrait,original radio play,Originalhörspiel,False
https://hoerspiele.dra.de/detailansicht/1444843,Das Handwerk des Lebens (1. Teil: 1935-1939),2003,DRA,Musician / composer,Musician / composer: keyword evidence,biography; diary/letters,adaptation,Hörspielbearbeitung,False
https://hoerspiele.dra.de/detailansicht/1444869,Blitzlichter (Langfassung),2002,DRA,Ordinary / private person,Fallback: no named public role detected in available metadata,biography; autobiography,adaptation,Hörspielbearbeitung,False
https://hoerspiele.dra.de/detailansicht/1444844,Das Handwerk des Lebens (2. Teil: 1939-1950),2003,DRA,Musician / composer,Musician / composer: keyword evidence,biography; diary/letters,adaptation,Hörspielbearbeitung,False
https://hoerspiele.dra.de/detailansicht/1445045,Blagomir Alexiev - Ein Porträt,2002,DRA,Author / literary figure; Musician / composer,Author / literary figure: keyword evidence | Musician / composer: keyword evidence,portrait,portrait,Porträt,False
https://hoerspiele.dra.de/detailansicht/1445261,Porträt einer verfilmten Landschaft,1977,DRA,Women's life; Author / literary figure,Women's life: keyword evidence | Author / literary figure: keyword evidence,portrait,original radio play,Originalhörspiel,False
https://hoerspiele.dra.de/detailansicht/1445980,Verurteilt oder Christa Palms Briefe in den Knast,1976,DRA,Women's life,Women's life: keyword evidence,diary/letters,feature / documentary,"Originalhörspiel, Dokumentarhörspiel",False
https://hoerspiele.dra.de/detailansicht/1446234,Exakte Vision. Helen Hessels Jules und Jim,2004,DRA,Musician / composer,Musician / composer: keyword evidence,diary/letters,adaptation,Hörspielbearbeitung,False
https://hoerspiele.dra.de/detailansicht/1446549,Le Rêveur Au Sourire Passager,2003,DRA,Musician / composer,Musician / composer: keyword evidence,portrait,sound art,Ars acustica,False
https://hoerspiele.dra.de/detailansicht/1446756,Schlußball (1. Teil: Erinnerungen aus Neu-Spuhl),1960,DRA,Ordinary / private person,Fallback: no named public role detected in available metadata,memory/testimony,adaptation,Hörspielbearbeitung,False
https://hoerspiele.dra.de/detailansicht/1446878,48 PS. Zur Biographie der Autos,1976,DRA,Ordinary / private person,Fallback: no named public role detected in available metadata,biography,other,Hörspiel,False
https://hoerspiele.dra.de/detailansicht/1446910,The Retreat Diaries - Tagebuch eines Rückzugs,2003,DRA,Ordinary / private person,Fallback: no named public role detected in available metadata,diary/letters,adaptation,Hörspielbearbeitung,False
https://hoerspiele.dra.de/detailansicht/1446943,Fanny,2003,DRA,Actor / performer; Family / intimate life,Actor / performer: keyword evidence | Family / intimate life: keyword evidence,portrait,adaptation,"Hörspielbearbeitung, Mundarthörspiel",False
https://hoerspiele.dra.de/detailansicht/1446946,"Im Zug der Zeit oder Wo geht's lang, Genosse Stalin? (2. Teil: Von Moskau in den Krieg)",2003,DRA,Political / historical figure,Political / historical figure: keyword evidence,diary/letters,adaptation,Hörspielbearbeitung,False
https://hoerspiele.dra.de/detailansicht/1447208,Außer Briefe schreiben kann man hier nichts,1978,DRA,Women's life; Musician / composer; Family / intimate life,Women's life: keyword evidence | Musician / composer: keyword evidence | Family / intimate life: keyword evidence,diary/letters,original radio play,Originalhörspiel,False
https://hoerspiele.dra.de/detailansicht/1447246,Trem Pàssaro,2003,DRA,Women's life; Musician / composer,Women's life: keyword evidence | Musician / composer: keyword evidence,portrait,portrait,Porträt,False
https://hoerspiele.dra.de/detailansicht/1447238,Das einzig Sichere ist das Wagnis,2003,DRA,Ordinary / private person,Fallback: no named public role detected in available metadata,portrait; biography,portrait,Porträt,False
https://hoerspiele.dra.de/detailansicht/1447271,Reden in der Dämmerung,1985,DRA,Political / historical figure; Family / intimate life,Political / historical figure: keyword evidence | Family / intimate life: keyword evidence,memory/testimony,original radio play,Originalhörspiel,False
https://hoerspiele.dra.de/detailansicht/1447446,"Hilde Duwe, Arbeiterin im VEB Alwo in Brandenburg",1976,DRA,Women's life; Political / historical figure; Collective / community,Women's life: keyword evidence | Political / historical figure: keyword evidence | Collective / community: keyword evidence,portrait,original radio play,"Originalhörspiel, Kurzhörspiel",False
https://hoerspiele.dra.de/detailansicht/1447582,Der Vortrag,1978,DRA,Women's life; Political / historical figure; Family / intimate life,Women's life: keyword evidence | Political / historical figure: keyword evidence | Family / intimate life: keyword evidence,diary/letters,original radio play,"Originalhörspiel, Kurzhörspiel",False
https://hoerspiele.dra.de/detailansicht/1447448,"Irene Richter, Schichtmeister im VEB Kunstseidenwerk ""Siegfried Rädel"" in Pirna",1976,DRA,Women's life; Artist / visual artist; Political / historical figure; Family / intimate life,Women's life: keyword evidence | Artist / visual artist: keyword evidence | Political / historical figure: keyword evidence | Family / intimate life: keyword evidence,portrait,original radio play,"Originalhörspiel, Kurzhörspiel",False
https://hoerspiele.dra.de/detailansicht/1447447,"Siegfried Pilling, Meister im Fritz-Heckert-Werk in Karl-Marx-Stadt",1976,DRA,Political / historical figure; Collective / community,Political / historical figure: keyword evidence | Collective / community: keyword evidence,portrait,original radio play,"Originalhörspiel, Kurzhörspiel",False
https://hoerspiele.dra.de/detailansicht/1447450,Keine Irrfahrt für Odysseus oder Erinnerungen eines gewissen Kautz,1976,DRA,Political / historical figure,Political / historical figure: keyword evidence,memory/testimony,original radio play,Originalhörspiel,False
https://hoerspiele.dra.de/detailansicht/1447451,"Lieselotte Kullmann, Textilarbeiterin im VEB Buntgarnwerke Leipzig-Markleeberg",1976,DRA,Political / historical figure,Political / historical figure: keyword evidence,portrait,original radio play,"Originalhörspiel, Kurzhörspiel",False
https://hoerspiele.dra.de/detailansicht/1447662,Dero ergebenster Lessing,1979,DRA,Political / historical figure,Political / historical figure: keyword evidence,diary/letters,feature / documentary,Feature,False
https://hoerspiele.dra.de/detailansicht/1447613,Alles Humbug,1978,DRA,Political / historical figure,Political / historical figure: keyword evidence,biography; autobiography; life story,adaptation,Hörspielbearbeitung,False
https://hoerspiele.dra.de/detailansicht/1447948,Rudi ist tot,1983,DRA,Political / historical figure,Political / historical figure: keyword evidence,portrait; memory/testimony,feature / documentary,"Feature, Originaltonfeature",False
https://hoerspiele.dra.de/detailansicht/1447707,Und morgen geht's weiter,1979,DRA,Political / historical figure; Family / intimate life,Political / historical figure: keyword evidence | Family / intimate life: keyword evidence,portrait,feature / documentary,"Feature, Originaltonfeature",False
https://hoerspiele.dra.de/detailansicht/1448012,"Damals, als ich heimkam",1984,DRA,Women's life; Political / historical figure; Family / intimate life,Women's life: keyword evidence | Political / historical figure: keyword evidence | Family / intimate life: keyword evidence,memory/testimony,original radio play,Originalhörspiel,False
https://hoerspiele.dra.de/detailansicht/1448573,Der letzte Penny,1969,DRA,Author / literary figure; Family / intimate life,Author / literary figure: keyword evidence | Family / intimate life: keyword evidence,implicit,other,Hörspiel,False
https://hoerspiele.dra.de/detailansicht/1448675,"""Sehr verehrter Heinz Rühmann ...""",2002,DRA,Ordinary / private person,Fallback: no named public role detected in available metadata,portrait; diary/letters,portrait,"Hörspielbearbeitung, Kurzhörspiel, Porträt",False
https://hoerspiele.dra.de/detailansicht/1448805,Das türkische Rezept oder Leichenschmaus mit Erinnerungen (mit Musikwalzer),1978,DRA,Women's life; Musician / composer,Women's life: keyword evidence | Musician / composer: keyword evidence,memory/testimony,original radio play,Originalhörspiel,False
https://hoerspiele.dra.de/detailansicht/1448840,Tagebuch einer Anpassung,1975,DRA,Women's life; Family / intimate life,Women's life: keyword evidence | Family / intimate life: keyword evidence,diary/letters,original radio play,Originalhörspiel,False
https://hoerspiele.dra.de/detailansicht/1448839,Das Tagebuch des Benjamin Gniebel,1963,DRA,Women's life; Author / literary figure; Family / intimate life,Women's life: keyword evidence | Author / literary figure: keyword evidence | Family / intimate life: keyword evidence,diary/letters,other,Hörspiel,False
https://hoerspiele.dra.de/detailansicht/1448841,"Tagebuch einer Liebe oder Jetzt erzählen wir uns eine Geschichte, in der jetzt immerzu jetzt bleibt",1978,DRA,Family / intimate life,Family / intimate life: keyword evidence,diary/letters,other,Hörspiel,False
https://hoerspiele.dra.de/detailansicht/1449067,Die Erinnerungen von Ludolf Ursleu dem Jüngeren (1. Teil),1979,DRA,Women's life; Family / intimate life,Women's life: keyword evidence | Family / intimate life: keyword evidence,memory/testimony,adaptation,Hörspielbearbeitung,False
https://hoerspiele.dra.de/detailansicht/1449069,Die Erinnerungen von Ludolf Ursleu dem Jüngeren (2. Teil),1979,DRA,Women's life; Family / intimate life,Women's life: keyword evidence | Family / intimate life: keyword evidence,memory/testimony,adaptation,Hörspielbearbeitung,False
https://hoerspiele.dra.de/detailansicht/1449433,Sympathetic Streams,2003,DRA,Musician / composer; Artist / visual artist,Musician / composer: keyword evidence | Artist / visual artist: keyword evidence,portrait,sound art,Ars acustica,False
https://hoerspiele.dra.de/detailansicht/1449453,Die Mimen kommen,2003,DRA,Actor / performer,Actor / performer: keyword evidence,diary/letters,original radio play,"Originalhörspiel, Kurzhörspiel",False
https://hoerspiele.dra.de/detailansicht/1450550,Ediths Tagebuch,1990,DRA,Political / historical figure; Family / intimate life,Political / historical figure: keyword evidence | Family / intimate life: keyword evidence,diary/letters,adaptation,Hörspielbearbeitung,False
https://hoerspiele.dra.de/detailansicht/1450729,...und Respekt vor zu Erziehenden,1973,DRA,Political / historical figure; Family / intimate life; Collective / community,Political / historical figure: keyword evidence | Family / intimate life: keyword evidence | Collective / community: keyword evidence,diary/letters,other,Gespräch,False
https://hoerspiele.dra.de/detailansicht/1462397,Zum 50. Geburtstag des rheinischen Hörspiels,1977,DRA,Ordinary / private person,Fallback: no named public role detected in available metadata,memory/testimony,other,Mundarthörspiel,False
https://hoerspiele.dra.de/detailansicht/1458120,Früher - das ist heute noch,1979,DRA,Women's life; Collective / community,Women's life: keyword evidence | Collective / community: keyword evidence,memory/testimony,feature / documentary,Originaltonhörspiel,False
https://hoerspiele.dra.de/detailansicht/1466628,Gerhard Rühm,1976,DRA,Ordinary / private person,Fallback: no named public role detected in available metadata,portrait,other,Hörspiel,False
https://hoerspiele.dra.de/detailansicht/1466033,Die Sinnlichkeit der Mikrokosmen,2004,DRA,Ordinary / private person,Fallback: no named public role detected in available metadata,portrait; diary/letters,portrait,Porträt,False
https://hoerspiele.dra.de/detailansicht/1466641,Mauricio Kagel,1977,DRA,Musician / composer,Musician / composer: keyword evidence,portrait,other,Hörspiel,False
https://hoerspiele.dra.de/detailansicht/1466804,"""Ich schreibe für mich und Fremde""",2004,DRA,Ordinary / private person,Fallback: no named public role detected in available metadata,portrait,portrait,Porträt,False
https://hoerspiele.dra.de/detailansicht/1470878,Schürflizenz für ins Grab mitgenommene Geheimnisse,2004,DRA,Family / intimate life,Family / intimate life: keyword evidence,biography; autobiography,feature / documentary,Feature,False
https://hoerspiele.dra.de/detailansicht/1470897,Strahlungen,2004,DRA,Musician / composer,Musician / composer: keyword evidence,diary/letters,adaptation,Hörspielbearbeitung,False
https://hoerspiele.dra.de/detailansicht/1472057,Dschaudars Abenteuer,1954,DRA,Women's life; Family / intimate life,Women's life: keyword evidence | Family / intimate life: keyword evidence,biography; autobiography,adaptation,Hörspielbearbeitung,False
https://hoerspiele.dra.de/detailansicht/1475970,"Eine Bank und drei Stühle, eine Gestalt in Schwarz mit gelbem Hut und im Vordergrund eine schwarze Katze. Der Himmel blassgrün.",2004,DRA,Artist / visual artist; Family / intimate life,Artist / visual artist: keyword evidence | Family / intimate life: keyword evidence,diary/letters,other,Lesung,False
https://hoerspiele.dra.de/detailansicht/1478889,"Pleiten, Pech und Pflaumbaum (1. Teil: Das Dübelübel)",2005,DRA,Women's life; Family / intimate life,Women's life: keyword evidence | Family / intimate life: keyword evidence,implicit,original radio play,Originalhörspiel,False
https://hoerspiele.dra.de/detailansicht/1478890,"Pleiten, Pech und Pflaumbaum (2. Teil: Der Wortschatzsucher)",2005,DRA,Women's life; Family / intimate life,Women's life: keyword evidence | Family / intimate life: keyword evidence,implicit,original radio play,Originalhörspiel,False
https://hoerspiele.dra.de/detailansicht/1478891,"Pleiten, Pech und Pflaumbaum (3. Teil: Der geheime Hund)",2005,DRA,Women's life; Family / intimate life,Women's life: keyword evidence | Family / intimate life: keyword evidence,implicit,original radio play,Originalhörspiel,False
https://hoerspiele.dra.de/detailansicht/1478893,"Pleiten, Pech und Pflaumbaum (5. Teil: Das chinesische Weihnachtsfest)",2005,DRA,Unclear / needs review,Unclear: implicit life-writing signal only,implicit,original radio play,Originalhörspiel,False
https://hoerspiele.dra.de/detailansicht/1479014,"""Es geht nicht darum, sich kennenzulernen, sondern sein Leben zu ändern.""",2005,DRA,Women's life; Author / literary figure; Scholar / intellectual,Women's life: keyword evidence | Author / literary figure: keyword evidence | Scholar / intellectual: keyword evidence,portrait,feature / documentary,"Feature, Porträt",False
https://hoerspiele.dra.de/detailansicht/1479675,Tagebuch eines Landlebens oder Kein Mord in der Leiblstraße,1980,DRA,Women's life; Author / literary figure; Family / intimate life; Collective / community,Women's life: keyword evidence | Author / literary figure: keyword evidence | Family / intimate life: keyword evidence | Collective / community: keyword evidence,diary/letters,other,Hörspiel,False
https://hoerspiele.dra.de/detailansicht/1479791,Chemie der Erinnerungen,1976,DRA,Women's life,Women's life: keyword evidence,memory/testimony,other,Science Fiction-Hörspiel,False
https://hoerspiele.dra.de/detailansicht/1480619,Bellas Briefe,2004,DRA,Family / intimate life,Family / intimate life: keyword evidence,diary/letters,original radio play,"Originalhörspiel, Kinderhörspiel",False
https://hoerspiele.dra.de/detailansicht/1479751,Anonyme Briefe,1969,DRA,Ordinary / private person,Fallback: no named public role detected in available metadata,diary/letters,adaptation,"Hörspielbearbeitung, Kriminalhörspiel",False
https://hoerspiele.dra.de/detailansicht/1480757,Böses Spielzeug. Meira Ashers Warnungen vor der Realität,2004,DRA,Women's life; Musician / composer; Artist / visual artist; Political / historical figure; Family / intimate life,Women's life: keyword evidence | Musician / composer: keyword evidence | Artist / visual artist: keyword evidence | Political / historical figure: keyword evidence | Family / intimate life: keyword evidence,portrait,sound art,Ars acustica,False
https://hoerspiele.dra.de/detailansicht/1503127,Briefe an Georges,2006,DRA,Family / intimate life,Family / intimate life: keyword evidence,diary/letters,adaptation,Hörspielbearbeitung,False
https://hoerspiele.dra.de/detailansicht/1503154,Aus den Briefen von Paul Cézanne und Emile Bernard sowie aus den Briefen von Rainer Maria Rilke und Clara Westhoff,2006,DRA,Ordinary / private person,Fallback: no named public role detected in available metadata,diary/letters,other,Lesung,False
https://hoerspiele.dra.de/detailansicht/1481393,Rot ist mein Name (2. Teil: Das Porträt),2005,DRA,Ordinary / private person,Fallback: no named public role detected in available metadata,portrait,adaptation,"Hörspielbearbeitung, Kriminalhörspiel",False
https://hoerspiele.dra.de/detailansicht/1516597,Robert Schell - Porträt eines Arbeiters (2. Teil),1969,DRA,Political / historical figure; Family / intimate life; Collective / community,Political / historical figure: keyword evidence | Family / intimate life: keyword evidence | Collective / community: keyword evidence,portrait,adaptation,"Hörspielbearbeitung, Kinderhörspiel",False
https://hoerspiele.dra.de/detailansicht/1503925,Ein Tagebuch wird verbrannt,1988,DRA,Political / historical figure; Family / intimate life,Political / historical figure: keyword evidence | Family / intimate life: keyword evidence,diary/letters,original radio play,"Originalhörspiel, Kinderhörspiel",False
https://hoerspiele.dra.de/detailansicht/1516598,Robert Schell - Porträt eines Arbeiters(3),1969,DRA,Political / historical figure; Family / intimate life; Collective / community,Political / historical figure: keyword evidence | Family / intimate life: keyword evidence | Collective / community: keyword evidence,portrait,adaptation,"Hörspielbearbeitung, Kinderhörspiel",False
https://hoerspiele.dra.de/detailansicht/1516596,Robert Schell - Porträt eines Arbeiters (1. Teil),1969,DRA,Political / historical figure; Family / intimate life; Collective / community,Political / historical figure: keyword evidence | Family / intimate life: keyword evidence | Collective / community: keyword evidence,portrait,adaptation,"Hörspielbearbeitung, Kinderhörspiel",False
https://hoerspiele.dra.de/detailansicht/1516600,Robert Schell - Porträt eines Arbeiters (4. Teil),1969,DRA,Political / historical figure; Family / intimate life; Collective / community,Political / historical figure: keyword evidence | Family / intimate life: keyword evidence | Collective / community: keyword evidence,portrait,adaptation,"Hörspielbearbeitung, Kinderhörspiel",False
https://hoerspiele.dra.de/detailansicht/1516634,Tagebuchblätter aus Hanoi: Aus dem Tagebuch der stellvertretenden Oberkommandierenden der Befreiungsarmee Südvietnams - Gujen Ti Din - einer bekannten Heerführerin des vietnamesischen Volkes,1969,DRA,Political / historical figure,Political / historical figure: keyword evidence,diary/letters,other,Lesung,False
https://hoerspiele.dra.de/detailansicht/1516870,Ohne Datum,2006,DRA,Actor / performer,Actor / performer: keyword evidence,biography,adaptation,"Hörspielbearbeitung, Monolog",False
https://hoerspiele.dra.de/detailansicht/1516638,Robert Schell - Porträt eines Arbeiters (5. Teil),1969,DRA,Political / historical figure; Family / intimate life; Collective / community,Political / historical figure: keyword evidence | Family / intimate life: keyword evidence | Collective / community: keyword evidence,portrait,adaptation,"Hörspielbearbeitung, Kinderhörspiel",False
https://hoerspiele.dra.de/detailansicht/1516635,"Tagebuchblätter aus Hanoi: Aus dem Tagebuch der jungen Lehrerin Pe Ha aus einem Rajong in Südvietnam, aufgeschrieben am 19. März 1961 - dem 11. Jahrestag der antiamerikanischen Demonstration in Saigon",1969,DRA,Political / historical figure,Political / historical figure: keyword evidence,diary/letters,other,Lesung,False
https://hoerspiele.dra.de/detailansicht/1516639,Liebe Claudia,1969,DRA,Political / historical figure; Family / intimate life; Collective / community,Political / historical figure: keyword evidence | Family / intimate life: keyword evidence | Collective / community: keyword evidence,portrait,original radio play,"Originalhörspiel, Kinderhörspiel",False
https://hoerspiele.dra.de/detailansicht/1516892,Heart Beat,2006,DRA,Women's life; Family / intimate life,Women's life: keyword evidence | Family / intimate life: keyword evidence,biography; autobiography,adaptation,"Hörspielbearbeitung, Monolog",False
https://hoerspiele.dra.de/detailansicht/1517120,Erinnerungen einer Sängerin am Klavier,2006,DRA,Women's life; Musician / composer,Women's life: keyword evidence | Musician / composer: keyword evidence,diary/letters; memory/testimony,adaptation,Hörspielbearbeitung,False
https://hoerspiele.dra.de/detailansicht/1520159,Ich lese in Jasnas Tagebuch,1973,DRA,Women's life; Political / historical figure; Family / intimate life,Women's life: keyword evidence | Political / historical figure: keyword evidence | Family / intimate life: keyword evidence,diary/letters,original radio play,Originalhörspiel,False
https://hoerspiele.dra.de/detailansicht/1520170,Tagebuch einer Freundschaft,1974,DRA,Women's life; Political / historical figure; Family / intimate life; Collective / community,Women's life: keyword evidence | Political / historical figure: keyword evidence | Family / intimate life: keyword evidence | Collective / community: keyword evidence,diary/letters,original radio play,"Originalhörspiel, Kinderhörspiel",False
https://hoerspiele.dra.de/detailansicht/1519891,Polar,2007,DRA,Actor / performer,Actor / performer: keyword evidence,life story,original radio play,Originalhörspiel,False
https://hoerspiele.dra.de/detailansicht/1520407,Das Tagebuch des verschütteten Bergmanns Martino Tiff,1975,DRA,Women's life; Political / historical figure,Women's life: keyword evidence | Political / historical figure: keyword evidence,diary/letters,original radio play,Originalhörspiel,False
https://hoerspiele.dra.de/detailansicht/1521963,600 Briefe von meinem Vermieter,2006,DRA,Ordinary / private person,Fallback: no named public role detected in available metadata,diary/letters,feature / documentary,"Originalhörspiel, Dokumentarhörspiel",False
https://hoerspiele.dra.de/detailansicht/1522912,Des Eisenhans Erinnerungen oder Paraphrase über ein deutsches Thema,1966,DRA,Ordinary / private person,Fallback: no named public role detected in available metadata,memory/testimony,other,Hörspiel,False
https://hoerspiele.dra.de/detailansicht/1522914,Scherzo more germanico,1966,DRA,Ordinary / private person,Fallback: no named public role detected in available metadata,memory/testimony,other,Kommentar,False
https://hoerspiele.dra.de/detailansicht/1523220,Alles ist Gnade: Monologe nach dem Tagebuch eines Landpfarrers (3. Teil: 3. Monolog),1962,DRA,Ordinary / private person,Fallback: no named public role detected in available metadata,diary/letters,adaptation,Hörspielbearbeitung,False
https://hoerspiele.dra.de/detailansicht/1523221,Alles ist Gnade: Monologe nach dem Tagebuch eines Landpfarrers (4. Teil: 4. Monolog),1962,DRA,Ordinary / private person,Fallback: no named public role detected in available metadata,diary/letters,adaptation,Hörspielbearbeitung,False
https://hoerspiele.dra.de/detailansicht/1524689,Doktor Faustus (1. Teil),2007,DRA,Family / intimate life,Family / intimate life: keyword evidence,biography,adaptation,Hörspielbearbeitung,False
https://hoerspiele.dra.de/detailansicht/1524790,Briefe an Mathilda,1978,DRA,Author / literary figure; Political / historical figure,Author / literary figure: keyword evidence | Political / historical figure: keyword evidence,diary/letters,original radio play,Originalhörspiel,False
https://hoerspiele.dra.de/detailansicht/1524851,Doktor Faustus (4. Teil),2007,DRA,Musician / composer,Musician / composer: keyword evidence,biography,adaptation,Hörspielbearbeitung,False
https://hoerspiele.dra.de/detailansicht/1524863,Doktor Faustus (8. Teil),2007,DRA,Ordinary / private person,Fallback: no named public role detected in available metadata,biography,adaptation,Hörspielbearbeitung,False
https://hoerspiele.dra.de/detailansicht/1524995,Die Sinnlichkeit der Mikrokosmen,2007,DRA,Ordinary / private person,Fallback: no named public role detected in available metadata,portrait; diary/letters,portrait,Porträt,False
https://hoerspiele.dra.de/detailansicht/1526212,Briefe und Hiebe,1971,DRA,Political / historical figure; Family / intimate life,Political / historical figure: keyword evidence | Family / intimate life: keyword evidence,diary/letters,original radio play,Originalhörspiel,False
https://hoerspiele.dra.de/detailansicht/1526433,Porträt eines Helden,1975,DRA,Women's life; Political / historical figure; Family / intimate life,Women's life: keyword evidence | Political / historical figure: keyword evidence | Family / intimate life: keyword evidence,portrait,original radio play,"Originalhörspiel, Kurzhörspiel",False
https://hoerspiele.dra.de/detailansicht/1527851,The Glenn Gould Trilogy,2007,DRA,Ordinary / private person,Fallback: no named public role detected in available metadata,biography,sound art,Ars acustica,False
https://hoerspiele.dra.de/detailansicht/1528698,Weil irgendetwas das so will,2009,DRA,Ordinary / private person,Fallback: no named public role detected in available metadata,diary/letters,original radio play,"Originalhörspiel, Mundarthörspiel",False
https://hoerspiele.dra.de/detailansicht/1528798,Das Monster in uns,2009,DRA,Women's life; Author / literary figure,Women's life: keyword evidence | Author / literary figure: keyword evidence,portrait,portrait,Porträt,False
https://hoerspiele.dra.de/detailansicht/1529838,Es wird Fragen geben - Ein west-östliches Tagebuch,2009,DRA,Family / intimate life,Family / intimate life: keyword evidence,diary/letters,original radio play,Originalhörspiel,False
https://hoerspiele.dra.de/detailansicht/1530623,Longkamp,2008,DRA,Ordinary / private person,Fallback: no named public role detected in available metadata,diary/letters,adaptation,"Hörspielbearbeitung, Monolog",False
https://hoerspiele.dra.de/detailansicht/1530638,Ortiz destructs,2008,DRA,Artist / visual artist,Artist / visual artist: keyword evidence,portrait,sound art,Ars acustica,False
https://hoerspiele.dra.de/detailansicht/1531821,Pariser Abende,2010,DRA,Ordinary / private person,Fallback: no named public role detected in available metadata,diary/letters,adaptation,Hörspielbearbeitung,False
https://hoerspiele.dra.de/detailansicht/1534308,Am Anfang war der Blick,2011,DRA,Political / historical figure,Political / historical figure: keyword evidence,portrait,original radio play,Originalhörspiel,False
https://hoerspiele.dra.de/detailansicht/1534447,NOA NOA,2011,DRA,Musician / composer; Artist / visual artist,Musician / composer: keyword evidence | Artist / visual artist: keyword evidence,diary/letters,adaptation,Hörspielbearbeitung,False
https://hoerspiele.dra.de/detailansicht/1535345,Im Übergangskleid fehlen die gelben Achselhaare,2010,DRA,Ordinary / private person,Fallback: no named public role detected in available metadata,portrait,portrait,Porträt,False
https://hoerspiele.dra.de/detailansicht/1538642,"Die Gardine, die Landschaft, das Fenster und der Klangraum",2011,DRA,Author / literary figure,Author / literary figure: keyword evidence,portrait,portrait,Porträt,False
https://hoerspiele.dra.de/detailansicht/1538730,KLAUS KINSKI,2011,DRA,Unclear / needs review,Unclear: implicit life-writing signal only,implicit,original radio play,Originalhörspiel,False
https://hoerspiele.dra.de/detailansicht/1538602,Feldpost - Briefe deutscher Soldaten aus Afghanistan,2011,DRA,Ordinary / private person,Fallback: no named public role detected in available metadata,diary/letters,adaptation,Hörspielbearbeitung,False
https://hoerspiele.dra.de/detailansicht/1538732,Der Berater,2011,DRA,Family / intimate life,Family / intimate life: keyword evidence,memory/testimony,original radio play,Originalhörspiel,False
https://hoerspiele.dra.de/detailansicht/1538779,Buntschatten und Fledermäuse,2011,DRA,Family / intimate life,Family / intimate life: keyword evidence,biography; autobiography,adaptation,Hörspielbearbeitung,False
https://hoerspiele.dra.de/detailansicht/1538910,Hörspielraum: Das fünfte Element,2011,DRA,Ordinary / private person,Fallback: no named public role detected in available metadata,portrait,feature / documentary,"Porträt, Feature, Originaltonfeature, Gespräch",False
https://hoerspiele.dra.de/detailansicht/1539203,Alexander Kluge,2012,DRA,Author / literary figure,Author / literary figure: keyword evidence,portrait,original radio play,Originalhörspiel,False
https://hoerspiele.dra.de/detailansicht/1539804,Tolstois Befreiung,2010,DRA,Women's life; Author / literary figure; Family / intimate life,Women's life: keyword evidence | Author / literary figure: keyword evidence | Family / intimate life: keyword evidence,biography,adaptation,Hörspielbearbeitung,False
https://hoerspiele.dra.de/detailansicht/1540517,Ich muss auf einen Sprung weg,2010,DRA,Musician / composer; Artist / visual artist,Musician / composer: keyword evidence | Artist / visual artist: keyword evidence,memory/testimony,original radio play,Originalhörspiel,False
https://hoerspiele.dra.de/detailansicht/1546930,Tristram Shandy,1952,DRA,Ordinary / private person,Fallback: no named public role detected in available metadata,biography; autobiography,adaptation,Hörspielbearbeitung,False
https://hoerspiele.dra.de/detailansicht/1543429,Herr Molander schreibt seine Memoiren (5. Teil: Die hellblauen Briefe),1950,DRA,Ordinary / private person,Fallback: no named public role detected in available metadata,diary/letters,other,"Kurzhörspiel, Kriminalhörspiel",False
https://hoerspiele.dra.de/detailansicht/1548677,Wind und englisches Eichenholz,1954,DRA,Women's life,Women's life: keyword evidence,memory/testimony,feature / documentary,Feature,False
https://hoerspiele.dra.de/detailansicht/1547800,Erinnerungen,1955,DRA,Women's life; Family / intimate life,Women's life: keyword evidence | Family / intimate life: keyword evidence,memory/testimony,original radio play,Originalhörspiel,False
https://hoerspiele.dra.de/detailansicht/1543471,Es war einmal,1949,DRA,Ordinary / private person,Fallback: no named public role detected in available metadata,biography,other,Kurzhörspiel,False
https://hoerspiele.dra.de/detailansicht/1549227,Der Landstörzerin Courasche abenteurlich Leben,1955,DRA,Ordinary / private person,Fallback: no named public role detected in available metadata,biography; autobiography,adaptation,Hörspielbearbeitung,False
https://hoerspiele.dra.de/detailansicht/1551082,Herzog zu vermieten,1960,DRA,Unclear / needs review,Unclear: implicit life-writing signal only,implicit,original radio play,Originalhörspiel,False
https://hoerspiele.dra.de/detailansicht/1552123,Rutkas Tagebuch,2010,DRA,Ordinary / private person,Fallback: no named public role detected in available metadata,diary/letters,adaptation,Hörspielbearbeitung,False
https://hoerspiele.dra.de/detailansicht/1553559,Briefe an C.,2003,DRA,Family / intimate life,Family / intimate life: keyword evidence,diary/letters,original radio play,Originalhörspiel,False
https://hoerspiele.dra.de/detailansicht/2543547,"Comeback - Porträt einer Frau, die singt",1977,DRA,Women's life; Actor / performer,Women's life: keyword evidence | Actor / performer: keyword evidence,portrait,other,Hörspiel,False
https://hoerspiele.dra.de/detailansicht/2903924,Porträt eines Nachmittags,1967,DRA,Collective / community,Collective / community: keyword evidence,portrait,other,Hörspiel,False
https://hoerspiele.dra.de/detailansicht/2984068,Kommissar Freytag (2. Folge: Briefe aus Sydney),1967,DRA,Women's life,Women's life: keyword evidence,diary/letters,adaptation,"Hörspielbearbeitung, Kriminalhörspiel",False
https://hoerspiele.dra.de/detailansicht/3084543,Blitzlichter (Fassung von 2012),2012,DRA,Ordinary / private person,Fallback: no named public role detected in available metadata,biography; autobiography,adaptation,Hörspielbearbeitung,False
https://hoerspiele.dra.de/detailansicht/3104209,Hörspielraum: Erzähl von Ruanda,2012,DRA,Actor / performer,Actor / performer: keyword evidence,portrait,feature / documentary,"Porträt, Feature, Originaltonfeature",False
https://hoerspiele.dra.de/detailansicht/3144432,Eine Welt mit Hindernissen. Die Klänge des Instituts für Feinmotorik,2012,DRA,Artist / visual artist,Artist / visual artist: keyword evidence,portrait,feature / documentary,"Feature, Porträt",False
https://hoerspiele.dra.de/detailansicht/3224373,Indianerland (1. Teil),2012,DRA,Ordinary / private person,Fallback: no named public role detected in available metadata,diary/letters,adaptation,Hörspielbearbeitung,False
https://hoerspiele.dra.de/detailansicht/3224376,Indianerland (2. Teil),2012,DRA,Ordinary / private person,Fallback: no named public role detected in available metadata,diary/letters,adaptation,Hörspielbearbeitung,False
https://hoerspiele.dra.de/detailansicht/3304676,"Ideen, in Tinte getaucht",2013,DRA,Ordinary / private person,Fallback: no named public role detected in available metadata,diary/letters,adaptation,Hörspielbearbeitung,False
https://hoerspiele.dra.de/detailansicht/3244305,Vom Betrügen und Betrogen werden (4. Teil: Das Tagebuch der Redegonda),2012,DRA,Ordinary / private person,Fallback: no named public role detected in available metadata,diary/letters,adaptation,Hörspielbearbeitung,False
https://hoerspiele.dra.de/detailansicht/3485123,Boojum,2013,DRA,Musician / composer,Musician / composer: keyword evidence,implicit,sound art,Ars acustica,False
https://hoerspiele.dra.de/detailansicht/3585170,Hansen,2013,DRA,Political / historical figure,Political / historical figure: keyword evidence,diary/letters,original radio play,Originalhörspiel,False
https://hoerspiele.dra.de/detailansicht/3585248,Orlando (3. Teil),2013,DRA,Ordinary / private person,Fallback: no named public role detected in available metadata,biography; diary/letters,adaptation,Hörspielbearbeitung,False
https://hoerspiele.dra.de/detailansicht/3585242,Orlando (1. Teil),2013,DRA,Women's life; Author / literary figure,Women's life: keyword evidence | Author / literary figure: keyword evidence,biography; diary/letters,adaptation,Hörspielbearbeitung,False
https://hoerspiele.dra.de/detailansicht/3585247,Orlando (2. Teil),2013,DRA,Women's life; Author / literary figure,Women's life: keyword evidence | Author / literary figure: keyword evidence,biography; diary/letters,adaptation,Hörspielbearbeitung,False
https://hoerspiele.dra.de/detailansicht/3585252,Orlando (4. Teil),2013,DRA,Women's life; Author / literary figure,Women's life: keyword evidence | Author / literary figure: keyword evidence,biography; diary/letters,adaptation,Hörspielbearbeitung,False
https://hoerspiele.dra.de/detailansicht/3585254,Orlando (5. Teil),2013,DRA,Women's life; Author / literary figure,Women's life: keyword evidence | Author / literary figure: keyword evidence,biography; diary/letters,adaptation,Hörspielbearbeitung,False
https://hoerspiele.dra.de/detailansicht/3585258,Orlando (6. Teil),2013,DRA,Women's life; Author / literary figure,Women's life: keyword evidence | Author / literary figure: keyword evidence,biography; diary/letters,adaptation,Hörspielbearbeitung,False
https://hoerspiele.dra.de/detailansicht/3965199,Hörspielraum: Erinnerungen an einen Dämon,1998,DRA,Ordinary / private person,Fallback: no named public role detected in available metadata,portrait; memory/testimony,feature / documentary,"Porträt, Feature, Originaltonfeature",False
https://hoerspiele.dra.de/detailansicht/3965194,Hörspielraum: Einmal Chile - und zurück?,2013,DRA,Women's life; Family / intimate life,Women's life: keyword evidence | Family / intimate life: keyword evidence,portrait,feature / documentary,"Porträt, Feature, Originaltonfeature",False
https://hoerspiele.dra.de/detailansicht/4025255,Memory (Folge: Erzwungenes Landleben – Erinnerungen an den Reichsarbeitsdienst),2002,DRA,Ordinary / private person,Fallback: no named public role detected in available metadata,memory/testimony,original radio play,"Originalhörspiel, Kurzhörspiel",False
https://hoerspiele.dra.de/detailansicht/4025257,Memory (Folge: Die Russen kommen! – Erinnerungen an das Kriegsende 1945),2002,DRA,Women's life; Political / historical figure,Women's life: keyword evidence | Political / historical figure: keyword evidence,memory/testimony,original radio play,"Originalhörspiel, Kurzhörspiel",False
https://hoerspiele.dra.de/detailansicht/4085595,"""Sehr, sehr unviktorianisch""",2013,DRA,Ordinary / private person,Fallback: no named public role detected in available metadata,portrait; biography,portrait,"Originalhörspiel, Porträt",False
https://hoerspiele.dra.de/detailansicht/4105441,Abschied von den Eltern (3. Teil),2013,DRA,Family / intimate life,Family / intimate life: keyword evidence,portrait,portrait,"Hörspielbearbeitung, Porträt",False
https://hoerspiele.dra.de/detailansicht/4105439,Abschied von den Eltern (2. Teil),2013,DRA,Family / intimate life,Family / intimate life: keyword evidence,portrait,portrait,"Hörspielbearbeitung, Porträt",False
https://hoerspiele.dra.de/detailansicht/4166115,Lilith Parker: Insel der Schatten (1. Teil),2013,DRA,Family / intimate life,Family / intimate life: keyword evidence,biography,adaptation,"Hörspielbearbeitung, Kinderhörspiel",False
https://hoerspiele.dra.de/detailansicht/4166137,Lilith Parker: Insel der Schatten (2. Teil),2013,DRA,Family / intimate life,Family / intimate life: keyword evidence,biography,adaptation,"Hörspielbearbeitung, Kinderhörspiel",False
https://hoerspiele.dra.de/detailansicht/4205223,Ulrich Gerhardt - Ein Porträt,2014,DRA,Ordinary / private person,Fallback: no named public role detected in available metadata,portrait,portrait,Porträt,False
https://hoerspiele.dra.de/detailansicht/4205721,Nýey,2014,DRA,Scholar / intellectual; Collective / community,Scholar / intellectual: keyword evidence | Collective / community: keyword evidence,portrait,sound art,Ars acustica,False
https://hoerspiele.dra.de/detailansicht/4305864,Als Mariner im Krieg,2014,DRA,Political / historical figure,Political / historical figure: keyword evidence,diary/letters,adaptation,Hörspielbearbeitung,False
https://hoerspiele.dra.de/detailansicht/4325436,Borke-Beckett-Boom,2014,DRA,Musician / composer; Artist / visual artist,Musician / composer: keyword evidence | Artist / visual artist: keyword evidence,diary/letters,sound art,Ars acustica,False
https://hoerspiele.dra.de/detailansicht/4345542,Pontormos Sintflut,2014,DRA,Artist / visual artist,Artist / visual artist: keyword evidence,diary/letters,adaptation,Hörspielbearbeitung,False
https://hoerspiele.dra.de/detailansicht/4746279,Die Geschichte meines Lebens - Die Tagebücher Ferdinand Benekes (1. Teil: Die Jahre 1792 bis Anfang 1794),2015,DRA,Ordinary / private person,Fallback: no named public role detected in available metadata,diary/letters,adaptation,Hörspielbearbeitung,False
https://hoerspiele.dra.de/detailansicht/4765774,Die Gespräche des göttlichen Pietro Aretino (1. Teil),2015,DRA,Ordinary / private person,Fallback: no named public role detected in available metadata,diary/letters,adaptation,Hörspielbearbeitung,False
https://hoerspiele.dra.de/detailansicht/4765782,Die Gespräche des göttlichen Pietro Aretino (2. Teil),2015,DRA,Ordinary / private person,Fallback: no named public role detected in available metadata,diary/letters,adaptation,Hörspielbearbeitung,False
https://hoerspiele.dra.de/detailansicht/4806676,La vie en rose - Vom Leben und Überleben in Paris,2015,DRA,Ordinary / private person,Fallback: no named public role detected in available metadata,portrait,original radio play,Originalhörspiel,False
https://hoerspiele.dra.de/detailansicht/4806713,Mit anderen Augen,2015,DRA,Women's life; Musician / composer; Family / intimate life,Women's life: keyword evidence | Musician / composer: keyword evidence | Family / intimate life: keyword evidence,biography; autobiography,adaptation,Hörspielbearbeitung,False
https://hoerspiele.dra.de/detailansicht/4826032,"Leben und Ansichten von Tristram Shandy, Gentleman (1. Teil)",2015,DRA,Women's life; Author / literary figure; Family / intimate life,Women's life: keyword evidence | Author / literary figure: keyword evidence | Family / intimate life: keyword evidence,diary/letters,adaptation,Hörspielbearbeitung,False
https://hoerspiele.dra.de/detailansicht/4826043,"Leben und Ansichten von Tristram Shandy, Gentleman (2. Teil)",2015,DRA,Author / literary figure; Family / intimate life,Author / literary figure: keyword evidence | Family / intimate life: keyword evidence,diary/letters,adaptation,Hörspielbearbeitung,False
https://hoerspiele.dra.de/detailansicht/4826048,"Leben und Ansichten von Tristram Shandy, Gentleman (5. Teil)",2015,DRA,Author / literary figure; Family / intimate life,Author / literary figure: keyword evidence | Family / intimate life: keyword evidence,diary/letters,adaptation,Hörspielbearbeitung,False
https://hoerspiele.dra.de/detailansicht/4826045,"Leben und Ansichten von Tristram Shandy, Gentleman (3. Teil)",2015,DRA,Author / literary figure; Family / intimate life,Author / literary figure: keyword evidence | Family / intimate life: keyword evidence,diary/letters,adaptation,Hörspielbearbeitung,False
https://hoerspiele.dra.de/detailansicht/4826046,"Leben und Ansichten von Tristram Shandy, Gentleman (4. Teil)",2015,DRA,Author / literary figure; Family / intimate life,Author / literary figure: keyword evidence | Family / intimate life: keyword evidence,diary/letters,adaptation,Hörspielbearbeitung,False
https://hoerspiele.dra.de/detailansicht/4826050,"Leben und Ansichten von Tristram Shandy, Gentleman (7. Teil)",2015,DRA,Women's life; Author / literary figure; Family / intimate life,Women's life: keyword evidence | Author / literary figure: keyword evidence | Family / intimate life: keyword evidence,diary/letters,adaptation,Hörspielbearbeitung,False
https://hoerspiele.dra.de/detailansicht/4826049,"Leben und Ansichten von Tristram Shandy, Gentleman (6. Teil)",2015,DRA,Women's life; Author / literary figure; Family / intimate life,Women's life: keyword evidence | Author / literary figure: keyword evidence | Family / intimate life: keyword evidence,diary/letters,adaptation,Hörspielbearbeitung,False
https://hoerspiele.dra.de/detailansicht/4826053,"Leben und Ansichten von Tristram Shandy, Gentleman (8. Teil)",2015,DRA,Women's life; Author / literary figure; Family / intimate life,Women's life: keyword evidence | Author / literary figure: keyword evidence | Family / intimate life: keyword evidence,diary/letters,adaptation,Hörspielbearbeitung,False
https://hoerspiele.dra.de/detailansicht/4906744,Liliane Lijn: Glittering in the Sun/Crossing Map,2015,DRA,Artist / visual artist,Artist / visual artist: keyword evidence,biography; autobiography,adaptation,Hörspielbearbeitung,False
https://hoerspiele.dra.de/detailansicht/4826055,"Leben und Ansichten von Tristram Shandy, Gentleman (9. Teil)",2015,DRA,Women's life; Author / literary figure; Family / intimate life,Women's life: keyword evidence | Author / literary figure: keyword evidence | Family / intimate life: keyword evidence,diary/letters,adaptation,Hörspielbearbeitung,False
https://hoerspiele.dra.de/detailansicht/4909404,Der verliebte Antierotiker - Ein unbekanntes Kapitel aus dem Leben des Dichters Paul Scheerbart (2. Teil),1993,DRA,Author / literary figure,Author / literary figure: keyword evidence,diary/letters,adaptation,"Hörspielbearbeitung, Monolog",False
https://hoerspiele.dra.de/detailansicht/4909405,Der verliebte Antierotiker - Ein unbekanntes Kapitel aus dem Leben des Dichters Paul Scheerbart (3. Teil),1993,DRA,Author / literary figure,Author / literary figure: keyword evidence,diary/letters,adaptation,"Hörspielbearbeitung, Monolog",False
https://hoerspiele.dra.de/detailansicht/4913095,SoundCard Washington,2016,DRA,Ordinary / private person,Fallback: no named public role detected in available metadata,portrait,portrait,"Ars acustica, Porträt",False
https://hoerspiele.dra.de/detailansicht/4911046,"Hier Familie Hansen (38. Folge: Briefe, Briefe ...)",1970,DRA,Artist / visual artist; Family / intimate life; Collective / community,Artist / visual artist: keyword evidence | Family / intimate life: keyword evidence | Collective / community: keyword evidence,diary/letters,original radio play,"Originalhörspiel, Kinderhörspiel",False
https://hoerspiele.dra.de/detailansicht/4913331,Das Tagebuch von Adam und Eva,1973,DRA,Ordinary / private person,Fallback: no named public role detected in available metadata,diary/letters,adaptation,Hörspielbearbeitung,False
https://hoerspiele.dra.de/detailansicht/4918583,Die Geschichte meines Lebens - Die Tagebücher Ferdinand Benekes (2. Teil: Die Jahre 1794 bis Anfang 1796),2015,DRA,Ordinary / private person,Fallback: no named public role detected in available metadata,diary/letters,adaptation,Hörspielbearbeitung,False
https://hoerspiele.dra.de/detailansicht/4925297,Wie war’s in China?,2016,DRA,Musician / composer,Musician / composer: keyword evidence,diary/letters,sound art,Ars acustica,False
https://hoerspiele.dra.de/detailansicht/4925993,Schwenkfutter,2016,DRA,Ordinary / private person,Fallback: no named public role detected in available metadata,portrait,original radio play,"Originalhörspiel, Kriminalhörspiel",False
https://hoerspiele.dra.de/detailansicht/4931082,Die alte Tochter spricht mit dem jungen Vater,2016,DRA,Women's life; Author / literary figure; Political / historical figure; Family / intimate life,Women's life: keyword evidence | Author / literary figure: keyword evidence | Political / historical figure: keyword evidence | Family / intimate life: keyword evidence,diary/letters,original radio play,Originalhörspiel,False
https://hoerspiele.dra.de/detailansicht/4932531,Ich stand abseits,1973,DRA,Ordinary / private person,Fallback: no named public role detected in available metadata,biography; autobiography,feature / documentary,"Hörspielbearbeitung, Dokumentarhörspiel, Originaltonhörspiel",False
https://hoerspiele.dra.de/detailansicht/4934264,Erinnerungen an eine Zeit vor dem LED-Regime,2016,DRA,Artist / visual artist; Actor / performer,Artist / visual artist: keyword evidence | Actor / performer: keyword evidence,memory/testimony,sound art,Ars acustica,False
https://hoerspiele.dra.de/detailansicht/4936976,Die Geschichte meines Lebens - Die Tagebücher Ferdinand Benekes (3. Teil: Das Jahr 1801),2017,DRA,Ordinary / private person,Fallback: no named public role detected in available metadata,diary/letters,adaptation,Hörspielbearbeitung,False
https://hoerspiele.dra.de/detailansicht/4939130,Meine Seele war schwarz von Fliegen (3. Teil),1993,DRA,Ordinary / private person,Fallback: no named public role detected in available metadata,diary/letters,adaptation,"Hörspielbearbeitung, Kurzhörspiel, Monolog",False
https://hoerspiele.dra.de/detailansicht/4939129,Meine Seele war schwarz von Fliegen (2. Teil),1995,DRA,Ordinary / private person,Fallback: no named public role detected in available metadata,diary/letters,adaptation,"Hörspielbearbeitung, Kurzhörspiel, Monolog",False
https://hoerspiele.dra.de/detailansicht/4937511,Das Paradies der kleinen Dinge,2017,DRA,Ordinary / private person,Fallback: no named public role detected in available metadata,diary/letters,adaptation,Hörspielbearbeitung,False
https://hoerspiele.dra.de/detailansicht/4939131,Meine Seele war schwarz von Fliegen (4. Teil),1993,DRA,Ordinary / private person,Fallback: no named public role detected in available metadata,diary/letters,adaptation,"Hörspielbearbeitung, Kurzhörspiel, Monolog",False
https://hoerspiele.dra.de/detailansicht/4939845,Mutti und ich,2017,DRA,Women's life; Family / intimate life,Women's life: keyword evidence | Family / intimate life: keyword evidence,portrait,feature / documentary,"Originalhörspiel, Dokumentarhörspiel",False
https://hoerspiele.dra.de/detailansicht/4940862,Pellkantüffeln un Hering (1. Teil: Kinnertied in Pommern),1976,DRA,Ordinary / private person,Fallback: no named public role detected in available metadata,biography; autobiography,adaptation,"Hörspielbearbeitung, Mundarthörspiel",False
https://hoerspiele.dra.de/detailansicht/4940874,Pellkantüffeln un Hering (2. Teil: Herr un Knecht),1976,DRA,Ordinary / private person,Fallback: no named public role detected in available metadata,biography; autobiography,adaptation,"Hörspielbearbeitung, Mundarthörspiel",False
https://hoerspiele.dra.de/detailansicht/4940875,Pellkantüffeln un Hering (3. Teil: De tweete Heimat),1976,DRA,Ordinary / private person,Fallback: no named public role detected in available metadata,biography; autobiography,adaptation,"Hörspielbearbeitung, Mundarthörspiel",False
https://hoerspiele.dra.de/detailansicht/4949493,Sehnsucht,2018,DRA,Ordinary / private person,Fallback: no named public role detected in available metadata,diary/letters,adaptation,Hörspielbearbeitung,False
https://hoerspiele.dra.de/detailansicht/4951441,Der große Unbekannte (2. Teil: Das Porträt),1963,DRA,Ordinary / private person,Fallback: no named public role detected in available metadata,portrait,original radio play,"Originalhörspiel, Kriminalhörspiel",False
https://hoerspiele.dra.de/detailansicht/4954569,"Comeback – Porträt einer Frau, die singt",1977,DRA,Women's life; Actor / performer; Family / intimate life,Women's life: keyword evidence | Actor / performer: keyword evidence | Family / intimate life: keyword evidence,portrait,original radio play,Originalhörspiel,False
https://hoerspiele.dra.de/detailansicht/4954237,Meine Erinnerungen reißen mich in Stücke,2018,DRA,Ordinary / private person,Fallback: no named public role detected in available metadata,memory/testimony,original radio play,Originalhörspiel,False
https://hoerspiele.dra.de/detailansicht/4954716,Hölderlin. Geschichte einer Abschiebung,2018,DRA,Musician / composer; Actor / performer,Musician / composer: keyword evidence | Actor / performer: keyword evidence,diary/letters,original radio play,Originalhörspiel,False
https://hoerspiele.dra.de/detailansicht/4959106,Djati Luwih – schönes Land,1979,DRA,Musician / composer; Artist / visual artist,Musician / composer: keyword evidence | Artist / visual artist: keyword evidence,diary/letters,sound art,"Originalhörspiel, Ars acustica",False
https://hoerspiele.dra.de/detailansicht/4955843,1918 Abschied,2018,DRA,Ordinary / private person,Fallback: no named public role detected in available metadata,diary/letters,original radio play,"Originalhörspiel, Mundarthörspiel",False
https://hoerspiele.dra.de/detailansicht/4963362,Der Hörspielautor Werner Buhss,2019,DRA,Family / intimate life; Collective / community,Family / intimate life: keyword evidence | Collective / community: keyword evidence,portrait,portrait,Porträt,False
https://hoerspiele.dra.de/detailansicht/4962886,Akte 88 (9. Folge: Zweieinhalb Jahre Tibet),2018,DRA,Ordinary / private person,Fallback: no named public role detected in available metadata,diary/letters,feature / documentary,"Originalhörspiel, Dokumentarhörspiel, Feature, Satire",False
https://hoerspiele.dra.de/detailansicht/4970577,False Memory,2019,DRA,Ordinary / private person,Fallback: no named public role detected in available metadata,memory/testimony,original radio play,"Originalhörspiel, Kriminalhörspiel",False
https://hoerspiele.dra.de/detailansicht/4974424,Die Stadt und die Stimmen,2019,DRA,Musician / composer; Collective / community,Musician / composer: keyword evidence | Collective / community: keyword evidence,memory/testimony,original radio play,Originalhörspiel,False
https://hoerspiele.dra.de/detailansicht/4975759,Erinnerungen einer Überflüssigen (1. Teil),2020,DRA,Family / intimate life,Family / intimate life: keyword evidence,biography; autobiography; memory/testimony,adaptation,Hörspielbearbeitung,False
https://hoerspiele.dra.de/detailansicht/4975760,Erinnerungen einer Überflüssigen (2. Teil),2020,DRA,Family / intimate life,Family / intimate life: keyword evidence,biography; autobiography; memory/testimony,adaptation,Hörspielbearbeitung,False
https://hoerspiele.dra.de/detailansicht/4976018,Hölderlin schüttelt mich,2020,DRA,Ordinary / private person,Fallback: no named public role detected in available metadata,portrait,adaptation,"Hörspielbearbeitung, Mundarthörspiel",False
https://hoerspiele.dra.de/detailansicht/4979045,Zusammen Walden (1. Teil: Sparsamkeit),2020,DRA,Ordinary / private person,Fallback: no named public role detected in available metadata,diary/letters,adaptation,"Hörspielbearbeitung, Mitmachhörspiel, Szenische Lesung",False
https://hoerspiele.dra.de/detailansicht/4980800,Zusammen Walden (2. Teil),2020,DRA,Collective / community,Collective / community: keyword evidence,diary/letters,adaptation,"Hörspielbearbeitung, Mitmachhörspiel, Szenische Lesung",False
https://hoerspiele.dra.de/detailansicht/4980801,Zusammen Walden (3. Teil),2020,DRA,Collective / community,Collective / community: keyword evidence,diary/letters,adaptation,"Hörspielbearbeitung, Mitmachhörspiel, Szenische Lesung",False
https://hoerspiele.dra.de/detailansicht/4980798,Zusammen Walden (1. Teil: Hast Du Schlösser in die Luft gebaut),2020,DRA,Collective / community,Collective / community: keyword evidence,diary/letters,adaptation,"Hörspielbearbeitung, Mitmachhörspiel, Szenische Lesung",False
https://hoerspiele.dra.de/detailansicht/4980802,Zusammen Walden (4. Teil),2020,DRA,Collective / community,Collective / community: keyword evidence,diary/letters,adaptation,"Hörspielbearbeitung, Mitmachhörspiel, Szenische Lesung",False
https://hoerspiele.dra.de/detailansicht/4983605,Überweben,2020,DRA,Musician / composer; Scholar / intellectual,Musician / composer: keyword evidence | Scholar / intellectual: keyword evidence,diary/letters,original radio play,Originalhörspiel,False
https://hoerspiele.dra.de/detailansicht/4983915,Das Hörspiel vom Hörspiel 2020,2020,DRA,Musician / composer,Musician / composer: keyword evidence,portrait,portrait,"Wort-Musik-Sendung, Porträt, Ars acustica",False
https://hoerspiele.dra.de/detailansicht/4984462,Götterdämmerung in Nürnberg (1. Teil der vierteiligen Fassung),2020,DRA,Ordinary / private person,Fallback: no named public role detected in available metadata,diary/letters,adaptation,Hörspielbearbeitung,False
https://hoerspiele.dra.de/detailansicht/4984463,Götterdämmerung in Nürnberg (2. Teil der vierteiligen Fassung),2020,DRA,Ordinary / private person,Fallback: no named public role detected in available metadata,diary/letters,adaptation,Hörspielbearbeitung,False
https://hoerspiele.dra.de/detailansicht/4984473,Götterdämmerung in Nürnberg (3. Teil der vierteiligen Fassung),2020,DRA,Ordinary / private person,Fallback: no named public role detected in available metadata,diary/letters,adaptation,Hörspielbearbeitung,False
https://hoerspiele.dra.de/detailansicht/4984474,Götterdämmerung in Nürnberg (4. Teil der vierteiligen Fassung),2020,DRA,Ordinary / private person,Fallback: no named public role detected in available metadata,diary/letters,adaptation,Hörspielbearbeitung,False
https://hoerspiele.dra.de/detailansicht/4985363,Brief an meine Mutter,2020,DRA,Women's life; Family / intimate life,Women's life: keyword evidence | Family / intimate life: keyword evidence,biography,adaptation,Hörspielbearbeitung,False
https://hoerspiele.dra.de/detailansicht/4987036,Und sicher ist mit mir die Welt verschwunden,2021,DRA,Musician / composer; Actor / performer,Musician / composer: keyword evidence | Actor / performer: keyword evidence,memory/testimony,adaptation,Hörspielbearbeitung,False
https://hoerspiele.dra.de/detailansicht/4987241,Interview mit einem Stern (1. Teil der vierteiligen Fassung),2021,DRA,Ordinary / private person,Fallback: no named public role detected in available metadata,diary/letters,feature / documentary,"Originalhörspiel, Feature",False
https://hoerspiele.dra.de/detailansicht/4987242,Interview mit einem Stern (2. Teil der vierteiligen Folge),2021,DRA,Ordinary / private person,Fallback: no named public role detected in available metadata,diary/letters,feature / documentary,"Originalhörspiel, Feature",False
https://hoerspiele.dra.de/detailansicht/4987245,Interview mit einem Stern (3. Folge der vierteiligen Fassung),2021,DRA,Ordinary / private person,Fallback: no named public role detected in available metadata,diary/letters,feature / documentary,"Originalhörspiel, Feature",False
https://hoerspiele.dra.de/detailansicht/4987246,Interview mit einem Stern (4. Folge der vierteiligen Fassung),2021,DRA,Ordinary / private person,Fallback: no named public role detected in available metadata,diary/letters,feature / documentary,"Originalhörspiel, Feature",False
https://hoerspiele.dra.de/detailansicht/4990645,Curtain Call!,2021,DRA,Women's life; Musician / composer; Actor / performer; Family / intimate life,Women's life: keyword evidence | Musician / composer: keyword evidence | Actor / performer: keyword evidence | Family / intimate life: keyword evidence,diary/letters,original radio play,Originalhörspiel,False
https://hoerspiele.dra.de/detailansicht/4991273,Mögen Sie Emily Dickinson?,2021,DRA,Musician / composer,Musician / composer: keyword evidence,diary/letters,adaptation,Hörspielbearbeitung,False
https://hoerspiele.dra.de/detailansicht/4991479,Briefe aus der Hölle,2021,DRA,Ordinary / private person,Fallback: no named public role detected in available metadata,diary/letters,adaptation,Hörspielbearbeitung,False
https://hoerspiele.dra.de/detailansicht/4992864,Anne Lister (1. Teil),2022,DRA,Women's life,Women's life: keyword evidence,biography; diary/letters,adaptation,Hörspielbearbeitung,False
https://hoerspiele.dra.de/detailansicht/4994495,"Rahel, damit sie mich kennen (7. Teil: ""Ich bin hier sehr wirksam"")",2021,DRA,Women's life,Women's life: keyword evidence,diary/letters,original radio play,Originalhörspiel,False
https://hoerspiele.dra.de/detailansicht/4994538,"Rahel, damit sie mich kennen (10. Teil: Die Pockenmaterie muss raus)",2021,DRA,Women's life,Women's life: keyword evidence,diary/letters,original radio play,Originalhörspiel,False
https://hoerspiele.dra.de/detailansicht/4995420,ULISSAS,2021,DRA,Women's life,Women's life: keyword evidence,diary/letters,adaptation,Hörspielbearbeitung,False
https://hoerspiele.dra.de/detailansicht/4996171,Die verschwundenen Bilder,2021,DRA,Women's life; Family / intimate life,Women's life: keyword evidence | Family / intimate life: keyword evidence,diary/letters,adaptation,"Hörspielbearbeitung, Kinderhörspiel, Kurzhörspiel, Kriminalhörspiel",False
https://hoerspiele.dra.de/detailansicht/4997012,Gäste (1. Teil der zweiteiligen Fassung),2021,DRA,Women's life,Women's life: keyword evidence,memory/testimony,original radio play,Originalhörspiel,False
https://hoerspiele.dra.de/detailansicht/4997013,Gäste (2. Teil der zweiteiligen Fassung),2021,DRA,Women's life,Women's life: keyword evidence,memory/testimony,original radio play,Originalhörspiel,False
https://hoerspiele.dra.de/detailansicht/5011318,Anne Lister (2. Teil),2022,DRA,Women's life,Women's life: keyword evidence,biography; diary/letters,adaptation,Hörspielbearbeitung,False
https://hoerspiele.dra.de/detailansicht/5011335,Great Depressions,2022,DRA,Actor / performer,Actor / performer: keyword evidence,portrait,adaptation,Hörspielbearbeitung,False
https://hoerspiele.dra.de/detailansicht/5012285,Mein lieber Wolf – Meine lieben fernen Mädels,2022,DRA,Women's life; Actor / performer; Family / intimate life,Women's life: keyword evidence | Actor / performer: keyword evidence | Family / intimate life: keyword evidence,diary/letters,adaptation,Hörspielbearbeitung,False
https://hoerspiele.dra.de/detailansicht/5012028,Kies,2022,DRA,Women's life; Musician / composer,Women's life: keyword evidence | Musician / composer: keyword evidence,diary/letters; memory/testimony,sound art,Ars acustica,False
https://hoerspiele.dra.de/detailansicht/5011523,Aus den Erinnerungen des Zauberferkels Adalbert,1956,DRA,Family / intimate life,Family / intimate life: keyword evidence,memory/testimony,original radio play,"Originalhörspiel, Kinderhörspiel",False
https://hoerspiele.dra.de/detailansicht/5011319,Anne Lister (3. Teil),2022,DRA,Women's life,Women's life: keyword evidence,biography; diary/letters,adaptation,Hörspielbearbeitung,False
https://hoerspiele.dra.de/detailansicht/5012924,Nachtwächter Spinning erzählt von gemeinsamen Erinnerungen,1970,DRA,Author / literary figure; Family / intimate life,Author / literary figure: keyword evidence | Family / intimate life: keyword evidence,memory/testimony,original radio play,"Originalhörspiel, Kinderhörspiel",False
https://hoerspiele.dra.de/detailansicht/5015000,Achim Freyer trifft Don Giovanni am Checkpoint Charlie,2022,DRA,Musician / composer; Artist / visual artist; Actor / performer,Musician / composer: keyword evidence | Artist / visual artist: keyword evidence | Actor / performer: keyword evidence,portrait,sound art,Ars acustica,False
https://hoerspiele.dra.de/detailansicht/5014677,Spiegeljahre (1. Teil),2022,DRA,Ordinary / private person,Fallback: no named public role detected in available metadata,biography; autobiography,adaptation,"Hörspielbearbeitung, Mundarthörspiel",False
https://hoerspiele.dra.de/detailansicht/5014678,Spiegeljahre (2. Teil),2022,DRA,Ordinary / private person,Fallback: no named public role detected in available metadata,biography; autobiography,adaptation,"Hörspielbearbeitung, Mundarthörspiel",False
https://hoerspiele.dra.de/detailansicht/5014997,Anne Lister - Eine erotische Biografie (Einteilige Fassung),2022,DRA,Women's life,Women's life: keyword evidence,biography; diary/letters,adaptation,Hörspielbearbeitung,False
https://hoerspiele.dra.de/detailansicht/5014999,Die Polizey,2022,DRA,Collective / community,Collective / community: keyword evidence,portrait,adaptation,Hörspielbearbeitung,False
https://hoerspiele.dra.de/detailansicht/5016738,Timothy Truckle ermittelt (3. Folge: Spiel auf Leben und Tod),2022,DRA,Ordinary / private person,Fallback: no named public role detected in available metadata,portrait,adaptation,"Hörspielbearbeitung, Kriminalhörspiel, Science Fiction-Hörspiel",False
https://hoerspiele.dra.de/detailansicht/5017839,"Ein Käfer, der Erinnerungen frisst",2022,DRA,Women's life; Family / intimate life,Women's life: keyword evidence | Family / intimate life: keyword evidence,memory/testimony,original radio play,"Originalhörspiel, Science Fiction-Hörspiel",False
https://hoerspiele.dra.de/detailansicht/5018259,Sweet Paris reloaded,2021,DRA,Musician / composer,Musician / composer: keyword evidence,biography; autobiography; diary/letters,sound art,Ars acustica,False
https://hoerspiele.dra.de/detailansicht/5018550,"Herr Achternbusch, wie heißen Sie?",2023,DRA,Musician / composer,Musician / composer: keyword evidence,biography; autobiography,original radio play,"Originalhörspiel, Collage",False
https://hoerspiele.dra.de/detailansicht/5018659,I Am Glad You Asked Me This Question (1. Teil),2022,DRA,Musician / composer,Musician / composer: keyword evidence,portrait,portrait,"Ars acustica, Porträt",False
https://hoerspiele.dra.de/detailansicht/5018665,I Am Glad You Asked Me This Question (2. Teil),2022,DRA,Musician / composer; Scholar / intellectual,Musician / composer: keyword evidence | Scholar / intellectual: keyword evidence,portrait,portrait,"Ars acustica, Porträt",False
https://hoerspiele.dra.de/detailansicht/5020637,Childhood Stories Moskau,2023,DRA,Ordinary / private person,Fallback: no named public role detected in available metadata,memory/testimony,original radio play,Originalhörspiel,False
https://hoerspiele.dra.de/detailansicht/5026018,Schalter Licht Zimmer,2023,DRA,Actor / performer,Actor / performer: keyword evidence,memory/testimony,sound art,Ars acustica,False
https://hoerspiele.dra.de/detailansicht/5026040,Genka haut ab (1. Teil),1970,DRA,Family / intimate life,Family / intimate life: keyword evidence,diary/letters,adaptation,"Hörspielbearbeitung, Kinderhörspiel",False
https://hoerspiele.dra.de/detailansicht/5026041,Genka haut ab (2. Teil),1970,DRA,Family / intimate life,Family / intimate life: keyword evidence,diary/letters,adaptation,"Hörspielbearbeitung, Kinderhörspiel",False
https://hoerspiele.dra.de/detailansicht/5026302,Dear alter Ego,2023,DRA,Women's life; Author / literary figure; Musician / composer; Actor / performer; Family / intimate life; Collective / community,Women's life: keyword evidence | Author / literary figure: keyword evidence | Musician / composer: keyword evidence | Actor / performer: keyword evidence | Family / intimate life: keyword evidence | Collective / community: keyword evidence,portrait; diary/letters,portrait,"Originalhörspiel, Porträt",False
https://hoerspiele.dra.de/detailansicht/5026565,EM-Suite op. 42,2023,DRA,Musician / composer,Musician / composer: keyword evidence,portrait,sound art,Ars acustica,False
https://hoerspiele.dra.de/detailansicht/5026069,Taschi de le,1971,DRA,Women's life; Family / intimate life,Women's life: keyword evidence | Family / intimate life: keyword evidence,memory/testimony,original radio play,"Originalhörspiel, Kinderhörspiel",False
https://hoerspiele.dra.de/detailansicht/5029345,Das Geheimnis der gelben Tapete,2019,DRA,Women's life; Family / intimate life,Women's life: keyword evidence | Family / intimate life: keyword evidence,diary/letters,adaptation,"Szenische Lesung, Hörspielbearbeitung",False
https://hoerspiele.dra.de/detailansicht/5029471,Flashback Crash (November-Reminiszenzen),2024,DRA,Musician / composer,Musician / composer: keyword evidence,memory/testimony,sound art,Ars acustica,False
https://hoerspiele.dra.de/detailansicht/5029973,Mutter haben (1. Teil),2024,DRA,Women's life; Political / historical figure; Family / intimate life; Collective / community,Women's life: keyword evidence | Political / historical figure: keyword evidence | Family / intimate life: keyword evidence | Collective / community: keyword evidence,memory/testimony,original radio play,Originalhörspiel,False
https://hoerspiele.dra.de/detailansicht/5029982,Mutter haben (2. Teil),2024,DRA,Women's life; Political / historical figure; Family / intimate life; Collective / community,Women's life: keyword evidence | Political / historical figure: keyword evidence | Family / intimate life: keyword evidence | Collective / community: keyword evidence,memory/testimony,original radio play,Originalhörspiel,False
https://hoerspiele.dra.de/detailansicht/5031768,Kaf*KI,2024,DRA,Unclear / needs review,Unclear: implicit life-writing signal only,implicit,original radio play,Originalhörspiel,False
https://hoerspiele.dra.de/detailansicht/5031783,Voices of the Invisible,2024,DRA,Women's life; Musician / composer,Women's life: keyword evidence | Musician / composer: keyword evidence,portrait,portrait,"Ars acustica, Porträt",False
https://hoerspiele.dra.de/detailansicht/5031872,Fühl dich umarmt,2023,DRA,Women's life; Author / literary figure; Family / intimate life,Women's life: keyword evidence | Author / literary figure: keyword evidence | Family / intimate life: keyword evidence,diary/letters,original radio play,Originalhörspiel,False
https://hoerspiele.dra.de/detailansicht/5032659,Mögen Sie Emily Dickinson?,2021,DRA,Musician / composer,Musician / composer: keyword evidence,diary/letters,adaptation,Hörspielbearbeitung,False
https://hoerspiele.dra.de/detailansicht/5033171,Dschinns (1. Teil),2024,DRA,Actor / performer,Actor / performer: keyword evidence,memory/testimony,adaptation,Hörspielbearbeitung,False
https://hoerspiele.dra.de/detailansicht/5033172,Dschinns (2. Teil),2024,DRA,Actor / performer,Actor / performer: keyword evidence,memory/testimony,adaptation,Hörspielbearbeitung,False
https://hoerspiele.dra.de/detailansicht/5035405,"Mein Sohn, Nephew and Bacsi! - Ephraim Kishon und Friedrich Torberg",2024,DRA,Family / intimate life,Family / intimate life: keyword evidence,diary/letters,adaptation,Hörspielbearbeitung,False
https://hoerspiele.dra.de/detailansicht/5036353,Mein Leben als Spam (4. Folge: Der totale Differenzvektor),2024,DRA,Women's life; Political / historical figure,Women's life: keyword evidence | Political / historical figure: keyword evidence,implicit,original radio play,"Originalhörspiel, Science Fiction-Hörspiel",False
https://hoerspiele.dra.de/detailansicht/5036350,Mein Leben als Spam (1. Folge: Chattie),2024,DRA,Women's life; Political / historical figure,Women's life: keyword evidence | Political / historical figure: keyword evidence,implicit,original radio play,"Originalhörspiel, Science Fiction-Hörspiel",False
https://hoerspiele.dra.de/detailansicht/5036352,"Mein Leben als Spam (3. Folge: Turing negative, living positive)",2024,DRA,Women's life; Political / historical figure,Women's life: keyword evidence | Political / historical figure: keyword evidence,implicit,original radio play,"Originalhörspiel, Science Fiction-Hörspiel",False
https://hoerspiele.dra.de/detailansicht/5036351,Mein Leben als Spam (2. Folge:Festnetz und Strafe),2024,DRA,Women's life; Political / historical figure,Women's life: keyword evidence | Political / historical figure: keyword evidence,implicit,original radio play,"Originalhörspiel, Science Fiction-Hörspiel",False
https://hoerspiele.dra.de/detailansicht/5036354,Mein Leben als Spam (5. Folge: Nett sein),2024,DRA,Women's life; Political / historical figure,Women's life: keyword evidence | Political / historical figure: keyword evidence,implicit,original radio play,"Originalhörspiel, Science Fiction-Hörspiel",False
https://hoerspiele.dra.de/detailansicht/5036355,Mein Leben als Spam (6. Folge: Allgemeine Erklärung der Maschinenrechte),2024,DRA,Women's life; Political / historical figure,Women's life: keyword evidence | Political / historical figure: keyword evidence,implicit,original radio play,"Originalhörspiel, Science Fiction-Hörspiel",False
https://hoerspiele.dra.de/detailansicht/5036356,Mein Leben als Spam (7. Folge: Im Schacht),2024,DRA,Women's life; Political / historical figure,Women's life: keyword evidence | Political / historical figure: keyword evidence,implicit,original radio play,"Originalhörspiel, Science Fiction-Hörspiel",False
https://hoerspiele.dra.de/detailansicht/5036357,Mein Leben als Spam (8. Folge: Vor der Tür),2024,DRA,Women's life; Political / historical figure,Women's life: keyword evidence | Political / historical figure: keyword evidence,implicit,original radio play,"Originalhörspiel, Science Fiction-Hörspiel",False
https://hoerspiele.dra.de/detailansicht/5041401,DYSTOPIA Sound Art Biennale 2024,2025,DRA,Ordinary / private person,Fallback: no named public role detected in available metadata,memory/testimony,sound art,Ars acustica,False
https://hoerspiele.dra.de/detailansicht/5039191,Lélé,2025,DRA,Women's life; Actor / performer,Women's life: keyword evidence | Actor / performer: keyword evidence,diary/letters,original radio play,Originalhörspiel,False
https://hoerspiele.dra.de/detailansicht/5042232,Bite 5634,2025,DRA,Ordinary / private person,Fallback: no named public role detected in available metadata,diary/letters,sound art,Ars acustica,False
https://hoerspiele.dra.de/detailansicht/5044257,Srebrenica,2025,DRA,Women's life; Actor / performer,Women's life: keyword evidence | Actor / performer: keyword evidence,implicit,feature / documentary,"Hörspielbearbeitung, Dokumentarhörspiel",False
https://hoerspiele.dra.de/detailansicht/5048009,Jureks Reise,2007,DRA,Ordinary / private person,Fallback: no named public role detected in available metadata,diary/letters,other,Hörstück,False
https://hoerspiele.dra.de/detailansicht/5048435,Mohnrot,2023,DRA,Women's life,Women's life: keyword evidence,memory/testimony,original radio play,"Originalhörspiel, Kurzhörspiel",False
https://hoerspiele.dra.de/detailansicht/5051469,ETTY (2. Teil),2025,DRA,Ordinary / private person,Fallback: no named public role detected in available metadata,diary/letters,adaptation,Hörspielbearbeitung,False
https://hoerspiele.dra.de/detailansicht/5051389,P R I N C E - FunkyPurpleAssoziationen,2026,DRA,Musician / composer,Musician / composer: keyword evidence,portrait; memory/testimony,original radio play,Originalhörspiel,False
https://hoerspiele.dra.de/detailansicht/5051454,ETTY (1. Teil),2025,DRA,Ordinary / private person,Fallback: no named public role detected in available metadata,diary/letters,adaptation,Hörspielbearbeitung,False
https://hoerspiele.dra.de/detailansicht/5050267,Die wirkliche Lämmchenhaftigkeit,2026,DRA,Women's life; Musician / composer; Family / intimate life,Women's life: keyword evidence | Musician / composer: keyword evidence | Family / intimate life: keyword evidence,memory/testimony,original radio play,Originalhörspiel,False
https://wirklichkeitimradio.de/stueck/bananen-heinz/,Bananen-Heinz,1983,Wirklichkeit,Women's life; Author / literary figure; Musician / composer; Artist / visual artist; Political / historical figure; Scholar / intellectual; Family / intimate life; Collective / community,Women's life: keyword evidence | Author / literary figure: keyword evidence | Musician / composer: keyword evidence | Artist / visual artist: keyword evidence | Political / historical figure: keyword evidence | Scholar / intellectual: keyword evidence | Family / intimate life: keyword evidence | Collective / community: keyword evidence,life story,feature / documentary,Feature / documentary radio work,True
https://wirklichkeitimradio.de/stueck/so-long-goodbye/,So long good-bye,1978,Wirklichkeit,Women's life; Author / literary figure; Musician / composer; Family / intimate life; Collective / community,Women's life: keyword evidence | Author / literary figure: keyword evidence | Musician / composer: keyword evidence | Family / intimate life: keyword evidence | Collective / community: keyword evidence,memory/testimony,feature / documentary,Feature / documentary radio work,True
https://wirklichkeitimradio.de/stueck/ein-weites-dunkles-land/,Ein weites dunkles Land,1982,Wirklichkeit,Women's life; Author / literary figure; Musician / composer; Artist / visual artist; Actor / performer; Family / intimate life; Collective / community,Women's life: keyword evidence | Author / literary figure: keyword evidence | Musician / composer: keyword evidence | Artist / visual artist: keyword evidence | Actor / performer: keyword evidence | Family / intimate life: keyword evidence | Collective / community: keyword evidence,memory/testimony,feature / documentary,Feature / documentary radio work,True
https://wirklichkeitimradio.de/stueck/gar-nicht-so-einfach-sich-am-leben-vorbeizuschleifen/,"Gar nicht so einfach, sich am Leben vorbeizuschleifen",1981,Wirklichkeit,Author / literary figure; Actor / performer; Scholar / intellectual; Family / intimate life; Collective / community,Author / literary figure: keyword evidence | Actor / performer: keyword evidence | Scholar / intellectual: keyword evidence | Family / intimate life: keyword evidence | Collective / community: keyword evidence,portrait; memory/testimony,feature / documentary,Feature / documentary radio work,True
https://wirklichkeitimradio.de/stueck/mein-partner-hansipiepchen/,Mein Partner Hansipiepchen,1973,Wirklichkeit,Women's life; Author / literary figure; Musician / composer; Artist / visual artist; Actor / performer; Family / intimate life; Collective / community,Women's life: keyword evidence | Author / literary figure: keyword evidence | Musician / composer: keyword evidence | Artist / visual artist: keyword evidence | Actor / performer: keyword evidence | Family / intimate life: keyword evidence | Collective / community: keyword evidence,diary/letters,feature / documentary,Feature / documentary radio work,True
https://wirklichkeitimradio.de/stueck/springtime-it-brings-on-the-shearing/,Springtime it brings on the shearing,1987,Wirklichkeit,Women's life; Author / literary figure; Musician / composer; Artist / visual artist; Actor / performer; Family / intimate life,Women's life: keyword evidence | Author / literary figure: keyword evidence | Musician / composer: keyword evidence | Artist / visual artist: keyword evidence | Actor / performer: keyword evidence | Family / intimate life: keyword evidence,memory/testimony,feature / documentary,Feature / documentary radio work,True
https://wirklichkeitimradio.de/stueck/der-dicke-lipinski/,Der dicke Lipinski,1989,Wirklichkeit,Women's life; Author / literary figure; Musician / composer; Artist / visual artist; Actor / performer; Political / historical figure; Family / intimate life; Collective / community,Women's life: keyword evidence | Author / literary figure: keyword evidence | Musician / composer: keyword evidence | Artist / visual artist: keyword evidence | Actor / performer: keyword evidence | Political / historical figure: keyword evidence | Family / intimate life: keyword evidence | Collective / community: keyword evidence,portrait,feature / documentary,Feature / documentary radio work,True
https://wirklichkeitimradio.de/stueck/die-callas-beschreibung-einer-leidenschaft/,Die Callas — Beschreibung einer Leidenschaft,1987,Wirklichkeit,Women's life; Author / literary figure; Musician / composer; Artist / visual artist; Actor / performer; Scholar / intellectual; Family / intimate life,Women's life: keyword evidence | Author / literary figure: keyword evidence | Musician / composer: keyword evidence | Artist / visual artist: keyword evidence | Actor / performer: keyword evidence | Scholar / intellectual: keyword evidence | Family / intimate life: keyword evidence,portrait; biography,feature / documentary,Feature / documentary radio work,True
https://wirklichkeitimradio.de/stueck/vorname-jonas/,Vorname Jonas,1983,Wirklichkeit,Author / literary figure; Musician / composer; Actor / performer; Political / historical figure; Family / intimate life; Collective / community,Author / literary figure: keyword evidence | Musician / composer: keyword evidence | Actor / performer: keyword evidence | Political / historical figure: keyword evidence | Family / intimate life: keyword evidence | Collective / community: keyword evidence,biography,feature / documentary,Feature / documentary radio work,True
https://wirklichkeitimradio.de/stueck/mirjam/,Mirjam,1975,Wirklichkeit,Women's life; Author / literary figure; Musician / composer; Artist / visual artist; Scholar / intellectual; Family / intimate life,Women's life: keyword evidence | Author / literary figure: keyword evidence | Musician / composer: keyword evidence | Artist / visual artist: keyword evidence | Scholar / intellectual: keyword evidence | Family / intimate life: keyword evidence,portrait,feature / documentary,Feature / documentary radio work,True
https://wirklichkeitimradio.de/stueck/jetzt/,Jetzt,1998,Wirklichkeit,Women's life; Author / literary figure; Musician / composer; Artist / visual artist; Actor / performer; Political / historical figure; Family / intimate life; Collective / community,Women's life: keyword evidence | Author / literary figure: keyword evidence | Musician / composer: keyword evidence | Artist / visual artist: keyword evidence | Actor / performer: keyword evidence | Political / historical figure: keyword evidence | Family / intimate life: keyword evidence | Collective / community: keyword evidence,portrait,feature / documentary,Feature / documentary radio work,True
https://wirklichkeitimradio.de/stueck/verkaufskanonen/,Verkaufskanonen,1976,Wirklichkeit,Author / literary figure; Artist / visual artist,Author / literary figure: keyword evidence | Artist / visual artist: keyword evidence,diary/letters,feature / documentary,Feature / documentary radio work,True
https://wirklichkeitimradio.de/stueck/steh-auf-es-ist-krieg/,"Steh auf, es ist Krieg!",1986,Wirklichkeit,Author / literary figure; Musician / composer; Political / historical figure; Family / intimate life; Collective / community,Author / literary figure: keyword evidence | Musician / composer: keyword evidence | Political / historical figure: keyword evidence | Family / intimate life: keyword evidence | Collective / community: keyword evidence,memory/testimony,feature / documentary,Feature / documentary radio work,True
https://wirklichkeitimradio.de/stueck/die-bidonvilles-von-paris/,Die Bidonvilles von Paris,1967,Wirklichkeit,Women's life; Author / literary figure; Musician / composer; Artist / visual artist; Actor / performer; Political / historical figure; Family / intimate life; Collective / community,Women's life: keyword evidence | Author / literary figure: keyword evidence | Musician / composer: keyword evidence | Artist / visual artist: keyword evidence | Actor / performer: keyword evidence | Political / historical figure: keyword evidence | Family / intimate life: keyword evidence | Collective / community: keyword evidence,diary/letters,feature / documentary,Feature / documentary radio work,True
https://wirklichkeitimradio.de/stueck/schnee-auf-pflaumenbluete/,Schnee auf Pflaumenblüte,2004,Wirklichkeit,Women's life; Author / literary figure; Musician / composer; Actor / performer; Political / historical figure; Family / intimate life; Collective / community,Women's life: keyword evidence | Author / literary figure: keyword evidence | Musician / composer: keyword evidence | Actor / performer: keyword evidence | Political / historical figure: keyword evidence | Family / intimate life: keyword evidence | Collective / community: keyword evidence,implicit,feature / documentary,Feature / documentary radio work,True
https://www.hoerspielundfeature.de/angst-haben-fast-alle-100.html,Angst haben fast alle,2024,DLF/DLF Kultur,Author / literary figure; Scholar / intellectual; Family / intimate life; Collective / community,Author / literary figure: keyword evidence | Scholar / intellectual: keyword evidence | Family / intimate life: keyword evidence | Collective / community: keyword evidence,life story,feature / documentary,Feature,True
https://www.hoerspielundfeature.de/feature-verlorene-freiheit-100.html,Verlorene Freiheit,2026,DLF/DLF Kultur,Women's life; Author / literary figure; Political / historical figure; Family / intimate life,Women's life: keyword evidence | Author / literary figure: keyword evidence | Political / historical figure: keyword evidence | Family / intimate life: keyword evidence,life story,feature / documentary,Feature,True
https://www.hoerspielundfeature.de/feature-eingraviert-100.html,Eingraviert,2026,DLF/DLF Kultur,Women's life; Author / literary figure; Family / intimate life; Collective / community,Women's life: keyword evidence | Author / literary figure: keyword evidence | Family / intimate life: keyword evidence | Collective / community: keyword evidence,implicit,feature / documentary,Feature,True
https://www.hoerspielundfeature.de/la-belle-teil-1-krimi-terror-auf-der-tanzflaeche-100.html,Terror auf der Tanzfläche (1/2),2026,DLF/DLF Kultur,Women's life; Actor / performer; Political / historical figure,Women's life: keyword evidence | Actor / performer: keyword evidence | Political / historical figure: keyword evidence,life story,other,krimi,True
https://www.hoerspielundfeature.de/unsere-vergorenen-wunden-100.html,Unsere vergorenen Wunden,2026,DLF/DLF Kultur,Women's life; Author / literary figure,Women's life: keyword evidence | Author / literary figure: keyword evidence,memory/testimony,other,Hörspiel,True
https://www.hoerspielundfeature.de/doku-drops-12-unvergessen-100.html,doku drops 12: (Un)Vergessen,2026,DLF/DLF Kultur,Women's life; Author / literary figure; Musician / composer; Artist / visual artist; Family / intimate life,Women's life: keyword evidence | Author / literary figure: keyword evidence | Musician / composer: keyword evidence | Artist / visual artist: keyword evidence | Family / intimate life: keyword evidence,memory/testimony,feature / documentary,Feature,True
https://www.hoerspielundfeature.de/laendliche-kueche-in-zentralfrankreich-106.html,Ländliche Küche in Zentralfrankreich,2026,DLF/DLF Kultur,Women's life; Musician / composer; Artist / visual artist; Political / historical figure; Scholar / intellectual; Family / intimate life; Collective / community,Women's life: keyword evidence | Musician / composer: keyword evidence | Artist / visual artist: keyword evidence | Political / historical figure: keyword evidence | Scholar / intellectual: keyword evidence | Family / intimate life: keyword evidence | Collective / community: keyword evidence,implicit,other,Hörspiel,True
https://www.hoerspielundfeature.de/feature-prinzenbad-100.html,Prinzenbad,2026,DLF/DLF Kultur,Women's life; Author / literary figure; Family / intimate life; Collective / community,Women's life: keyword evidence | Author / literary figure: keyword evidence | Family / intimate life: keyword evidence | Collective / community: keyword evidence,life story,feature / documentary,Feature,True
https://www.hoerspielundfeature.de/ostdeutsche-leben-2-4-liebe-in-zeiten-der-schichtarbeit-100.html,Liebe in Zeiten der Schichtarbeit,2023,DLF/DLF Kultur,Women's life; Author / literary figure; Artist / visual artist; Political / historical figure; Family / intimate life; Collective / community,Women's life: keyword evidence | Author / literary figure: keyword evidence | Artist / visual artist: keyword evidence | Political / historical figure: keyword evidence | Family / intimate life: keyword evidence | Collective / community: keyword evidence,memory/testimony,feature / documentary,Feature,True
https://www.hoerspielundfeature.de/immer-der-nase-nach-vom-stallgeruch-bis-zum-stinkefinger-104.html,Immer der Nase nach – vom Stallgeruch bis zum Stinkefinger,2026,DLF/DLF Kultur,Women's life; Author / literary figure; Musician / composer; Artist / visual artist; Scholar / intellectual; Family / intimate life; Collective / community,Women's life: keyword evidence | Author / literary figure: keyword evidence | Musician / composer: keyword evidence | Artist / visual artist: keyword evidence | Scholar / intellectual: keyword evidence | Family / intimate life: keyword evidence | Collective / community: keyword evidence,implicit,feature / documentary,Feature,True
https://www.hoerspielundfeature.de/iolanda-eine-poetin-aus-sardinien-100.html,Iolanda,2026,DLF/DLF Kultur,Women's life; Author / literary figure; Musician / composer; Artist / visual artist,Women's life: keyword evidence | Author / literary figure: keyword evidence | Musician / composer: keyword evidence | Artist / visual artist: keyword evidence,implicit,feature / documentary,Feature,True
https://www.hoerspielundfeature.de/dona-dora-und-die-wueste-100.html,Doña Dora und die Wüste,2025,DLF/DLF Kultur,Women's life; Musician / composer; Family / intimate life; Collective / community,Women's life: keyword evidence | Musician / composer: keyword evidence | Family / intimate life: keyword evidence | Collective / community: keyword evidence,implicit,feature / documentary,Feature,True
https://www.hoerspielundfeature.de/feature-ein-zimmer-fuer-mich-allein-und-jetzt-eigenbedarf-umverteilung-100.html,"Eigenbedarf, Umverteilung und ein Fernsehpromi",2025,DLF/DLF Kultur,Women's life; Author / literary figure; Family / intimate life; Collective / community,Women's life: keyword evidence | Author / literary figure: keyword evidence | Family / intimate life: keyword evidence | Collective / community: keyword evidence,implicit,other,Dlf Doku Serie,True
https://www.hoerspielundfeature.de/feature-zimmer-fuer-mich-allein-kleine-wohnung-100.html,"Kleine Wohnung, Deadlines und Luxusprobleme",2025,DLF/DLF Kultur,Women's life; Author / literary figure; Family / intimate life,Women's life: keyword evidence | Author / literary figure: keyword evidence | Family / intimate life: keyword evidence,implicit,other,Dlf Doku Serie,True
https://www.hoerspielundfeature.de/heroin-im-alter-100.html,Heroin im Alter,2026,DLF/DLF Kultur,Women's life; Author / literary figure; Actor / performer; Collective / community,Women's life: keyword evidence | Author / literary figure: keyword evidence | Actor / performer: keyword evidence | Collective / community: keyword evidence,implicit,feature / documentary,Feature,True
https://www.hoerspielundfeature.de/feature-100.html,Feature,2026,DLF/DLF Kultur,Women's life; Author / literary figure; Musician / composer; Family / intimate life,Women's life: keyword evidence | Author / literary figure: keyword evidence | Musician / composer: keyword evidence | Family / intimate life: keyword evidence,implicit,feature / documentary,Feature,True
https://www.hoerspielundfeature.de/hoerspiel-des-monats-dezember-2025-nie-wieder-gut-100.html,NIEWIEDERGUT oder Darf jetzt wirklich ein Jude der König von Bayern sein,2026,DLF/DLF Kultur,Women's life; Author / literary figure; Musician / composer; Artist / visual artist; Political / historical figure; Family / intimate life,Women's life: keyword evidence | Author / literary figure: keyword evidence | Musician / composer: keyword evidence | Artist / visual artist: keyword evidence | Political / historical figure: keyword evidence | Family / intimate life: keyword evidence,implicit,sound art,Klangkunst,True
https://www.hoerspielundfeature.de/hoerspiel-100.html,Hörspiel,2026,DLF/DLF Kultur,Women's life; Author / literary figure; Musician / composer; Actor / performer; Family / intimate life,Women's life: keyword evidence | Author / literary figure: keyword evidence | Musician / composer: keyword evidence | Actor / performer: keyword evidence | Family / intimate life: keyword evidence,implicit,other,Hörspiel,True
https://www.hoerspielundfeature.de/hoerspiel-ueber-nationalistische-gewalt-wolfwelt-100.html,Wolfwelt,2025,DLF/DLF Kultur,Women's life; Author / literary figure; Actor / performer; Political / historical figure; Family / intimate life; Collective / community,Women's life: keyword evidence | Author / literary figure: keyword evidence | Actor / performer: keyword evidence | Political / historical figure: keyword evidence | Family / intimate life: keyword evidence | Collective / community: keyword evidence,memory/testimony,other,Hörspiel,True
https://www.hoerspielundfeature.de/reihe-wirklichkeit-im-radio-die-callas-beschreibung-einer-leidenschaft-teil-2-100.html,Die Callas – Beschreibung einer Leidenschaft (2/2),2024,DLF/DLF Kultur,Women's life; Author / literary figure; Musician / composer; Artist / visual artist; Actor / performer; Family / intimate life,Women's life: keyword evidence | Author / literary figure: keyword evidence | Musician / composer: keyword evidence | Artist / visual artist: keyword evidence | Actor / performer: keyword evidence | Family / intimate life: keyword evidence,implicit,feature / documentary,Feature,True
https://www.hoerspielundfeature.de/reihe-wirklichkeit-im-radio-die-callas-beschreibung-einer-leidenschaft-teil-1-100.html,Die Callas - Beschreibung einer Leidenschaft (1/2),2024,DLF/DLF Kultur,Women's life; Author / literary figure; Musician / composer; Artist / visual artist; Actor / performer; Family / intimate life,Women's life: keyword evidence | Author / literary figure: keyword evidence | Musician / composer: keyword evidence | Artist / visual artist: keyword evidence | Actor / performer: keyword evidence | Family / intimate life: keyword evidence,implicit,feature / documentary,Feature,True
https://www.hoerspielundfeature.de/lone-star-texas-feature-teil-2-100.html,Lone Star (2/2),2024,DLF/DLF Kultur,Women's life; Musician / composer; Artist / visual artist; Family / intimate life; Collective / community,Women's life: keyword evidence | Musician / composer: keyword evidence | Artist / visual artist: keyword evidence | Family / intimate life: keyword evidence | Collective / community: keyword evidence,portrait; biography,feature / documentary,Feature,True
https://www.hoerspielundfeature.de/kunststuecke-ich-bin-der-ursprung-von-allem-100.html,Ich bin der Ursprung von allem,2024,DLF/DLF Kultur,Author / literary figure; Artist / visual artist; Actor / performer,Author / literary figure: keyword evidence | Artist / visual artist: keyword evidence | Actor / performer: keyword evidence,portrait; biography,other,hoerspiel,True
https://www.hoerspielundfeature.de/wiedersehen-nach-70-jahren-mein-freund-lennie-oder-die-reise-100.html,Mein Freund Lennie oder die Reise,2024,DLF/DLF Kultur,Author / literary figure; Actor / performer; Family / intimate life,Author / literary figure: keyword evidence | Actor / performer: keyword evidence | Family / intimate life: keyword evidence,biography,other,Hörspiel,True
https://www.hoerspielundfeature.de/die-konferenz-der-fluesse-teil-05-100.html,Die Konferenz der Flüsse (5/6) - Stimmen im Fluss,2023,DLF/DLF Kultur,Author / literary figure; Actor / performer,Author / literary figure: keyword evidence | Actor / performer: keyword evidence,biography,other,Hörspiel,True
https://www.hoerspielundfeature.de/reihe-wirklichkeit-im-radio-bananen-heinz-100.html,Bananen-Heinz,2024,DLF/DLF Kultur,Author / literary figure; Musician / composer; Artist / visual artist; Actor / performer; Political / historical figure; Family / intimate life; Collective / community,Author / literary figure: keyword evidence | Musician / composer: keyword evidence | Artist / visual artist: keyword evidence | Actor / performer: keyword evidence | Political / historical figure: keyword evidence | Family / intimate life: keyword evidence | Collective / community: keyword evidence,portrait,feature / documentary,Feature,True
https://www.hoerspielundfeature.de/sanguiniker-zwischen-spass-und-unvernunft-leicht-leben-100.html,Leicht leben ,2023,DLF/DLF Kultur,Author / literary figure; Artist / visual artist; Scholar / intellectual,Author / literary figure: keyword evidence | Artist / visual artist: keyword evidence | Scholar / intellectual: keyword evidence,life story,other,Freistil,True
https://www.hoerspielundfeature.de/ich-war-ein-praktisches-maedchen-das-ukrainische-tagebuch-meiner-mutter-dlf-dc7a1484-100.html,Ich war ein praktisches Mädchen - Das ukrainische Tagebuch meiner Mutter,2023,DLF/DLF Kultur,Women's life; Family / intimate life,Women's life: keyword evidence | Family / intimate life: keyword evidence,diary/letters,feature / documentary,Feature,True
https://www.hoerspielundfeature.de/ich-war-ein-praktisches-maedchen-100.html,Ich war ein praktisches Mädchen,2023,DLF/DLF Kultur,Women's life; Author / literary figure; Actor / performer; Family / intimate life,Women's life: keyword evidence | Author / literary figure: keyword evidence | Actor / performer: keyword evidence | Family / intimate life: keyword evidence,diary/letters; life story,feature / documentary,Feature,True
https://www.hoerspielundfeature.de/anne-lister-100.html,Anne Lister - Eine erotische Biografie,2026,DLF/DLF Kultur,Women's life; Author / literary figure; Musician / composer; Actor / performer; Scholar / intellectual; Family / intimate life,Women's life: keyword evidence | Author / literary figure: keyword evidence | Musician / composer: keyword evidence | Actor / performer: keyword evidence | Scholar / intellectual: keyword evidence | Family / intimate life: keyword evidence,biography,sound art,Klangkunst,True
https://www.hoerspielundfeature.de/hoerspiel-nach-max-frisch-montauk-2-100.html,Montauk (2/2),2021,DLF/DLF Kultur,Women's life; Author / literary figure; Artist / visual artist; Actor / performer; Scholar / intellectual; Family / intimate life,Women's life: keyword evidence | Author / literary figure: keyword evidence | Artist / visual artist: keyword evidence | Actor / performer: keyword evidence | Scholar / intellectual: keyword evidence | Family / intimate life: keyword evidence,biography; autobiography; diary/letters; memory/testimony,other,Unknown genre,True
https://www.hoerspielundfeature.de/hoerspiel-hoerspiel-des-monats-ein-schwarm-regenbrachvoegel-100.html,Hörspiel des Monats: Ein Schwarm Regenbrachvögel,2004,DLF/DLF Kultur,Author / literary figure; Musician / composer; Actor / performer; Family / intimate life; Collective / community,Author / literary figure: keyword evidence | Musician / composer: keyword evidence | Actor / performer: keyword evidence | Family / intimate life: keyword evidence | Collective / community: keyword evidence,implicit,other,Unknown genre,True
https://www.hoerspielundfeature.de/die-angestellten-poetische-dystopie-von-olga-ravn-100.html,Die Angestellten,2026,DLF/DLF Kultur,Women's life; Author / literary figure; Actor / performer; Political / historical figure; Family / intimate life,Women's life: keyword evidence | Author / literary figure: keyword evidence | Actor / performer: keyword evidence | Political / historical figure: keyword evidence | Family / intimate life: keyword evidence,portrait,sound art,Klangkunst,True
https://www.hoerspielundfeature.de/monument-fuer-eine-stimme-100.html,Monument für eine Stimme,2024,DLF/DLF Kultur,Women's life; Author / literary figure; Actor / performer; Political / historical figure; Family / intimate life,Women's life: keyword evidence | Author / literary figure: keyword evidence | Actor / performer: keyword evidence | Political / historical figure: keyword evidence | Family / intimate life: keyword evidence,implicit,feature / documentary,Feature,True
https://www.hoerspielundfeature.de/hoerspiel-ein-held-unserer-zeit-100.html,Ein Held unserer Zeit,2024,DLF/DLF Kultur,Women's life; Author / literary figure; Musician / composer; Political / historical figure; Scholar / intellectual; Family / intimate life; Collective / community,Women's life: keyword evidence | Author / literary figure: keyword evidence | Musician / composer: keyword evidence | Political / historical figure: keyword evidence | Scholar / intellectual: keyword evidence | Family / intimate life: keyword evidence | Collective / community: keyword evidence,implicit,other,Hörspiel,True
https://www.hoerspielundfeature.de/plus-null-komma-fuenf-windstill-100.html,plus null komma fünf windstill,2026,DLF/DLF Kultur,Women's life; Author / literary figure; Musician / composer; Actor / performer; Political / historical figure; Family / intimate life; Collective / community,Women's life: keyword evidence | Author / literary figure: keyword evidence | Musician / composer: keyword evidence | Actor / performer: keyword evidence | Political / historical figure: keyword evidence | Family / intimate life: keyword evidence | Collective / community: keyword evidence,memory/testimony,sound art,Klangkunst,True
https://www.hoerspielundfeature.de/van-gogh-vermeer-raffael-auf-der-suche-nach-verschollenen-meisterwerken-dlf-f122d4c3-100.html,Auf der Suche nach verschollenen Meisterwerken,2024,DLF/DLF Kultur,Women's life; Artist / visual artist; Political / historical figure; Family / intimate life; Collective / community,Women's life: keyword evidence | Artist / visual artist: keyword evidence | Political / historical figure: keyword evidence | Family / intimate life: keyword evidence | Collective / community: keyword evidence,portrait,feature / documentary,Feature,True
https://www.hoerspielundfeature.de/feature-van-gogh-vermeer-raffael-100.html,Auf der Suche nach verschollenen Meisterwerken,2024,DLF/DLF Kultur,Women's life; Author / literary figure; Artist / visual artist; Family / intimate life,Women's life: keyword evidence | Author / literary figure: keyword evidence | Artist / visual artist: keyword evidence | Family / intimate life: keyword evidence,portrait,feature / documentary,Feature,True
https://www.hoerspielundfeature.de/reihe-wirklichkeit-im-radio-der-dicke-lipinski-100.html,Der dicke Lipinski,2019,DLF/DLF Kultur,Women's life; Author / literary figure; Musician / composer; Artist / visual artist; Actor / performer; Political / historical figure; Family / intimate life; Collective / community,Women's life: keyword evidence | Author / literary figure: keyword evidence | Musician / composer: keyword evidence | Artist / visual artist: keyword evidence | Actor / performer: keyword evidence | Political / historical figure: keyword evidence | Family / intimate life: keyword evidence | Collective / community: keyword evidence,portrait,feature / documentary,Feature,True
https://www.hoerspielundfeature.de/frauenliteraturmonat-sasha-marianna-salzmann-stoert-das-100.html,Sasha Marianna Salzmann stört das Schema,2024,DLF/DLF Kultur,Women's life; Author / literary figure; Artist / visual artist; Actor / performer; Political / historical figure; Family / intimate life,Women's life: keyword evidence | Author / literary figure: keyword evidence | Artist / visual artist: keyword evidence | Actor / performer: keyword evidence | Political / historical figure: keyword evidence | Family / intimate life: keyword evidence,implicit,feature / documentary,Feature,True
https://www.hoerspielundfeature.de/klangkunst-achim-freyer-trifft-100.html,Achim Freyer trifft Don Giovanni am Checkpoint Charlie,2024,DLF/DLF Kultur,Author / literary figure; Musician / composer; Artist / visual artist; Actor / performer,Author / literary figure: keyword evidence | Musician / composer: keyword evidence | Artist / visual artist: keyword evidence | Actor / performer: keyword evidence,portrait,sound art,Klangkunst,True
https://www.hoerspielundfeature.de/achim-freyer-trifft-don-giovanni-am-checkpoint-charlie-dlf-kultur-95b4978e-100.html,Achim Freyer trifft Don Giovanni am Checkpoint Charlie,2024,DLF/DLF Kultur,Author / literary figure; Musician / composer; Artist / visual artist; Actor / performer,Author / literary figure: keyword evidence | Musician / composer: keyword evidence | Artist / visual artist: keyword evidence | Actor / performer: keyword evidence,portrait,sound art,Klangkunst,True
https://www.hoerspielundfeature.de/der-legendenseher-erinnerungen-an-sergej-paradschanow-dlf-ffd60d9f-100.html,Der Legendenseher,2024,DLF/DLF Kultur,Artist / visual artist,Artist / visual artist: keyword evidence,memory/testimony,feature / documentary,Feature,True
https://www.hoerspielundfeature.de/erinnerungen-an-sergei-paradschanow-der-legendenseher-100.html,Der Legendenseher,2024,DLF/DLF Kultur,Author / literary figure; Artist / visual artist; Actor / performer; Family / intimate life,Author / literary figure: keyword evidence | Artist / visual artist: keyword evidence | Actor / performer: keyword evidence | Family / intimate life: keyword evidence,memory/testimony,feature / documentary,Feature,True
https://www.hoerspielundfeature.de/maestro-der-comebacks-100.html,Maestro der Comebacks,2024,DLF/DLF Kultur,Author / literary figure; Musician / composer; Artist / visual artist; Actor / performer; Political / historical figure,Author / literary figure: keyword evidence | Musician / composer: keyword evidence | Artist / visual artist: keyword evidence | Actor / performer: keyword evidence | Political / historical figure: keyword evidence,portrait; life story,feature / documentary,Feature,True
https://www.hoerspielundfeature.de/mysterioeser-tiefton-es-brummt-100.html,Es brummt,2025,DLF/DLF Kultur,Women's life; Author / literary figure; Actor / performer; Family / intimate life; Collective / community,Women's life: keyword evidence | Author / literary figure: keyword evidence | Actor / performer: keyword evidence | Family / intimate life: keyword evidence | Collective / community: keyword evidence,implicit,feature / documentary,Feature,True
https://www.hoerspielundfeature.de/der-fall-padura-100.html,Der Fall Padura,2025,DLF/DLF Kultur,Author / literary figure; Actor / performer; Political / historical figure,Author / literary figure: keyword evidence | Actor / performer: keyword evidence | Political / historical figure: keyword evidence,implicit,feature / documentary,Feature,True
https://www.hoerspielundfeature.de/portrait-einer-jaegerin-weidwerk-100.html,Weidwerk,2022,DLF/DLF Kultur,Women's life; Author / literary figure; Musician / composer; Artist / visual artist,Women's life: keyword evidence | Author / literary figure: keyword evidence | Musician / composer: keyword evidence | Artist / visual artist: keyword evidence,portrait,feature / documentary,Feature,True
https://www.hoerspielundfeature.de/portrait-sven-ingo-koch-100.html,Vom Glück der Abwechslung,2021,DLF/DLF Kultur,Women's life; Author / literary figure; Musician / composer; Artist / visual artist; Actor / performer; Political / historical figure; Family / intimate life; Collective / community,Women's life: keyword evidence | Author / literary figure: keyword evidence | Musician / composer: keyword evidence | Artist / visual artist: keyword evidence | Actor / performer: keyword evidence | Political / historical figure: keyword evidence | Family / intimate life: keyword evidence | Collective / community: keyword evidence,portrait,other,Hörspiel,True
https://www.hoerspielundfeature.de/eine-jugend-am-rand-der-grossstadt-kevin-100.html,Kevin,2021,DLF/DLF Kultur,Author / literary figure; Family / intimate life; Collective / community,Author / literary figure: keyword evidence | Family / intimate life: keyword evidence | Collective / community: keyword evidence,implicit,feature / documentary,Feature,True
https://www.hoerspielundfeature.de/frauenstimmen-portrait-der-sexualwissenschaftlerin-100.html,"Die Pionierin der Sexualwissenschaft, Charlotte Wolff, bittet um die Hand",2021,DLF/DLF Kultur,Women's life; Author / literary figure; Actor / performer,Women's life: keyword evidence | Author / literary figure: keyword evidence | Actor / performer: keyword evidence,portrait,other,Unknown genre,True
https://www.hoerspielundfeature.de/portrait-des-hoerspiel-komponisten-dietrich-petzold-100.html,Sprachmusik,2021,DLF/DLF Kultur,Women's life; Author / literary figure; Musician / composer; Actor / performer; Political / historical figure; Scholar / intellectual; Family / intimate life; Collective / community,Women's life: keyword evidence | Author / literary figure: keyword evidence | Musician / composer: keyword evidence | Actor / performer: keyword evidence | Political / historical figure: keyword evidence | Scholar / intellectual: keyword evidence | Family / intimate life: keyword evidence | Collective / community: keyword evidence,portrait,other,Hörspielmagazin,True
https://www.hoerspielundfeature.de/hoerspielmagazin-04-21-neues-aus-der-welt-der-akustischen-100.html,Neues aus der Welt der Akustischen Kunst,2021,DLF/DLF Kultur,Musician / composer; Artist / visual artist,Musician / composer: keyword evidence | Artist / visual artist: keyword evidence,portrait,other,Hörspielmagazin,True
https://www.hoerspielundfeature.de/portrait-der-tuerkische-komponist-emre-duendar-100.html,Der türkische Komponist Emre Dündar,2021,DLF/DLF Kultur,Women's life; Author / literary figure; Musician / composer; Artist / visual artist; Actor / performer; Family / intimate life,Women's life: keyword evidence | Author / literary figure: keyword evidence | Musician / composer: keyword evidence | Artist / visual artist: keyword evidence | Actor / performer: keyword evidence | Family / intimate life: keyword evidence,portrait,other,Hörspielmagazin,True
https://www.hoerspielundfeature.de/hoerspielmagazin-02-21-neues-aus-der-welt-der-akustischen-100.html,Neues aus der Welt der Akustischen Kunst,2021,DLF/DLF Kultur,Women's life; Musician / composer; Artist / visual artist; Actor / performer,Women's life: keyword evidence | Musician / composer: keyword evidence | Artist / visual artist: keyword evidence | Actor / performer: keyword evidence,portrait,other,Hörspielmagazin,True
https://www.hoerspielundfeature.de/hoerspielmagazin-09-20-portrait-martin-schuetz-podcast-dlf-8320ec4f-100.html,Hörspielmagazin 09/20: Portrait Martin Schütz (Podcast),2020,DLF/DLF Kultur,Ordinary / private person,Fallback: no named public role detected in available metadata,portrait,other,Hörspielmagazin,True
https://www.hoerspielundfeature.de/hoerspielmagazin-08-20-portrait-hardy-kurda-podcast-dlf-09bde680-100.html,Hörspielmagazin 08/20: Portrait Hardy Kurda (Podcast),2020,DLF/DLF Kultur,Ordinary / private person,Fallback: no named public role detected in available metadata,portrait,other,Hörspielmagazin,True
https://www.hoerspielundfeature.de/hoerspielmagazin-07-20-portrait-annika-von-trier-podcast-dlf-8d98c01c-100.html,Hörspielmagazin 07/20: Portrait AnniKa von Trier (Podcast),2020,DLF/DLF Kultur,Ordinary / private person,Fallback: no named public role detected in available metadata,portrait,other,Hörspielmagazin,True
https://www.hoerspielundfeature.de/hoerspielmagazin-06-20-portrait-volkan-t-podcast-dlf-b38182b7-100.html,Hörspielmagazin 06/ 20 - Portrait Volkan T(Podcast),2020,DLF/DLF Kultur,Ordinary / private person,Fallback: no named public role detected in available metadata,portrait,other,Hörspielmagazin,True
https://www.hoerspielundfeature.de/hoerspielmagazin-06-20-neues-aus-der-welt-der-akustischen-100.html,Neues aus der Welt der akustischen Kunst,2020,DLF/DLF Kultur,Author / literary figure; Musician / composer; Artist / visual artist,Author / literary figure: keyword evidence | Musician / composer: keyword evidence | Artist / visual artist: keyword evidence,implicit,other,Hörspielmagazin,True
https://www.hoerspielundfeature.de/40-jahre-freie-republik-wendland-ausgrabung-einer-utopie-100.html,Ausgrabung einer Utopie,2020,DLF/DLF Kultur,Women's life; Author / literary figure; Artist / visual artist; Political / historical figure; Family / intimate life,Women's life: keyword evidence | Author / literary figure: keyword evidence | Artist / visual artist: keyword evidence | Political / historical figure: keyword evidence | Family / intimate life: keyword evidence,implicit,feature / documentary,Feature,True
https://www.hoerspielundfeature.de/tagebuecher-eines-radikalen-kuenstlers-im-schatten-des-100.html,Im Schatten des amerikanischen Traums,2020,DLF/DLF Kultur,Author / literary figure; Musician / composer; Artist / visual artist; Actor / performer; Political / historical figure,Author / literary figure: keyword evidence | Musician / composer: keyword evidence | Artist / visual artist: keyword evidence | Actor / performer: keyword evidence | Political / historical figure: keyword evidence,diary/letters,other,Unknown genre,True
https://www.hoerspielundfeature.de/jane-eyre-teil-1-wiederholung-100.html,Jane Eyre (1/3),2026,DLF/DLF Kultur,Women's life; Author / literary figure; Family / intimate life; Collective / community,Women's life: keyword evidence | Author / literary figure: keyword evidence | Family / intimate life: keyword evidence | Collective / community: keyword evidence,life story,sound art,Klangkunst,True
https://www.hoerspielundfeature.de/albatros-100.html,Albatros,2026,DLF/DLF Kultur,Women's life; Author / literary figure; Musician / composer; Artist / visual artist; Family / intimate life; Collective / community,Women's life: keyword evidence | Author / literary figure: keyword evidence | Musician / composer: keyword evidence | Artist / visual artist: keyword evidence | Family / intimate life: keyword evidence | Collective / community: keyword evidence,life story,sound art,Klangkunst,True
https://www.hoerspielundfeature.de/feature-bruder-eine-geschichte-in-drei-teilen-100.html,BRUDER. Eine deutsch-litauische Geschwistergeschichte ,2022,DLF/DLF Kultur,Women's life; Author / literary figure; Musician / composer; Artist / visual artist; Family / intimate life,Women's life: keyword evidence | Author / literary figure: keyword evidence | Musician / composer: keyword evidence | Artist / visual artist: keyword evidence | Family / intimate life: keyword evidence,implicit,feature / documentary,Feature,True
https://www.hoerspielundfeature.de/wolfgang-ein-leben-auf-20000-kassetten-100.html,Wolfgang – Ein Leben auf 20.000 Kassetten	,2025,DLF/DLF Kultur,Women's life; Musician / composer; Artist / visual artist; Actor / performer; Family / intimate life; Collective / community,Women's life: keyword evidence | Musician / composer: keyword evidence | Artist / visual artist: keyword evidence | Actor / performer: keyword evidence | Family / intimate life: keyword evidence | Collective / community: keyword evidence,life story,feature / documentary,Feature,True
https://www.hoerspielundfeature.de/amerika-der-traeume-100.html,Amerika der Träume ,2023,DLF/DLF Kultur,Author / literary figure; Musician / composer; Artist / visual artist; Family / intimate life; Collective / community,Author / literary figure: keyword evidence | Musician / composer: keyword evidence | Artist / visual artist: keyword evidence | Family / intimate life: keyword evidence | Collective / community: keyword evidence,implicit,other,Büchermarkt,True
https://www.hoerspielundfeature.de/generation-u-100.html,Generation U,2026,DLF/DLF Kultur,Women's life; Author / literary figure; Musician / composer; Political / historical figure; Family / intimate life; Collective / community,Women's life: keyword evidence | Author / literary figure: keyword evidence | Musician / composer: keyword evidence | Political / historical figure: keyword evidence | Family / intimate life: keyword evidence | Collective / community: keyword evidence,implicit,feature / documentary,Feature,True
https://www.hoerspielundfeature.de/erzaehlen-wie-es-weitergeht-100.html,"Erzählen, wie es weitergeht",2026,DLF/DLF Kultur,Women's life; Author / literary figure; Political / historical figure; Family / intimate life,Women's life: keyword evidence | Author / literary figure: keyword evidence | Political / historical figure: keyword evidence | Family / intimate life: keyword evidence,memory/testimony,other,Hörspiel,True
https://www.hoerspielundfeature.de/heimgesucht-100.html,Heimgesucht,2025,DLF/DLF Kultur,Musician / composer; Artist / visual artist; Family / intimate life; Collective / community,Musician / composer: keyword evidence | Artist / visual artist: keyword evidence | Family / intimate life: keyword evidence | Collective / community: keyword evidence,memory/testimony,feature / documentary,Feature,True
https://www.hoerspielundfeature.de/doku-drops-6-old-tapes-100.html,doku drops 6: Old Tapes,2025,DLF/DLF Kultur,Unclear / needs review,Unclear: implicit life-writing signal only,implicit,feature / documentary,Feature,True
https://www.hoerspielundfeature.de/hoerspiel-des-monats-september-2025-der-afrik-100.html,Der Afrik,2026,DLF/DLF Kultur,Women's life; Author / literary figure; Musician / composer; Artist / visual artist; Actor / performer; Political / historical figure; Family / intimate life; Collective / community,Women's life: keyword evidence | Author / literary figure: keyword evidence | Musician / composer: keyword evidence | Artist / visual artist: keyword evidence | Actor / performer: keyword evidence | Political / historical figure: keyword evidence | Family / intimate life: keyword evidence | Collective / community: keyword evidence,implicit,sound art,Klangkunst,True
https://www.hoerspielundfeature.de/warum-vergessen-wir-dinge-100.html,Warum vergessen wir Dinge?,2025,DLF/DLF Kultur,Women's life; Author / literary figure,Women's life: keyword evidence | Author / literary figure: keyword evidence,implicit,other,Kakadu,True
https://www.hoerspielundfeature.de/hoerspiel-des-monats-juni-2025-schwebende-bruecken-100.html,Schwebende Brücken,2026,DLF/DLF Kultur,Women's life; Author / literary figure; Actor / performer; Family / intimate life,Women's life: keyword evidence | Author / literary figure: keyword evidence | Actor / performer: keyword evidence | Family / intimate life: keyword evidence,implicit,sound art,Klangkunst,True
https://www.hoerspielundfeature.de/konsum-und-konkurs-abschiedstour-durchs-warenhaus-2-6-100.html,Damenabteilung,2025,DLF/DLF Kultur,Women's life; Author / literary figure; Scholar / intellectual; Family / intimate life; Collective / community,Women's life: keyword evidence | Author / literary figure: keyword evidence | Scholar / intellectual: keyword evidence | Family / intimate life: keyword evidence | Collective / community: keyword evidence,implicit,other,Unknown genre,True
https://www.hoerspielundfeature.de/kindheit-und-jugend-alleestrasse-100.html,Alleestraße,2026,DLF/DLF Kultur,Women's life; Author / literary figure; Musician / composer; Political / historical figure; Scholar / intellectual; Family / intimate life,Women's life: keyword evidence | Author / literary figure: keyword evidence | Musician / composer: keyword evidence | Political / historical figure: keyword evidence | Scholar / intellectual: keyword evidence | Family / intimate life: keyword evidence,memory/testimony,sound art,Klangkunst,True
https://www.hoerspielundfeature.de/hoerspiel-ueber-koeln-die-stadt-und-die-stimmen-100.html,Die Stadt und die Stimmen,2025,DLF/DLF Kultur,Women's life; Author / literary figure; Musician / composer; Political / historical figure; Scholar / intellectual; Family / intimate life; Collective / community,Women's life: keyword evidence | Author / literary figure: keyword evidence | Musician / composer: keyword evidence | Political / historical figure: keyword evidence | Scholar / intellectual: keyword evidence | Family / intimate life: keyword evidence | Collective / community: keyword evidence,memory/testimony,other,Hörspiel,True
https://www.hoerspielundfeature.de/ein-mongolisches-roadmovie-rueckkehr-der-zauberfloete-100.html,Rückkehr der Zauberflöte,2024,DLF/DLF Kultur,Women's life; Author / literary figure; Actor / performer; Political / historical figure; Family / intimate life; Collective / community,Women's life: keyword evidence | Author / literary figure: keyword evidence | Actor / performer: keyword evidence | Political / historical figure: keyword evidence | Family / intimate life: keyword evidence | Collective / community: keyword evidence,implicit,feature / documentary,Feature,True
https://www.hoerspielundfeature.de/also-muss-ich-ueberleben-100.html,Also muss ich überleben!,2026,DLF/DLF Kultur,Author / literary figure; Musician / composer; Political / historical figure; Family / intimate life; Collective / community,Author / literary figure: keyword evidence | Musician / composer: keyword evidence | Political / historical figure: keyword evidence | Family / intimate life: keyword evidence | Collective / community: keyword evidence,diary/letters,feature / documentary,Feature,True
https://www.hoerspielundfeature.de/wer-war-anne-frank-100.html,Wer war Anne Frank?,2025,DLF/DLF Kultur,Women's life; Author / literary figure; Family / intimate life,Women's life: keyword evidence | Author / literary figure: keyword evidence | Family / intimate life: keyword evidence,diary/letters,other,Kakadu,True
https://www.hoerspielundfeature.de/herzbefellt-lyrischer-nachruf-auf-friederike-mayroecker-100.html,"HERZBEFELLT, ein Nachrufen",2025,DLF/DLF Kultur,Women's life; Author / literary figure; Musician / composer; Artist / visual artist; Actor / performer; Political / historical figure; Family / intimate life,Women's life: keyword evidence | Author / literary figure: keyword evidence | Musician / composer: keyword evidence | Artist / visual artist: keyword evidence | Actor / performer: keyword evidence | Political / historical figure: keyword evidence | Family / intimate life: keyword evidence,implicit,other,Hörspiel,True
https://www.hoerspielundfeature.de/krimi-die-vier-soehne-des-dr-march-100.html,Die vier Söhne des Dr. March,2024,DLF/DLF Kultur,Political / historical figure; Family / intimate life,Political / historical figure: keyword evidence | Family / intimate life: keyword evidence,diary/letters,other,Kriminalhörspiel,True
https://www.hoerspielundfeature.de/schiessbuden-haben-noch-immer-einen-reiz-fuer-mich-100.html,Schießbuden haben noch immer einen Reiz für mich,2026,DLF/DLF Kultur,Women's life; Author / literary figure; Artist / visual artist; Actor / performer; Political / historical figure; Collective / community,Women's life: keyword evidence | Author / literary figure: keyword evidence | Artist / visual artist: keyword evidence | Actor / performer: keyword evidence | Political / historical figure: keyword evidence | Collective / community: keyword evidence,diary/letters,sound art,Klangkunst,True
https://www.hoerspielundfeature.de/zwischen-allen-stuehlen-3-3-100.html,Zwischen allen Stühlen (3/3),2026,DLF/DLF Kultur,Women's life; Author / literary figure; Political / historical figure; Family / intimate life,Women's life: keyword evidence | Author / literary figure: keyword evidence | Political / historical figure: keyword evidence | Family / intimate life: keyword evidence,diary/letters,sound art,Klangkunst,True
https://www.hoerspielundfeature.de/zwischen-allen-stuehlen-2-3-100.html,Zwischen allen Stühlen (2/3),2026,DLF/DLF Kultur,Author / literary figure; Political / historical figure; Family / intimate life,Author / literary figure: keyword evidence | Political / historical figure: keyword evidence | Family / intimate life: keyword evidence,implicit,sound art,Klangkunst,True
https://www.hoerspielundfeature.de/die-tagebuecher-des-victor-klemperer-teil-5-100.html,Zeugnis ablegen (2/6),2024,DLF/DLF Kultur,Author / literary figure; Political / historical figure; Family / intimate life,Author / literary figure: keyword evidence | Political / historical figure: keyword evidence | Family / intimate life: keyword evidence,diary/letters; memory/testimony,other,hoerspiel,True
https://www.hoerspielundfeature.de/flog-ein-vogel-federlos-100.html,Flog ein Vogel federlos,2024,DLF/DLF Kultur,Women's life; Author / literary figure; Political / historical figure; Family / intimate life,Women's life: keyword evidence | Author / literary figure: keyword evidence | Political / historical figure: keyword evidence | Family / intimate life: keyword evidence,implicit,other,Hörspiel,True
https://www.hoerspielundfeature.de/tagebuch-wh-100.html,Tagebuch 1985–1989,2026,DLF/DLF Kultur,Women's life; Author / literary figure; Musician / composer; Family / intimate life,Women's life: keyword evidence | Author / literary figure: keyword evidence | Musician / composer: keyword evidence | Family / intimate life: keyword evidence,diary/letters,sound art,Klangkunst,True
https://www.hoerspielundfeature.de/liebe-in-zeiten-der-schichtarbeit-dlf-c483e783-100.html,Liebe in Zeiten der Schichtarbeit,2023,DLF/DLF Kultur,Family / intimate life; Collective / community,Family / intimate life: keyword evidence | Collective / community: keyword evidence,memory/testimony,feature / documentary,Feature,True
https://www.hoerspielundfeature.de/meine-liebe-aenne-wh-100.html,Meine liebe Änne!,2023,DLF/DLF Kultur,Women's life; Author / literary figure; Artist / visual artist; Family / intimate life,Women's life: keyword evidence | Author / literary figure: keyword evidence | Artist / visual artist: keyword evidence | Family / intimate life: keyword evidence,biography; autobiography; diary/letters,feature / documentary,Feature,True
https://www.hoerspielundfeature.de/elterntagebuecher-aus-zwei-jahrhunderten-erinnern-und-100.html,Erinnern und verklären,2023,DLF/DLF Kultur,Author / literary figure; Family / intimate life; Collective / community,Author / literary figure: keyword evidence | Family / intimate life: keyword evidence | Collective / community: keyword evidence,diary/letters; memory/testimony,feature / documentary,Feature,True
https://www.hoerspielundfeature.de/freistil-natur-an-autorin-100.html,Natur an Autorin - Autorin an Natur,2024,DLF/DLF Kultur,Women's life; Author / literary figure; Artist / visual artist; Scholar / intellectual; Family / intimate life,Women's life: keyword evidence | Author / literary figure: keyword evidence | Artist / visual artist: keyword evidence | Scholar / intellectual: keyword evidence | Family / intimate life: keyword evidence,implicit,other,Freistil,True
https://www.hoerspielundfeature.de/ein-deutsch-deutsches-seniorenhaus-und-seine-geschichten-100.html,Zeitenwende,2022,DLF/DLF Kultur,Women's life; Author / literary figure; Actor / performer; Political / historical figure; Family / intimate life; Collective / community,Women's life: keyword evidence | Author / literary figure: keyword evidence | Actor / performer: keyword evidence | Political / historical figure: keyword evidence | Family / intimate life: keyword evidence | Collective / community: keyword evidence,biography,feature / documentary,Feature,True
https://www.hoerspielundfeature.de/hoerspiel-des-monats-mai-2025-lele-100.html,LÉLÉ,2026,DLF/DLF Kultur,Women's life; Author / literary figure; Musician / composer; Actor / performer; Family / intimate life,Women's life: keyword evidence | Author / literary figure: keyword evidence | Musician / composer: keyword evidence | Actor / performer: keyword evidence | Family / intimate life: keyword evidence,diary/letters,sound art,Klangkunst,True
https://www.hoerspielundfeature.de/hoerspiel-ost-west-frauenbilder-schubladen-100.html,Schubladen,2025,DLF/DLF Kultur,Women's life; Author / literary figure; Musician / composer; Artist / visual artist; Actor / performer; Political / historical figure; Collective / community,Women's life: keyword evidence | Author / literary figure: keyword evidence | Musician / composer: keyword evidence | Artist / visual artist: keyword evidence | Actor / performer: keyword evidence | Political / historical figure: keyword evidence | Collective / community: keyword evidence,biography; diary/letters,other,hoerspiel,True
https://www.hoerspielundfeature.de/hoerspiel-des-monats-oktober-2024-kein-koenig-in-israel-100.html,Kein König in Israel,2026,DLF/DLF Kultur,Women's life; Author / literary figure; Musician / composer; Actor / performer; Political / historical figure; Family / intimate life; Collective / community,Women's life: keyword evidence | Author / literary figure: keyword evidence | Musician / composer: keyword evidence | Actor / performer: keyword evidence | Political / historical figure: keyword evidence | Family / intimate life: keyword evidence | Collective / community: keyword evidence,implicit,sound art,Klangkunst,True
https://www.hoerspielundfeature.de/hauptsache-hoerspiel-folge-dlf-649e2aee-100.html,Hauptsache Hörspiel - Folge 25,2024,DLF/DLF Kultur,Author / literary figure; Actor / performer; Family / intimate life,Author / literary figure: keyword evidence | Actor / performer: keyword evidence | Family / intimate life: keyword evidence,diary/letters,other,Hörspiel,True
https://www.hoerspielundfeature.de/feature-briefe-an-mich-schelander-100.html,Briefe an mich,2024,DLF/DLF Kultur,Women's life; Author / literary figure; Musician / composer,Women's life: keyword evidence | Author / literary figure: keyword evidence | Musician / composer: keyword evidence,diary/letters,feature / documentary,Feature,True
https://www.hoerspielundfeature.de/der-schatten-des-meisters-teil-2-auf-goethes-spuren-100.html,Der Schatten des Meisters (2/2),2026,DLF/DLF Kultur,Women's life; Author / literary figure; Actor / performer,Women's life: keyword evidence | Author / literary figure: keyword evidence | Actor / performer: keyword evidence,diary/letters,sound art,Klangkunst,True
https://www.hoerspielundfeature.de/wirklichkeit-im-radio-mein-partner-hansipiepchen-100.html,Mein Partner Hansipiepchen,2024,DLF/DLF Kultur,Women's life; Author / literary figure; Musician / composer; Artist / visual artist; Actor / performer; Political / historical figure; Family / intimate life; Collective / community,Women's life: keyword evidence | Author / literary figure: keyword evidence | Musician / composer: keyword evidence | Artist / visual artist: keyword evidence | Actor / performer: keyword evidence | Political / historical figure: keyword evidence | Family / intimate life: keyword evidence | Collective / community: keyword evidence,diary/letters,feature / documentary,Feature,True
https://www.hoerspielundfeature.de/strafkolonie-der-frauen-politische-gefangene-in-belarus-berichten-dlf-91c85c1b-100.html,Strafkolonie der Frauen,2024,DLF/DLF Kultur,Women's life,Women's life: keyword evidence,diary/letters,feature / documentary,Feature,True
https://www.hoerspielundfeature.de/strafkolonie-der-frauen-100.html,Strafkolonie der Frauen,2024,DLF/DLF Kultur,Women's life; Author / literary figure,Women's life: keyword evidence | Author / literary figure: keyword evidence,diary/letters,feature / documentary,Feature,True
https://www.hoerspielundfeature.de/goodbye-stranger-teil-2-100.html,Korallenpilz,2024,DLF/DLF Kultur,Women's life; Musician / composer; Artist / visual artist; Actor / performer; Family / intimate life,Women's life: keyword evidence | Musician / composer: keyword evidence | Artist / visual artist: keyword evidence | Actor / performer: keyword evidence | Family / intimate life: keyword evidence,implicit,other,Dlf Doku Serie,True
https://www.hoerspielundfeature.de/jedes-jahr-hat-er-viel-zu-tun-159-gibt-es-den-100.html,Gibt es den Weihnachtsmann wirklich?,2022,DLF/DLF Kultur,Author / literary figure; Family / intimate life,Author / literary figure: keyword evidence | Family / intimate life: keyword evidence,implicit,other,Kakadu,True
https://www.hoerspielundfeature.de/frauenstimmen-moegen-sie-emily-dickinson-100.html,Mögen Sie Emily Dickinson?,2023,DLF/DLF Kultur,Women's life; Author / literary figure; Actor / performer; Family / intimate life,Women's life: keyword evidence | Author / literary figure: keyword evidence | Actor / performer: keyword evidence | Family / intimate life: keyword evidence,diary/letters,other,Hörspiel,True
https://www.hoerspielundfeature.de/ernst-ludwig-kirchner-inside-out-hw-100.html,Ernst Ludwig Kirchner – Inside Out,2023,DLF/DLF Kultur,Women's life; Author / literary figure; Artist / visual artist; Political / historical figure; Family / intimate life,Women's life: keyword evidence | Author / literary figure: keyword evidence | Artist / visual artist: keyword evidence | Political / historical figure: keyword evidence | Family / intimate life: keyword evidence,diary/letters,other,Hörspiel,True
https://www.hoerspielundfeature.de/feature-lisa-der-nerd-100.html,"Lisa, der Nerd und die Unsichtbaren",2023,DLF/DLF Kultur,Women's life; Author / literary figure; Musician / composer; Political / historical figure; Family / intimate life,Women's life: keyword evidence | Author / literary figure: keyword evidence | Musician / composer: keyword evidence | Political / historical figure: keyword evidence | Family / intimate life: keyword evidence,implicit,feature / documentary,Feature,True
https://www.hoerspielundfeature.de/reihe-wirklichkeit-im-radio-gar-nicht-so-einfach-sich-am-100.html,"Gar nicht so einfach, sich am Leben vorbeizuschleifen ",2020,DLF/DLF Kultur,Author / literary figure; Actor / performer; Scholar / intellectual; Collective / community,Author / literary figure: keyword evidence | Actor / performer: keyword evidence | Scholar / intellectual: keyword evidence | Collective / community: keyword evidence,memory/testimony,feature / documentary,Feature,True
https://www.hoerspielundfeature.de/der-dichter-richard-o-moore-leben-ist-leben-tod-ist-tod-100.html,Leben ist Leben – Tod ist Tod,2021,DLF/DLF Kultur,Women's life; Author / literary figure; Actor / performer; Scholar / intellectual; Family / intimate life,Women's life: keyword evidence | Author / literary figure: keyword evidence | Actor / performer: keyword evidence | Scholar / intellectual: keyword evidence | Family / intimate life: keyword evidence,memory/testimony,other,Zeitfragen,True
https://www.hoerspielundfeature.de/das-feature-aufraeumen-oder-der-abschied-von-der-dissidenz-100.html,Aufräumen oder Der Abschied von der Dissidenz,2001,DLF/DLF Kultur,Political / historical figure; Family / intimate life,Political / historical figure: keyword evidence | Family / intimate life: keyword evidence,implicit,other,Unknown genre,True
https://www.hoerspielundfeature.de/pitch-deine-doku-idee-100.html,Pitch' Deine Doku-Idee,2026,DLF/DLF Kultur,Author / literary figure; Artist / visual artist; Political / historical figure,Author / literary figure: keyword evidence | Artist / visual artist: keyword evidence | Political / historical figure: keyword evidence,implicit,other,Unknown genre,True
