source_url,title,year,source,protagonist,author,confidence,method,evidence,description
https://hoerspiele.dra.de/detailansicht/1356662,Brasil,1982,DRA,Brasil,Matthias von Spallart,high,portrait title is name,Brasil,"In 1500 Brazil was taken over by the Portuguese crown. In the following centuries - the country became a republic in 1889 - the colonizers made use of its supplies: they brought enslaved Africans, Europe, Christianity and Baroque into the country, they extracted gold, diamonds and coffee."
https://hoerspiele.dra.de/detailansicht/1356564,Das unheilvolle Porträt,1981,DRA,Denis Diderot,Denis Diderot,medium,role/name phrase in description,Hans Magnus Enzenberger continues his series of radio work adaptations of world literature with a text by the great French Enlightenment philosopher Denis Diderot (1713-1784).,"Hans Magnus Enzenberger continues his series of radio work adaptations of world literature with a text by the great French Enlightenment philosopher Denis Diderot (1713-1784). ""The small piece is based on a fragmentary text by Diderot that was only found and published in 1953."
https://hoerspiele.dra.de/detailansicht/1356916,Die verlorenen Spuren (2. Teil),1982,DRA,Lost Traces,Alejo Carpentier,medium,first named figure in description,"A radio work based on The Lost Traces (novel, Spanish).","A radio work based on The Lost Traces (novel, Spanish)."
https://hoerspiele.dra.de/detailansicht/1356785,Marienbader Briefe,1982,DRA,Johann Wolfgang v. Goethe,Rolf Schneider,medium,curated title override,Johann Wolfgang v.,"Johann Wolfgang v. died on March 22, 1832. Goethe. Eight years before his death, during his summer vacation in Marienbad, Bohemia, the famous man, already 74 years old, fell in love with 19-year-old Ulrike v. Levetzow in love."
https://hoerspiele.dra.de/detailansicht/1349346,Emma Goldmann - Die gefährlichste Frau der Welt,1981,DRA,Emma Goldmann,Emma Goldmann,high,title names subject,Emma Goldmann - Die gefährlichste Frau der Welt,"It is the life story of one of the great women of the international labor movement and one of the most fascinating and humane personalities among the anarchists at the turn of the century: She fought in America for the 8-hour day, for tolerable working conditions, for birth control, for women's rights and against rearmament and war."
https://hoerspiele.dra.de/detailansicht/1356959,Tagebuch meiner Töne,1982,DRA,Pierre Henry,Pierre Henry,high,opening named biographical sentence,"Pierre Henry was the first professional composer who gave up composing in the traditional sense (writing scores) and consistently dedicated himself to ""art in the age of technical reproducibility"": in the ""musique concrète"", which he founded together with Pierre Schaeffer and of which he remains a leading representative to this day...","Pierre Henry was the first professional composer who gave up composing in the traditional sense (writing scores) and consistently dedicated himself to ""art in the age of technical reproducibility"": in the ""musique concrète"", which he founded together with Pierre Schaeffer and of which he remains a leading representative to this day..."
https://hoerspiele.dra.de/detailansicht/1357042,"""Nachwort eines Zauberers"" nach dem Hörspiel 'Cagliostro - Porträt eines Schriftstellers' von Karl Richard Tschon",1983,DRA,Cagliostro,Alexander Adrion,medium,curated title override,Epilogue.,Epilogue.
https://hoerspiele.dra.de/detailansicht/1356998,Biographie und Liebe,1983,DRA,Marion Froude,Samuel Nathaniel Behrman,high,role phrase names subject,The painter Marion Froude portrayed famous men in East and West and made the inaccessible celebrities sit with her.,The painter Marion Froude portrayed famous men in East and West and made the inaccessible celebrities sit with her. She is usually short of money.
https://hoerspiele.dra.de/detailansicht/1357148,Fortsetzung einer Flucht - Ein autobiographisches Hörspiel,1983,DRA,Werner Meyke,Werner Meyke,high,autobiographical description uses author,There are still some tape-obsessed authors who prove through their work that the possibilities of the original audio play are far from being exhausted.,There are still some tape-obsessed authors who prove through their work that the possibilities of the original audio play are far from being exhausted. This time he has created an original sound novelty: an autobiography (original form of the epic communication).
https://hoerspiele.dra.de/detailansicht/1366276,Das Kranke Dorf oder: Vier Briefe aus L.,1987,DRA,A young man,Christian Wolf,medium,generic protagonist phrase,A young man ends up in a house that is being invaded by rats.,"A young man ends up in a house that is being invaded by rats. In this story, reality and dreams, life and death, reason and madness collide."
https://hoerspiele.dra.de/detailansicht/1369519,Ein Leben auf der Flucht vor der Koralle,1994,DRA,Ruth Frau,Max Goldt,high,opening biographical apposition,"Ruth Frau, once a celebrated film star who later got on the wrong path, has made a comeback.","Ruth Frau, once a celebrated film star who later got on the wrong path, has made a comeback. She's ""fully back"": young directors are working with her, and young people adore her as a ""somehow flashy"" cult star."
https://hoerspiele.dra.de/detailansicht/1369551,Mein Leben,1994,DRA,Johann Gottfried Seume,Johann Gottfried Seume,high,opening biographical apposition,"Johann Gottfried Seume, born in 1763 in a village in Saxony - farmer's son, highly talented, discovered by the priest, sponsored by a nobleman, sent to school and university so that he could study theology and become a pastor: escaped from the university, escaped from his homeland, was forcibly recruited by the Hessians and sold to America as a soldier; returning home...","Johann Gottfried Seume, born in 1763 in a village in Saxony - farmer's son, highly talented, discovered by the priest, sponsored by a nobleman, sent to school and university so that he could study theology and become a pastor: escaped from the university, escaped from his homeland, was forcibly recruited by the Hessians and sold to America as a soldier; returning home..."
https://hoerspiele.dra.de/detailansicht/1369714,... is a dangerous number,1994,DRA,Amiri Baraka,Karl Bruckmaier,high,portrait phrase,"'Is a dangerous number' is a portrait of the playwright, critic and poet Amiri Baraka (LeRoi Jones).","'Is a dangerous number' is a portrait of the playwright, critic and poet Amiri Baraka (LeRoi Jones). In excerpts from an interview lasting several hours, Baraka provides information about his eventful life."
https://hoerspiele.dra.de/detailansicht/1370391,"Vom Enden einer Liebe, einer Frau",1987,DRA,Susette Gontard,Susette Gontard; Friedrich Hölderlin,high,letters written by named subject,"""The radio work is based on texts taken from the 17 letters that Susette Gontard wrote to Friedrich Hölderlin between 1798 and 1800 after he was removed from his position as court master by Jakob Gontard and expelled from the house because of his relationship with Susette.","""The radio work is based on texts taken from the 17 letters that Susette Gontard wrote to Friedrich Hölderlin between 1798 and 1800 after he was removed from his position as court master by Jakob Gontard and expelled from the house because of his relationship with Susette."
https://hoerspiele.dra.de/detailansicht/1370564,"Hörspielwerkstatt - ""Wichtig ist auch die durchkomponierte Pause ...""",1988,DRA,Henning Rademacher,Henning Rademacher,medium,role description confirms author subject,"Do we fade out, fade in the next scene, do we create transitions or do we just let it stop hard?","Do we fade out, fade in the next scene, do we create transitions or do we just let it stop hard? At that time, people were actually attuned to the more elegant form of transition and flow and suddenly said to the composer, 'You must think of something!' and if only it were an accent."
https://hoerspiele.dra.de/detailansicht/1370331,Das Porträt,1994,DRA,Das Porträt,Anders Nyman,high,portrait title is name,Das Porträt,"Sometime in the mid-1950s, a man enters the Paris studio of the sculptor Alberto Giacometti. He has just come over from New York to write a portrait for the ""Art Review""."
https://hoerspiele.dra.de/detailansicht/1370867,John Cage,1988,DRA,John Cage,Klaus Schöning,high,manual override,A radio portrait of John Cage as a composer and radio-play maker.,"Among the contemporary composers who have shaped the development of radio work as an autonomous acoustic art form, John Gage is the great veteran. A veteran who demonstrates his ability to renew the acoustic forms of radio in his most recent works."
https://hoerspiele.dra.de/detailansicht/1370870,Der Ohrenblick,1988,DRA,Luc Ferrari,Brunhild Meyer,high,manual override,"A radio portrait of Luc Ferrari, focusing on his work as a composer and radio-play maker.","In the documentary ""The Ear View"", Luc Ferrari, together with his long-time companion and collaborator Brunhild Meyer, remembers the most important stages of his work as a composer and radio-work maker from musique concrète to anecdotal music, as Luc Ferrai calls the method of his tape compositions in which reality..."
https://hoerspiele.dra.de/detailansicht/1370868,Mauricio Kagel,1988,DRA,Mauricio Kagel,Michael Schäfermeyer,high,manual override,"A radio portrait of Mauricio Kagel as a composer working between music, language, scene, film, and radio.","Mauricio Kagel, born in Buenos Aires in 1931 and living in Cologne since the 1950s, worked as a composer and director early on in the border areas of music, language, scene and film and has been using the creative possibilities of studio electronics since the 1960s."
https://hoerspiele.dra.de/detailansicht/1371042,Oktober-Nächte/Les nuits d'octobre,1988,DRA,Gérard de Nerval,Gerard de Nerval,high,life-of phrase,"The life of Gérard de Nerval up to his suicide is outlined in ten variations; The poet's increasing madness, exemplified by his language, is the focus of the radio work.","The life of Gérard de Nerval up to his suicide is outlined in ten variations; The poet's increasing madness, exemplified by his language, is the focus of the radio work."
https://hoerspiele.dra.de/detailansicht/1371169,"Lieber Piet, liebe Sandra",1989,DRA,Shortly,Bernhard Pfletschinger,medium,first named figure in description,"Shortly before graduating from high school, she couldn't think of anything better than falling in love with Piet.","Shortly before graduating from high school, she couldn't think of anything better than falling in love with Piet. But what can we do to ensure that Piet finds out too? Truck, who has adored Sandra for years, Truck, the ace in German..."
https://hoerspiele.dra.de/detailansicht/1371171,Von Herren und Knechten,1989,DRA,Mr. Fecht,Bernhard Pfletschinger,medium,curated title override,Dear Mr.,"Dear Mr. Fecht (comma, paragraph) I hope (comma) you have settled in well in your new home (period) After you moved out of the ground floor apartment in my house at Erlenweg 19, there was still a small problem (colon) You did not properly reattach the curtain rail on the living room window after the apartment was renovated..."
https://hoerspiele.dra.de/detailansicht/1371100,And what about me? Ein Porträt des Autors Raymond Federman,1989,DRA,Raymond Federman,Herbert Kapfer,high,portrait phrase,A portrait of the author Raymond Federman as version number.,A portrait of the author Raymond Federman as version number.
https://hoerspiele.dra.de/detailansicht/1371173,"Amore, Amore",1989,DRA,Elsa,Bernhard Pfletschinger,medium,first named figure in description,"Elsa, a qualified sociologist, works as an ABM worker in an insurance agency.","Elsa, a qualified sociologist, works as an ABM worker in an insurance agency. Recently, when she comes home from work, she keeps finding thick letters in her box, letters from Catania in Sicily."
https://hoerspiele.dra.de/detailansicht/1371074,Die Courage des George Tabori,1989,DRA,George Tabori,Dieter Mayer-Simeth,high,opening when-clause names subject,"When George Tabori writes or directs a play, the doubters and evil-doers are not far away.","When George Tabori writes or directs a play, the doubters and evil-doers are not far away. That was the case with ""Cannibals"" in Berlin in 1969, and 18 years later it was still the same."
https://hoerspiele.dra.de/detailansicht/1371238,Baal Babylon,1989,DRA,Fernando Arrabal,Fernando Arrabal,high,autobiographical description names author,"The Spanish poet Fernando Arrabal, born in Melilla in Spanish Morocco in 1932, wrote an artistic autobiography with ""Baal Babylon"".","The Spanish poet Fernando Arrabal, born in Melilla in Spanish Morocco in 1932, wrote an artistic autobiography with ""Baal Babylon"". His father, a painter, was arrested by the military on the eve of the Spanish Civil War, possibly denounced as a 'Red' by his wife."
https://hoerspiele.dra.de/detailansicht/1371889,Mein Spaziergang nach Syrakus - Briefe an einen Freund (2. Teil: Annäherungen),1985,DRA,Johann Gottfried Seume,Jürgen Liebing,medium,role/name phrase in description,"Over 180 years after the poet Johann Gottfried Seume made his famous ""walk to Syracuse"" on Schuster's horse, the Berlin author Jürgen Liebing set out to cover several thousand kilometers on foot in Seume's footsteps, on what is now a ""walk"" to Syracuse in Sicily.","Over 180 years after the poet Johann Gottfried Seume made his famous ""walk to Syracuse"" on Schuster's horse, the Berlin author Jürgen Liebing set out to cover several thousand kilometers on foot in Seume's footsteps, on what is now a ""walk"" to Syracuse in Sicily."
https://hoerspiele.dra.de/detailansicht/1371603,New York City,1984,DRA,New York City,Richard Kostelanetz,high,portrait title is name,New York City,"""Originally I wanted to write an 'audio chamber symphony' comparable to Dylan Thomas' 'Under Milk Wood' (1953) - a loving portrait of the city where I was born, grew up and lived in my entire life."
https://hoerspiele.dra.de/detailansicht/1371888,Mein Spaziergang nach Syrakus - Briefe an einen Freund (1. Teil: Entfernungen),1985,DRA,Johann Gottfried Seume,Jürgen Liebing,medium,role/name phrase in description,"Over 180 years after the poet Johann Gottfried Seume made his famous ""walk to Syracuse"" on Schuster's horse, the Berlin author Jürgen Liebing set out to cover several thousand kilometers on foot in Seume's footsteps, on what is now a ""walk"" to Syracuse in Sicily.","Over 180 years after the poet Johann Gottfried Seume made his famous ""walk to Syracuse"" on Schuster's horse, the Berlin author Jürgen Liebing set out to cover several thousand kilometers on foot in Seume's footsteps, on what is now a ""walk"" to Syracuse in Sicily."
https://hoerspiele.dra.de/detailansicht/1372064,Franz Kafka hört noch immer Radio und telefoniert mit schönen Frauen. Porträt eines Mannes vor dem Sterben,1985,DRA,Franz Kafka,Elmar Podlech,low,curated title fallback,"""Who would have thought it would be an event of the century in our family,"" says the son of a centenarian in whom the media is interested.","""Who would have thought it would be an event of the century in our family,"" says the son of a centenarian in whom the media is interested."
https://hoerspiele.dra.de/detailansicht/1372247,Fred von Hoerschelmann - Zum 10. Todestag des Hörspielautors,1986,DRA,Fred von Hoerschelmann,Dieter Hasselblatt,medium,anniversary phrase,"An essay on the 10th anniversary of Fred von Hoerschelmann's death, with excerpts from four of his radio works and two interviews.","An essay on the 10th anniversary of Fred von Hoerschelmann's death, with excerpts from four of his radio works and two interviews."
https://hoerspiele.dra.de/detailansicht/1372252,Der Rundfunkmann Ernst Schnabel,1986,DRA,Ernst Schnabel,Karl Karst,high,manual override,A radio portrait of Ernst Schnabel as a writer and radio figure.,"Ernst Schnabel, the writer and radio author, the literary supporter and director of the early Hamburg radio, died in Berlin in January of this year at the age of 72."
https://hoerspiele.dra.de/detailansicht/1372270,Ein Schmuck für Momente - Helmut Käutner und das Hörspiel,1986,DRA,Helmut Käutner,Wolfram Wessels,medium,known-that phrase,It is well known that Helmut Käutner is one of the most famous directors of German film.,It is well known that Helmut Käutner is one of the most famous directors of German film. Only a few people know that he was also successful in the theater. But hardly anyone knows that he also gave important impulses to post-war radio works.
https://hoerspiele.dra.de/detailansicht/1372504,Die Straße nach Lushoto. Tanzania - Notizen aus meinem Tagebuch,1976,DRA,Road,Gisela Albrecht,medium,first named figure in description,"""The Road to Lushoto"" is an admittedly subjective attempt to present the problem of cooperation between Europeans and Africans using the development project LIDEP (Lushoto - Integrated Development Project) with conversations and observations.","""The Road to Lushoto"" is an admittedly subjective attempt to present the problem of cooperation between Europeans and Africans using the development project LIDEP (Lushoto - Integrated Development Project) with conversations and observations."
https://hoerspiele.dra.de/detailansicht/1372907,Lady sings the Blues. Billie Holiday erinnert sich,1991,DRA,Billie Holiday,Billie Holiday,high,manual override,Adaptation of Billie Holiday's autobiography Lady Sings the Blues.,"For many, Billie Holiday is the jazz singer of all time. A name that is synonymous with everything that jazz expresses: pride, suffering, anger, elegance, racism and excess."
https://hoerspiele.dra.de/detailansicht/1372532,Anonyme Briefe,1950,DRA,Anonyme Briefe,Annemarie Artinger,low,curated title fallback,A radio work dedicated to young artists.,"A radio work dedicated to young artists. It takes us into the milieu of a drama school, and the concern of the eleven is at the same time the concern of young people in our time: finding the right start in their chosen profession."
https://hoerspiele.dra.de/detailansicht/1373260,Briefe an Olga,1991,DRA,Czech,Václav Havel,medium,first named figure in description,"The Czech poet and President of the CSFR wrote his ""Letters to Olga"" to his wife during his prison time as a civil rights activist in the late 1970s and early 1980s.","The Czech poet and President of the CSFR wrote his ""Letters to Olga"" to his wife during his prison time as a civil rights activist in the late 1970s and early 1980s."
https://hoerspiele.dra.de/detailansicht/1374699,Familienpackung,1989,DRA,Johann Christoph,Gudrun Mebs,medium,curated title override,"""The Family Trip or Johann Christoph's Suffering"" is how the main character would probably title his autobiography.","""The Family Trip or Johann Christoph's Suffering"" is how the main character would probably title his autobiography. His parents called him Johann Christoph, and his sister is called Purzel, usually Purzelchen."
https://hoerspiele.dra.de/detailansicht/1374444,Aus dem Tagebuch der Anne Frank,1989,DRA,Anne Frank,Anne Frank,high,manual override,Adaptation from Anne Frank's diary.,"A radio work based on The Diary of Anne Frank (prose) text adaptation: Gabriele Finger-Hoffmann, Bettina Wenke."
https://hoerspiele.dra.de/detailansicht/1374721,Der Autor Hartmut Geerken,1990,DRA,Hartmut Geerken,Klaus Peter Harmening,high,manual override,A radio portrait of Hartmut Geerken as an author and radio artist.,"Portrait of the author Hartmut Geerken following the radio work ""no red faa, because the words were never spoken""."
https://hoerspiele.dra.de/detailansicht/1374736,Jean Anouilh zum 80. Geburtstag: Majestät des Boulevard - Porträt,1990,DRA,Jean Anouilh,Thomas Thieringer; Wilfried Geldner,medium,role/name phrase in description,The Bavarian Radio radio work department paid tribute to the French playwright Jean Anouilh on his 80th birthday with a special broadcast.,"The Bavarian Radio radio work department paid tribute to the French playwright Jean Anouilh on his 80th birthday with a special broadcast. Many of his dramas have also been adapted for radio; like ""Antigone"", they are now among the classics of German radio work history."
https://hoerspiele.dra.de/detailansicht/1374916,Briefe an Franz Pawell,1990,DRA,Two Germanys,Adolf Schröder,medium,first named figure in description,Two Germanys have become one Germany again.,"Two Germanys have become one Germany again. Franz Pawell comes to this new Germany, someone who suffered greatly under the old Germany."
https://hoerspiele.dra.de/detailansicht/1375730,"Pioniere der Radiokunst (9. Folge: ... ""Quer zum Betrieb der Kulturindustrie"")",1986,DRA,Ernst Schoen,August Soppe,medium,curated title override,"In 1931 a magazine wrote: ""The avant-gardists of radio are based in Frankfurt...","In 1931 a magazine wrote: ""The avant-gardists of radio are based in Frankfurt... much of what, one might say, has become a standardized part of German programs today was discovered here."" At that time, the artistic director of the Südwestdeutscher Rundfunk in Frankfurt was Ernst Schoen."
https://hoerspiele.dra.de/detailansicht/1375816,Bodo Katzenbergers Tagebuch,1986,DRA,Bodo Katzenberger,Marion Mosell,high,role phrase names subject,The student Bodo Katzenberger is quite slack.,"The student Bodo Katzenberger is quite slack. Since his father moved in with a girlfriend, the mood has been broken. The mother simply cannot cope with the situation."
https://hoerspiele.dra.de/detailansicht/1375822,Porträt,1986,DRA,Porträt,Irene Oppenheim,high,portrait title is name,Porträt,"""Portrait"" by Irene Oppenheim: A man dies. - for his wife - for his daughter - for his granddaughter - everyone witnesses his death. - his body - his razor - his clothes - his existence - that must be eliminated."
https://hoerspiele.dra.de/detailansicht/1375861,Vier Briefe aus Amerika,1986,DRA,Colorado,Konrad Wühr,medium,first named figure in description,"Colorado/USA, end of last century.","Colorado/USA, end of last century. Josef Kraus, who emigrated from Bavaria to the States after a falling out with his parents, who were against his marriage to the maid Katharina, was not lucky abroad."
https://hoerspiele.dra.de/detailansicht/1375962,Per Einschreiben,1987,DRA,The radio work,Eva Maria Mudrich,medium,named subject action,"The radio work is about two people, Elli and Karli, who for a long time, without meeting each other in person, only write letters, express their intentions to get married in their correspondence, but in the end Elli becomes friends with the postman.","The radio work is about two people, Elli and Karli, who for a long time, without meeting each other in person, only write letters, express their intentions to get married in their correspondence, but in the end Elli becomes friends with the postman."
https://hoerspiele.dra.de/detailansicht/1376346,Das Tagebuch der Redegonda,1987,DRA,Redegonda,Arthur Schnitzler,low,curated title fallback,The concept intern Dr.,"The concept intern Dr. Gottfried Wehwald was a young man of good manners, even a certain nobility of demeanor, which seemed to at least give him a constant, quiet satisfaction."
https://hoerspiele.dra.de/detailansicht/1375917,Walter Ruttmann - der Visionär bewegter Rhythmen,1987,DRA,Walter Ruttmann,Jeanpaul Goergen,high,title names subject,Walter Ruttmann - der Visionär bewegter Rhythmen,"Walter Ruttmann (1887-1941) made film and radio history in many ways. In the 1920s he founded abstract film with ""Lichtspiel OPUS 1"", produced the first colored advertising films and, with his productions, influenced the style of montage in films and radio works."
https://hoerspiele.dra.de/detailansicht/1376147,Das akustische Tagebuch,1987,DRA,THE ACOUSTIC DIARY,Ronald Steckel,high,opening named biographical sentence,THE ACOUSTIC DIARY is an anthology of some of the sounds that have been created in my work with tapes over the last fifteen years.,"THE ACOUSTIC DIARY is an anthology of some of the sounds that have been created in my work with tapes over the last fifteen years. I assembled them into acoustic landscapes populated by human and non-human, natural and imaginary voices."
https://hoerspiele.dra.de/detailansicht/1375863,C'era una volta il west oder Alte Briefe aus Amerika,1986,DRA,Because,Reinhard Döhl,medium,first named figure in description,"Because a maid had a child by him, young Karl was sent to America.","Because a maid had a child by him, young Karl was sent to America. From there he writes clumsy letters to his parents in Bavaria, the content of which doesn't really fit with the Wild West pathos and deer-killer romanticism of the time."
https://hoerspiele.dra.de/detailansicht/1377165,Ein Cäsar wäre ich sehr gerne gewesen - Monolog eines Mörders,1996,DRA,Radelstetten,Ernst Wagner; Horst Brandstätter; Bernd Neuzner,medium,first named figure in description,"As a teacher, he lived with his family in Radelstetten, a village on the edge of the Swabian Alb, and then as a main teacher in Stuttgart-Degerloch.","As a teacher, he lived with his family in Radelstetten, a village on the edge of the Swabian Alb, and then as a main teacher in Stuttgart-Degerloch."
https://hoerspiele.dra.de/detailansicht/1377516,Anti. Ein Rainer-Werner-Fassbinder-Porträt,1992,DRA,Anti. Ein Rainer-Werner-Fassbinder-Porträt,Carl-Ludwig Reichert,high,portrait title is name,Anti. Ein Rainer-Werner-Fassbinder-Porträt,"The portrait of an experimental film-maker using the means of radio work could not be conventional. So we worked with the latest available techniques (sampling) as well as modern methods of hard editing, collage and montage."
https://hoerspiele.dra.de/detailansicht/1377586,Und der Haifisch... . Mackie Messer erzählt aus seinem Leben. Porträt Wolf Kaiser,1992,DRA,Wolf Kaiser,Michael Trabitzsch,high,opening biographical apposition,"Wolf Kaiser, who was born on October 26, 1916 in Frankfurt am Main, grew up in Switzerland, studied chemistry and physiology, worked as a waiter and took acting lessons from Margarethe Wellhoener in Berlin from 1939 - 41.","Wolf Kaiser, who was born on October 26, 1916 in Frankfurt am Main, grew up in Switzerland, studied chemistry and physiology, worked as a waiter and took acting lessons from Margarethe Wellhoener in Berlin from 1939 - 41."
https://hoerspiele.dra.de/detailansicht/1377511,"""Ich war irgendwie der erste Existentialist""",1992,DRA,Richard Huelsenbeck,Herbert Kapfer; Regina Moths,high,role phrase names subject,"The writer Richard Huelsenbeck caused a stir with aggressive performances - first in Zurich's ""Cabaret Voltaire"" in 1916, and after the end of the First World War in Berlin.","The writer Richard Huelsenbeck caused a stir with aggressive performances - first in Zurich's ""Cabaret Voltaire"" in 1916, and after the end of the First World War in Berlin."
https://hoerspiele.dra.de/detailansicht/1377773,Tagebuch einer heimlichen Symmetrie,1992,DRA,Small la,Sigmund Freud; Carl Gustav Jung; Sabina Spielrein,medium,first named figure in description,"""Small laboratory explosions can never be avoided given the nature of the material we work with."" - A little word of consolation from Sigmund Freud to his student and future colleague Carl Gustav Jung.","""Small laboratory explosions can never be avoided given the nature of the material we work with."" - A little word of consolation from Sigmund Freud to his student and future colleague Carl Gustav Jung."
https://hoerspiele.dra.de/detailansicht/1377781,Zazie und der lange Kerl im Autobus S,1992,DRA,Raymond Queneau,Anette Kührmeyer,medium,first named figure in description,"Raymond Queneau, this French all-round writer, is best known in Germany for the book and film ""Zazie in the Métro"".","Raymond Queneau, this French all-round writer, is best known in Germany for the book and film ""Zazie in the Métro"". The style exercises are also very popular."
https://hoerspiele.dra.de/detailansicht/1378082,"Das wilde Geheul unserer täglichen Arbeit oder Komm heraus, du Schönheit von Mülheim (3. Teil: Briefe an Irina - Eine Erinnerung)",1992,DRA,Ruhr,Stephan Bock,medium,first named figure in description,From the Ruhr area by Bertolt Brecht.,From the Ruhr area by Bertolt Brecht. A historical report See part 2.
https://hoerspiele.dra.de/detailansicht/1378087,Der verliebte Antierotiker - Ein unbekanntes Kapitel aus dem Leben des Dichters Paul Scheerbart (1. Teil),1993,DRA,Paul Scheerbart,Paul Scheerbart,medium,role/name phrase in description,"""The writer Paul Scheerbart (1863-1915), who dreamed of life in a glass house and union with celestial bodies, portrayed himself in his books as a staunch despiser of eroticism.","""The writer Paul Scheerbart (1863-1915), who dreamed of life in a glass house and union with celestial bodies, portrayed himself in his books as a staunch despiser of eroticism."
https://hoerspiele.dra.de/detailansicht/1377966,Die lange Weile der Briefe danach,1992,DRA,Rousseau. The tough early capitalist,Winfried Pielow,medium,named subject action,"He is said to have made a pilgrimage to Ermenoville, the ""coal baron"" Levin von Alversfeldt, to the last asylum of his great role model Jean-Jacques Rousseau.","He is said to have made a pilgrimage to Ermenoville, the ""coal baron"" Levin von Alversfeldt, to the last asylum of his great role model Jean-Jacques Rousseau. The tough early capitalist is oh so tender in his infatuation with his idol."
https://hoerspiele.dra.de/detailansicht/1378286,Andy Warhol: Das Tagebuch (1976),1993,DRA,Andy Warhol,Andy Warhol,medium,first named figure in description + full-name expansion,"""In the fall of 1976, Andy and I began our morning telephone conversations.","""In the fall of 1976, Andy and I began our morning telephone conversations. Ostensibly, the purpose was to record what he had done, where he had been the day before, and how much cash he had spent."
https://hoerspiele.dra.de/detailansicht/1378202,Autobiographie einer Leiche,1993,DRA,All we know for sure,Gabriele Jelle Behnert,medium,named subject action,All we know for sure is that Brodsky's wife Linda is dead and has written a book from the grave - if Brodsky is telling the truth.,"All we know for sure is that Brodsky's wife Linda is dead and has written a book from the grave - if Brodsky is telling the truth. If not, we have to stick to the media; Press, radio, film and theater have history under control."
https://hoerspiele.dra.de/detailansicht/1378287,Andy Warhol: Das Tagebuch (1977),1993,DRA,Andy Warhol,Andy Warhol,medium,first named figure in description + full-name expansion,"""In the fall of 1976, Andy and I began our morning telephone conversations.","""In the fall of 1976, Andy and I began our morning telephone conversations. Ostensibly, the purpose was to record what he had done, where he had been the day before, and how much cash he had spent."
https://hoerspiele.dra.de/detailansicht/1378288,Andy Warhol: Das Tagebuch (1978),1993,DRA,Andy Warhol,Andy Warhol,medium,first named figure in description + full-name expansion,"""In the fall of 1976, Andy and I began our morning telephone conversations.","""In the fall of 1976, Andy and I began our morning telephone conversations. Ostensibly, the purpose was to record what he had done, where he had been the day before, and how much cash he had spent."
https://hoerspiele.dra.de/detailansicht/1378289,Andy Warhol: Das Tagebuch (1979),1993,DRA,Andy Warhol,Andy Warhol,medium,first named figure in description + full-name expansion,"""In the fall of 1976, Andy and I began our morning telephone conversations.","""In the fall of 1976, Andy and I began our morning telephone conversations. Ostensibly, the purpose was to record what he had done, where he had been the day before, and how much cash he had spent."
https://hoerspiele.dra.de/detailansicht/1378290,Andy Warhol: Das Tagebuch (1980),1993,DRA,Andy Warhol,Andy Warhol,medium,first named figure in description + full-name expansion,"""In the fall of 1976, Andy and I began our morning telephone conversations.","""In the fall of 1976, Andy and I began our morning telephone conversations. Ostensibly, the purpose was to record what he had done, where he had been the day before, and how much cash he had spent."
https://hoerspiele.dra.de/detailansicht/1378292,Andy Warhol: Das Tagebuch (1982),1993,DRA,Andy Warhol,Andy Warhol,medium,first named figure in description + full-name expansion,"""In the fall of 1976, Andy and I began our morning telephone conversations.","""In the fall of 1976, Andy and I began our morning telephone conversations. Ostensibly, the purpose was to record what he had done, where he had been the day before, and how much cash he had spent."
https://hoerspiele.dra.de/detailansicht/1378293,Andy Warhol: Das Tagebuch (1983),1993,DRA,Andy Warhol,Andy Warhol,medium,first named figure in description + full-name expansion,"""In the fall of 1976, Andy and I began our morning telephone conversations.","""In the fall of 1976, Andy and I began our morning telephone conversations. Ostensibly, the purpose was to record what he had done, where he had been the day before, and how much cash he had spent."
https://hoerspiele.dra.de/detailansicht/1378296,Andy Warhol: Das Tagebuch (1986),1993,DRA,Andy Warhol,Andy Warhol,medium,first named figure in description + full-name expansion,"""In the fall of 1976, Andy and I began our morning telephone conversations.","""In the fall of 1976, Andy and I began our morning telephone conversations. Ostensibly, the purpose was to record what he had done, where he had been the day before, and how much cash he had spent."
https://hoerspiele.dra.de/detailansicht/1378291,Andy Warhol: Das Tagebuch (1981),1993,DRA,Andy Warhol,Andy Warhol,medium,first named figure in description + full-name expansion,"""In the fall of 1976, Andy and I began our morning telephone conversations.","""In the fall of 1976, Andy and I began our morning telephone conversations. Ostensibly, the purpose was to record what he had done, where he had been the day before, and how much cash he had spent."
https://hoerspiele.dra.de/detailansicht/1378295,Andy Warhol: Das Tagebuch (1985),1993,DRA,Andy Warhol,Andy Warhol,medium,first named figure in description + full-name expansion,"""In the fall of 1976, Andy and I began our morning telephone conversations.","""In the fall of 1976, Andy and I began our morning telephone conversations. Ostensibly, the purpose was to record what he had done, where he had been the day before, and how much cash he had spent."
https://hoerspiele.dra.de/detailansicht/1378294,Andy Warhol: Das Tagebuch (1984),1993,DRA,Andy Warhol,Andy Warhol,medium,first named figure in description + full-name expansion,"""In the fall of 1976, Andy and I began our morning telephone conversations.","""In the fall of 1976, Andy and I began our morning telephone conversations. Ostensibly, the purpose was to record what he had done, where he had been the day before, and how much cash he had spent."
https://hoerspiele.dra.de/detailansicht/1378297,Andy Warhol: Das Tagebuch (1987),1993,DRA,Andy Warhol,Andy Warhol,medium,first named figure in description + full-name expansion,"""In the fall of 1976, Andy and I began our morning telephone conversations.","""In the fall of 1976, Andy and I began our morning telephone conversations. Ostensibly, the purpose was to record what he had done, where he had been the day before, and how much cash he had spent."
https://hoerspiele.dra.de/detailansicht/1378354,Meine Seele war schwarz von Fliegen (1. Teil),1993,DRA,Meine Seele,Vasilij Baranov,low,curated title fallback,In the morning they opened our cattle car.,In the morning they opened our cattle car. And we found out that we were in Dresden. They lined us up and three guards led us through the city. I saw houses like I had never seen in my life.
https://hoerspiele.dra.de/detailansicht/1378358,Tagebuch eines Autobiographen,1993,DRA,A portrait,Luc Ferrari; Brunhild Meyer,medium,generic protagonist phrase,"A portrait is designed and at the same time deconstructed again: It is the biographical attempt of the composer and radio-work maker Luc Ferrari, who embarks on a magnetophonic journey into his own memory, into the labyrinth of his biography and remembers his ancestors, childhood, the war and the German occupation.","A portrait is designed and at the same time deconstructed again: It is the biographical attempt of the composer and radio-work maker Luc Ferrari, who embarks on a magnetophonic journey into his own memory, into the labyrinth of his biography and remembers his ancestors, childhood, the war and the German occupation."
https://hoerspiele.dra.de/detailansicht/1381519,Der Wind geht gen Mittag und kommt herum zur Mitternacht,1993,DRA,Belgrade,Maruša Krese; Biljana Jovanovic; Rada Ivekovic; Radmila Lazic,medium,named subject action,"Belgrade is overflowing with the shadows of all the destroyed cities, but the most gloomy shadows are those of Sarajevo: shadows of death; Wherever we go, we walk separately or together through the city, which is partly alive - through the street demonstrations - and partly dead: through the corpses of our own and others.","Belgrade is overflowing with the shadows of all the destroyed cities, but the most gloomy shadows are those of Sarajevo: shadows of death; Wherever we go, we walk separately or together through the city, which is partly alive - through the street demonstrations - and partly dead: through the corpses of our own and others."
https://hoerspiele.dra.de/detailansicht/1381497,Bruchstücke aus dem Tagebuch eines Dorfküsters,1993,DRA,Steen Steensen Blicher,Steen Steensen Blicher,medium,named subject action,"""Steen Steensen Blicher was forty-two years old when - due to lack of money - he published his first story, which would soon make him famous: the 'Fragments from the Life of a Village Sexton', notes from the years 1708 - 1753, which, following a European fashion, he claimed to have 'found, reviewed and published'.","""Steen Steensen Blicher was forty-two years old when - due to lack of money - he published his first story, which would soon make him famous: the 'Fragments from the Life of a Village Sexton', notes from the years 1708 - 1753, which, following a European fashion, he claimed to have 'found, reviewed and published'."
https://hoerspiele.dra.de/detailansicht/1381401,Reise in den Klang der Worte. Porträt des Hörspiel-Regisseurs Jörg Jannings,1993,DRA,Jörg Jannings,Mechthild Zschau,high,portrait phrase,"A portrait of the radio work director Jörg Jannings, collaged from self-statements about stages in his life and work and audio examples from his successful radio productions, for example his radio work realizations of texts by George Taboris.","A portrait of the radio work director Jörg Jannings, collaged from self-statements about stages in his life and work and audio examples from his successful radio productions, for example his radio work realizations of texts by George Taboris."
https://hoerspiele.dra.de/detailansicht/1381516,Sehr selten habe ich geweint,1993,DRA,Crying,Ingrid Hammer,medium,named subject action,"""Crying is no way out as long as you are in things.","""Crying is no way out as long as you are in things. Only when I am with you again, in rest and overcoming, will we have to cry a lot... Here, even in front of the saddest pictures, crying has no meaning, and that, pity is mean when it takes the place of help and action."
https://hoerspiele.dra.de/detailansicht/1381590,Briefe an die Königin der Nacht,1993,DRA,This sigh,Inger Edelfeldt,medium,named subject action,"Why don't you answer my letters?"" This sigh comes from Georg Daniel Bratt, an outsider.","Why don't you answer my letters?"" This sigh comes from Georg Daniel Bratt, an outsider. But he consciously chose this role because he is completely occupied with his enormous imagination and creativity."
https://hoerspiele.dra.de/detailansicht/1381670,Der Hang zur Einsilbigkeit,1993,DRA,Korde,Wolfgang Hegewald,medium,first named figure in description,"Korde's oeuvre already includes three novels, two prose poetry collections, four short story volumes, a novella and a joke collection.","Korde's oeuvre already includes three novels, two prose poetry collections, four short story volumes, a novella and a joke collection. But he is still not known as a writer, although he was occasionally considered an insider tip."
https://hoerspiele.dra.de/detailansicht/1381923,"Ich tippe nur, was ich im Kopf habe",1995,DRA,More,Heidrun Nass,medium,first named figure in description,"More than 50 radio works by Karl-Heinz Bölling, born in 1947, have been produced on (almost) all ARD stations since the mid-1980s.","More than 50 radio works by Karl-Heinz Bölling, born in 1947, have been produced on (almost) all ARD stations since the mid-1980s. The author, who lives in Dortmund-Aplerbeck, has certainly “typed” a lot more."
https://hoerspiele.dra.de/detailansicht/1381820,Futschlinien (1. Teil: Der Reiseschriftsteller Richard Huelsenbeck),1995,DRA,Dadaist,Herbert Kapfer; Lisbeth Exner,medium,first named figure in description,"He made literary history as a Dadaist in Zurich and Berlin, and only a few people know him as a travel writer: Richard Huelsenbeck (1892-1974), already known in the 1920s as a ship's doctor and correspondent for various newspapers in Asia, Africa and America.","He made literary history as a Dadaist in Zurich and Berlin, and only a few people know him as a travel writer: Richard Huelsenbeck (1892-1974), already known in the 1920s as a ship's doctor and correspondent for various newspapers in Asia, Africa and America."
https://hoerspiele.dra.de/detailansicht/1381821,Futschlinien (2. Teil: Der Emigrant Richard Huelsenbeck),1995,DRA,Dadaist,Herbert Kapfer; Lisbeth Exner,medium,first named figure in description,"He made literary history as a Dadaist in Zurich and Berlin, and only a few people know him as a travel writer: Richard Huelsenbeck (1892-1974), already known in the 1920s as a ship's doctor and correspondent for various newspapers in Asia, Africa and America.","He made literary history as a Dadaist in Zurich and Berlin, and only a few people know him as a travel writer: Richard Huelsenbeck (1892-1974), already known in the 1920s as a ship's doctor and correspondent for various newspapers in Asia, Africa and America."
https://hoerspiele.dra.de/detailansicht/1384864,Das schlechteste Hörspiel der Welt oder Eine Biographie über Niemand,1995,DRA,Nobody,John von Düffel,medium,curated title override,"How many languages ​​do people need to describe their longing and their happiness, their misfortune and their fears?","How many languages ​​do people need to describe their longing and their happiness, their misfortune and their fears? At least one for every soul, says John von Düffel and leads his poet through all the stages of classical theater dramaturgy with a strong maternal bond and fierce ambition for nothing in his love for a man."
https://hoerspiele.dra.de/detailansicht/1385344,Die innere Biografie des Robert Lax (3. Teil: Journals),1995,DRA,Sigrid Hauff,Sigrid Hauff,medium,first named figure in description,"Sigrid Hauff calls the third part of the 'inner biography' ""Journals"".","Sigrid Hauff calls the third part of the 'inner biography' ""Journals"". Raped by life in a modern city, Lax retreats to a Greek island."
https://hoerspiele.dra.de/detailansicht/1385008,Im Ohrensaal,1995,DRA,Unica Zürn,Unica Zürn; Ursula Krechel,medium,role description confirms author subject,"""Some delusional systems are as spacious as houses.","""Some delusional systems are as spacious as houses. The sick move about in them as confidently as long-term residents, whose recovery would be tantamount to expulsion. The writer and illustrator Unica Zürn spent many years of her life in the revolving door system between psychiatric institutions."
https://hoerspiele.dra.de/detailansicht/1389829,Berlin - Ein akustisches Tagebuch,1996,DRA,Ursula Weck,Ursula Weck,medium,role description confirms author subject,The city where the author of this feature has lived for almost 20 years.,"The city where the author of this feature has lived for almost 20 years. The “acoustic environmental pollution”, the “Berlin background noise”, surrounds them every day."
https://hoerspiele.dra.de/detailansicht/1386162,Berlinisches Tagebuch,1996,DRA,Mayako Kubo,Mayako Kubo,medium,first named figure in description,"From mid-1989 to mid-1990, Mayako Kubo lived alternately in Berlin and Rome.","From mid-1989 to mid-1990, Mayako Kubo lived alternately in Berlin and Rome. She kept a diary during this time before and after the fall of the Berlin Wall, and she uses these notes as the starting point for short piano pieces."
https://hoerspiele.dra.de/detailansicht/1385931,Erinnerungen an das Jahr Achtunddreißig,1996,DRA,Who,Antonio Tabucchi,medium,named subject action,"Who is this Pereira who explains, reports, makes a kind of confession?","Who is this Pereira who explains, reports, makes a kind of confession? And to whom does he tell the story of the summer in 1938 that took place in Lisbon?"
https://hoerspiele.dra.de/detailansicht/1390079,Briefe an den Kaiser,1997,DRA,Three,Achim Tischer,medium,first named figure in description,"Three events in Bremen on March 6, 1901: Kaiser Wilhelm II visits Bremen, unemployed Johann Dietrich Weiland has an epileptic seizure, and a piece of scrap metal that he had just picked up flies out of his hand - in the direction of the Kaiser.","Three events in Bremen on March 6, 1901: Kaiser Wilhelm II visits Bremen, unemployed Johann Dietrich Weiland has an epileptic seizure, and a piece of scrap metal that he had just picked up flies out of his hand - in the direction of the Kaiser."
https://hoerspiele.dra.de/detailansicht/1392442,Das Leben des Karl Valentin (3. Teil),1995,DRA,Karl Valentin,Michael Schulte,high,title names subject,Das Leben des Karl Valentin (3. Teil),"The couplets that marked the beginning of Valentin's stage career were strongly influenced by his role model, Karl Maxstadt, a highly paid lecturer of great popularity."
https://hoerspiele.dra.de/detailansicht/1392441,Das Leben des Karl Valentin (2. Teil),1995,DRA,Karl Valentin,Michael Schulte,high,title names subject,Das Leben des Karl Valentin (2. Teil),"Karl Valentin entered the Munich variety school in the spring of 1902 and tried his hand as a salon humorist with extremely varied success. After his father's death, he put a lot of money and all his hopes into a self-built orchestra with 20 instruments."
https://hoerspiele.dra.de/detailansicht/1392444,Das Leben des Karl Valentin (5. Teil),1995,DRA,Karl Valentin,Michael Schulte,high,title names subject,Das Leben des Karl Valentin (5. Teil),"Liesl Karlstadt as the partner of the well-known comedian. 'Partner' is just a simple collective term for what she soon became for Karl Valentin: co-author, co-director, lover, organizer, psychiatrist, prompter."
https://hoerspiele.dra.de/detailansicht/1392429,Das Leben des Karl Valentin (1. Teil),1995,DRA,Karl Valentin,Michael Schulte,high,title names subject,Das Leben des Karl Valentin (1. Teil),"On June 4, 1882, Maria Johanna Fey, née Schatte, gave birth to a son who was baptized six days later in Catholic Munich with the Protestant name Valentin Ludwig and later named Karl Valentin (pronounced: Falentin, because according to K.V."
https://hoerspiele.dra.de/detailansicht/1392443,Das Leben des Karl Valentin (4. Teil),1995,DRA,Karl Valentin,Michael Schulte,high,title names subject,Das Leben des Karl Valentin (4. Teil),"In 1909, Karl Valentin noticed the somewhat inconspicuous soubrette Elisabeth Wellano, who he advised to switch to comedy. He writes couplets for her and - based on Karl Maxstadt - invents the name Liesl Karlstadt for her."
https://hoerspiele.dra.de/detailansicht/1392445,Das Leben des Karl Valentin (6. Teil),1995,DRA,Karl Valentin,Michael Schulte,high,title names subject,Das Leben des Karl Valentin (6. Teil),"Valentin had many points of contact with the folk singers. But to the same extent that he revered them - he amassed an extensive private collection of playbills, articles and posters - he could also mock them."
https://hoerspiele.dra.de/detailansicht/1392446,Das Leben des Karl Valentin (7. Teil),1995,DRA,Karl Valentin,Michael Schulte,high,title names subject,Das Leben des Karl Valentin (7. Teil),"The fact that Valentin was valued equally by the ""three-quart privateers"" as well as by intellectuals, students and authors as diverse as Thomas Mann, Bert Brecht and Hermann Hesse shows that he belonged to the folk singers just as much as he had distanced himself from them."
https://hoerspiele.dra.de/detailansicht/1392447,Das Leben des Karl Valentin (8. Teil),1995,DRA,Karl Valentin,Michael Schulte,high,title names subject,Das Leben des Karl Valentin (8. Teil),This episode is dedicated to a relatively eventful year in Valentin's life: the year 1922. Relatively eventful because Valentin led a life that was rather poor in terms of external events.
https://hoerspiele.dra.de/detailansicht/1392449,Das Leben des Karl Valentin (10. Teil),1995,DRA,Karl Valentin,Michael Schulte,high,title names subject,Das Leben des Karl Valentin (10. Teil),"Valentin has written three comedies that consist of more than one act, and all three are military plays: ""The Robber Barons before Munich"", ""The Brilliant Fireworks or A Sunday in the Rosenau"" and ""Ritter Unkenstein""."
https://hoerspiele.dra.de/detailansicht/1392448,Das Leben des Karl Valentin (9. Teil),1995,DRA,Karl Valentin,Michael Schulte,high,title names subject,Das Leben des Karl Valentin (9. Teil),In 1922 or 1923 Brecht and Valentin made a film. It was created in a warehouse on Munich's Tengstrasse and has become so confusing that to this day cinema experts cannot agree on whether it is a completed work or a fragment.
https://hoerspiele.dra.de/detailansicht/1392450,Das Leben des Karl Valentin (11. Teil),1995,DRA,Karl Valentin,Michael Schulte,high,title names subject,Das Leben des Karl Valentin (11. Teil),"Karl Valentin was the only folk singer who immediately recognized the importance of the new film medium. Nevertheless, his involvement with this medium was to his detriment from the start - first financially, later often artistically."
https://hoerspiele.dra.de/detailansicht/1392451,Das Leben des Karl Valentin (12. Teil),1995,DRA,Karl Valentin,Michael Schulte,high,title names subject,Das Leben des Karl Valentin (12. Teil),"In March 1934, Valentin turned to the specialist in anatomical sculpture, Emil Eduard Hammer, to present his idea of ​​opening a Panopticon in the basement of the Hotel Wagner: ""If the Panopticon is to have traction in the art city of Munich, it would have to be highly original and humorous, with a small maze, a laugh room..."
https://hoerspiele.dra.de/detailansicht/1392452,Das Leben des Karl Valentin (13. Teil),1995,DRA,Karl Valentin,Michael Schulte,high,title names subject,Das Leben des Karl Valentin (13. Teil),"In June 1939, Valentin opened another venue according to his taste at Färbergraben 33 in Munich - the “Ritterspelunke” venue. The premiere of ""Ritter Unkenstein"", Valentin's last comedy, was on the schedule in November."
https://hoerspiele.dra.de/detailansicht/1392453,Das Leben des Karl Valentin (14. Teil),1995,DRA,Karl Valentin,Michael Schulte,high,title names subject,Das Leben des Karl Valentin (14. Teil),"As soon as the war was over, Valentin was full of new plans again. Munich had been bombed, but he was sure that he would soon be able to open a Singspielhalle again. According to the official reading, he died of a cold."
https://hoerspiele.dra.de/detailansicht/1393594,Aus dem Tagebuch eines Trinkers,1996,DRA,Somehow,Eugen Egner,medium,first named figure in description,"""5.8.: Somehow crossed the country with a person I can't remember (Henriette?","""5.8.: Somehow crossed the country with a person I can't remember (Henriette? Hans?). We ran downhill through gardens. After careful consideration, we lay down on the side of the road and tried to die."
https://hoerspiele.dra.de/detailansicht/1393596,Ihr Lieben viel zu weit Entfernten,1996,DRA,Parisian Jew Louise Jacobson,Louise Jacobson,medium,first named figure in description,"On August 31, 1942, seventeen-year-old Parisian Jew Louise Jacobson is arrested for not wearing a yellow star and taken to Fresnes, where young girls are imprisoned for theft, prostitution or vagrancy.","On August 31, 1942, seventeen-year-old Parisian Jew Louise Jacobson is arrested for not wearing a yellow star and taken to Fresnes, where young girls are imprisoned for theft, prostitution or vagrancy."
https://hoerspiele.dra.de/detailansicht/1394148,Leben sammeln. Die Tagebücher des Victor Klemperer (1918-1932) (2. Teil: Die Jahre 1920-1925),1997,DRA,Klemperer,Victor Klemperer,medium,named subject action,Klemperer is a full professor in Dresden.,"Klemperer is a full professor in Dresden. He teaches the electricians technical French, which he himself doesn't master perfectly. “Half a dozen girls and elderly elementary school teachers” appear at his literature lectures."
https://hoerspiele.dra.de/detailansicht/1394149,Leben sammeln. Die Tagebücher des Victor Klemperer (1918-1932) (3. Teil: Die Jahre 1926-1932),1997,DRA,Klemperer,Victor Klemperer,medium,named subject action,Klemperer keeps up well when it comes to the game of mutual recommendations and petty maneuvers in the scientific world.,"Klemperer keeps up well when it comes to the game of mutual recommendations and petty maneuvers in the scientific world. For a long time he shared the ethnic prejudices of his class. Nevertheless, he is not one of them, he is neither right nor left."
https://hoerspiele.dra.de/detailansicht/1395063,"Anne Sexton - ""Ich bin wie ein lebender Stein...""",1998,DRA,Anne Sexton,Anne Sexton,high,title names subject,"Anne Sexton - ""Ich bin wie ein lebender Stein...""","She explored the inner world of madness to the point of self-destruction, staged excess, and relentlessly searched for the roots of her identity. Anne Sexton unreservedly dissected her own physical and psychological brokenness."
https://hoerspiele.dra.de/detailansicht/1398880,Die Jagd nach dem Täter (27. Folge: Briefe von fremder Hand),1958,DRA,Crime,Hellmut Kleffel,medium,first named figure in description,Crime radio work based on a true story in Portugal.,Crime radio work based on a true story in Portugal.
https://hoerspiele.dra.de/detailansicht/1401599,Porträt einer Kongruenz,1969,DRA,Porträt,Guntram Vesper,low,curated title fallback,"In the collage process, the most diverse expressions of our social and political life are juxtaposed, brought together and aligned with one critical point: the challenge and threat to basic democratic principles.","In the collage process, the most diverse expressions of our social and political life are juxtaposed, brought together and aligned with one critical point: the challenge and threat to basic democratic principles."
https://hoerspiele.dra.de/detailansicht/1403139,Briefe nach Luzern,1957,DRA,Letters,Fritz Rotter,medium,first named figure in description,A radio work based on Letters to Lucerne (play) text adaptation: Gerhard Prager.,A radio work based on Letters to Lucerne (play) text adaptation: Gerhard Prager.
https://hoerspiele.dra.de/detailansicht/1403993,Der einzigartige Anonyme,1998,DRA,Robert Cahen,Michel Chion; Robert Cahen,medium,first named figure in description,"Robert Cahen, one of the most productive and important French video artists, studied electro-acoustic composition with Michel Chion at the Conservatoire National Supérieur de Musique, Paris, in the class of Pierre Schaeffer in the late 1960s.","Robert Cahen, one of the most productive and important French video artists, studied electro-acoustic composition with Michel Chion at the Conservatoire National Supérieur de Musique, Paris, in the class of Pierre Schaeffer in the late 1960s."
https://hoerspiele.dra.de/detailansicht/1405456,Die Aspern-Briefe,1960,DRA,Clara Claremont,Henry James,medium,first named figure in description,"In her old age, Clara Claremont, Byron's lover, had an American as a ""carpenter"" with her, who attempted to acquire literary documents from her past and was unexpectedly offered the love of her aging niece.","In her old age, Clara Claremont, Byron's lover, had an American as a ""carpenter"" with her, who attempted to acquire literary documents from her past and was unexpectedly offered the love of her aging niece."
https://hoerspiele.dra.de/detailansicht/1404357,Ladykiller. Versuch einer Würdigung,1998,DRA,Paris,Helmuth Mößmer; Eberhard Petschinka,medium,first named figure in description,Paris - he's after her on his motorbike and wants to take photos.,"Paris - he's after her on his motorbike and wants to take photos. Then the crash - he runs to the wreck, takes photos, makes big money. The Erinyes appear: He no longer sleeps, has nightmares."
https://hoerspiele.dra.de/detailansicht/1412213,Mein Flug über den Ozean (1. Teil),1963,DRA,Lindbergh,Charles A. Lindbergh,medium,named subject action,Lindbergh faces the greatest challenge of his life.,"Lindbergh faces the greatest challenge of his life. On May 20, 1927, he set off on the flight that would make him world-famous and enter the Olympus of aviation: the sensational crossing of the Atlantic without a stopover, a direct flight from New York to Paris..."
https://hoerspiele.dra.de/detailansicht/1412214,Mein Flug über den Ozean (2. Teil),1963,DRA,Lindbergh,Charles A. Lindbergh,medium,named subject action,Lindbergh faces the greatest challenge of his life.,"Lindbergh faces the greatest challenge of his life. On May 20, 1927, he set off on the flight that would make him world-famous and enter the Olympus of aviation: the sensational crossing of the Atlantic without a stopover, a direct flight from New York to Paris..."
https://hoerspiele.dra.de/detailansicht/1412215,Mein Flug über den Ozean (3. Teil),1963,DRA,Lindbergh,Charles A. Lindbergh,medium,named subject action,Lindbergh faces the greatest challenge of his life.,"Lindbergh faces the greatest challenge of his life. On May 20, 1927, he set off on the flight that would make him world-famous and enter the Olympus of aviation: the sensational crossing of the Atlantic without a stopover, a direct flight from New York to Paris..."
https://hoerspiele.dra.de/detailansicht/1412216,Mein Flug über den Ozean (4. Teil),1963,DRA,Lindbergh,Charles A. Lindbergh,medium,named subject action,Lindbergh faces the greatest challenge of his life.,"Lindbergh faces the greatest challenge of his life. On May 20, 1927, he set off on the flight that would make him world-famous and enter the Olympus of aviation: the sensational crossing of the Atlantic without a stopover, a direct flight from New York to Paris..."
https://hoerspiele.dra.de/detailansicht/1412217,Mein Flug über den Ozean (5. Teil),1963,DRA,Lindbergh,Charles A. Lindbergh,medium,named subject action,Lindbergh faces the greatest challenge of his life.,"Lindbergh faces the greatest challenge of his life. On May 20, 1927, he set off on the flight that would make him world-famous and enter the Olympus of aviation: the sensational crossing of the Atlantic without a stopover, a direct flight from New York to Paris..."
https://hoerspiele.dra.de/detailansicht/1412221,Mein Flug über den Ozean (6. Teil),1963,DRA,Lindbergh,Charles A. Lindbergh,medium,named subject action,Lindbergh faces the greatest challenge of his life.,"Lindbergh faces the greatest challenge of his life. On May 20, 1927, he set off on the flight that would make him world-famous and enter the Olympus of aviation: the sensational crossing of the Atlantic without a stopover, a direct flight from New York to Paris..."
https://hoerspiele.dra.de/detailansicht/1415190,Tagebuch,1963,DRA,Strindberg,Traute Hellberg,medium,first named figure in description,A word from Strindberg that the author quotes suggests that the internal danger posed by an ideology coupled with power may be worse and more lasting than the external threat.,"A word from Strindberg that the author quotes suggests that the internal danger posed by an ideology coupled with power may be worse and more lasting than the external threat. Peter Lembach, old communist, persecuted under Hitler, is supposed to take over an East Berlin stage after the war as director."
https://hoerspiele.dra.de/detailansicht/1415198,Berlin und Scherl,1963,DRA,Büxenstein,Hans Ermann,medium,first named figure in description,"On November 4, 1883, 80 years ago, the messengers left the Büxenstein printing house with the first issue of the “Berliner Lokal-Anzeiger”.","On November 4, 1883, 80 years ago, the messengers left the Büxenstein printing house with the first issue of the “Berliner Lokal-Anzeiger”. It was a sensation for Berlin, because the Lokal-Anzeiger was given away on the street."
https://hoerspiele.dra.de/detailansicht/1415202,Tagebuch der Eva Heyman,1965,DRA,Eva Heyman,Pnina Navé,medium,diary-of phrase,Diary of Eva Heyman.,Diary of Eva Heyman.
https://hoerspiele.dra.de/detailansicht/1415239,Nun komm' ich als Richter,1965,DRA,Georg Zivier,Georg Zivier,medium,first named figure in description,"[...] The journalist Georg Zivier - naturally - not only observed the course of the trial, not only the reactions and behavior of the accused, but also that of his colleagues and those around him.","[...] The journalist Georg Zivier - naturally - not only observed the course of the trial, not only the reactions and behavior of the accused, but also that of his colleagues and those around him."
https://hoerspiele.dra.de/detailansicht/1417417,Zwischen allen Stühlen (2. Teil),1999,DRA,Klemperer,Victor Klemperer,medium,named subject action,Klemperer reflects on the price of his success in his diary.,"Klemperer reflects on the price of his success in his diary. Here he captures his inner conflict, his fluctuations between hope and fear, between opportunism and rebellion, his growing doubts about the value of his own commitment."
https://hoerspiele.dra.de/detailansicht/1418105,Pension Spreewitz (Erinnerungen),1964,DRA,Pension Spreewitz,Thierry,medium,first named figure in description,Pension Spreewitz (memories).,Pension Spreewitz (memories).
https://hoerspiele.dra.de/detailansicht/1417478,Goethe in Dachau,1999,DRA,What,Nico Rost,medium,named subject action,"The poets and thinkers, do they still have something to say to us on the borderline between life and death?","The poets and thinkers, do they still have something to say to us on the borderline between life and death? What is the meaning of what we call “cultural heritage”? Anna Seghers asked these questions in her foreword to “Goethe in Dachau” in 1948."
https://hoerspiele.dra.de/detailansicht/1418159,Tagebuch eines sentimentalen Killers,1999,DRA,Tagebuch,Luis Sepúlveda,low,curated title fallback,"The mid-life crises and retirement of a professional killer coincide, so to speak: the melancholic hero, an aging macho man, is unhappily in love and unfortunately does not follow one of the rules of his profession: the complete lack of interest in the biography of his current victim.","The mid-life crises and retirement of a professional killer coincide, so to speak: the melancholic hero, an aging macho man, is unhappily in love and unfortunately does not follow one of the rules of his profession: the complete lack of interest in the biography of his current victim."
https://hoerspiele.dra.de/detailansicht/1418153,Tagebuch eines Verführers,1965,DRA,Johannes,Søren Aabye Kierkegaard,medium,first named figure in description,"Johannes, the hero in “The Diary of a Seducer,” calls himself an esthete.","Johannes, the hero in “The Diary of a Seducer,” calls himself an esthete. He lives only in the moment and for enjoyment. He shuns any commitment, always thinks only of himself and is therefore always thrown back into his own isolation."
https://hoerspiele.dra.de/detailansicht/1423425,Kimmerlingers Abenteuer,1955,DRA,Somewhere,Artur Schubart,medium,first named figure in description,"Somewhere in the mountains lived the Kimmerlinger, the count's chief hunter Kimmerlinger, if you want to be precise.","Somewhere in the mountains lived the Kimmerlinger, the count's chief hunter Kimmerlinger, if you want to be precise. He was an original, and he had his own sense of humor and a bright mind, as well as a knowledge of human nature that many would have envied."
https://hoerspiele.dra.de/detailansicht/1427146,Seine Rolle finden,2000,DRA,David Hirsch / David Hurst,Christine Nagel,medium,curated title override,"In Europe he is called David Hirsch, in America David Hurst, and he was born Heinrich Theodor Hirsch.","In Europe he is called David Hirsch, in America David Hurst, and he was born Heinrich Theodor Hirsch. When a boy in a Berlin backyard told him in 1935 that he was no longer allowed to play with him because he, David, was Jewish, that was: ""my beginning with religion.""."
https://hoerspiele.dra.de/detailansicht/1427158,Tagebuch 1985-1989,2000,DRA,Sándor Márai,Sándor Márai,medium,role description confirms author subject,"The author's last diaries are the record of a great love and at the same time a merciless reflection on the last things: death, illness, loneliness.","The author's last diaries are the record of a great love and at the same time a merciless reflection on the last things: death, illness, loneliness. Most of the diary notes talk about the last few months with his wife Lola."
https://hoerspiele.dra.de/detailansicht/1427972,Briefwechsel mit einem Kollegen,1974,DRA,Gerhard Zwerenz,Gerhard Zwerenz,high,autobiographical description uses author,I understand the radio work as an autobiographical-documentary.,I understand the radio work as an autobiographical-documentary. Two fellow writers grow apart. One is imprisoned in the GDR. After a dozen years they write to each other again.
https://hoerspiele.dra.de/detailansicht/1427974,Briefe für eine Landkarte,1969,DRA,Yugoslavian,Irena Vrkljan,medium,first named figure in description,"The text describes the life of a young Yugoslavian woman who left her homeland in monologues, letter excerpts and short dialogues.","The text describes the life of a young Yugoslavian woman who left her homeland in monologues, letter excerpts and short dialogues. Divorced from her husband and alienated from her small-town environment, she hopes to find better conditions elsewhere."
https://hoerspiele.dra.de/detailansicht/1428416,Wartheländisches Tagebuch,1974,DRA,Wartheland Diary,Alexander Hohenstein,medium,first named figure in description,"The author of this ""Wartheland Diary"" - only reproduced as excerpts in the radio work - was mayor during World War II in the so-called.","The author of this ""Wartheland Diary"" - only reproduced as excerpts in the radio work - was mayor during World War II in the so-called."
https://hoerspiele.dra.de/detailansicht/1429651,(schreibt auf. unsere haut.) - PROJEKT RAF,1999,DRA,Combat Zones,Paul Plamper; Alban Rehnitz,medium,curated title override,"""Combat Zones"" - This is the title of a four-part radio work series that uses the borderline experience of war to re-debate the old question of the relationship between aesthetics and morality, partisanship and art.","""Combat Zones"" - This is the title of a four-part radio work series that uses the borderline experience of war to re-debate the old question of the relationship between aesthetics and morality, partisanship and art."
https://hoerspiele.dra.de/detailansicht/1430360,Stille Bilder kann ich nicht malen,2000,DRA,Bernhard Heisig,Marina Leischner-Farschid,high,role phrase names subject,The painter Bernhard Heisig will be 75 years old on March 31st.,"The painter Bernhard Heisig will be 75 years old on March 31st. In a conversation with radio author Marina Leischner-Farschid, he takes time to look back on his life, which was always contentious and full of contradictions."
https://hoerspiele.dra.de/detailansicht/1430397,Der Todestrieb,1999,DRA,Jacques Mesrine,Jacques Mesrine,high,autobiographical description uses author,"In France, a separate law was passed for Jacques Mesrine's autobiography.","In France, a separate law was passed for Jacques Mesrine's autobiography. It says that no one who writes books about his crimes may make a profit from them."
https://hoerspiele.dra.de/detailansicht/1430815,"Wer hören will, wird fühlen",2000,DRA,Nathalie Sarraute,Hans-Jürgen Heinrichs,medium,first named figure in description,Nathalie Sarraute would have been 100 years old on July 18th.,"Nathalie Sarraute would have been 100 years old on July 18th. One of her last statements about her life and the expected death, about her work and how she understood it, was: ""If what I do is not difficult, it does not excite or stimulate me."
https://hoerspiele.dra.de/detailansicht/1432185,Ich spreche als Mensch,2000,DRA,Max Aub,Roana Brogsitter,high,manual override,A radio portrait of the writer Max Aub.,"Max Aub was born on June 2, 1903 in Paris. His father is German and his mother is French. Both parents are Jews, but Aub was brought up without a religion. When the First World War broke out, the family had to leave France and moved to Valencia."
https://hoerspiele.dra.de/detailansicht/1431093,Ich bin so gierig nach Leben,2001,DRA,Leben,Brigitte Reimann,low,curated title fallback,"I am young, I am sensual, I am terribly afraid of aging.","I am young, I am sensual, I am terribly afraid of aging. Why shouldn't I enjoy my life? In ten or twenty years everything will be over - if I don't die before then, wrote Brigitte Reimann at the age of 22."
https://hoerspiele.dra.de/detailansicht/1432481,Worpsweder Tagebuch,1979,DRA,Alfred Behrens,Alfred Behrens,medium,curated title override,The author spent the rainy summer of 1978 as a scholarship holder in the studio house in Worpswede.,"The author spent the rainy summer of 1978 as a scholarship holder in the studio house in Worpswede. A diary was created that provides information about the private and professional problems of a writer today, who would be more accurately described as a ""media worker"", and proved to be the ideal basis for a new kind of radio work."
https://hoerspiele.dra.de/detailansicht/1433537,Tagebuch/Diario,1999,DRA,Ottavia,José Iges; Concha Jerez,medium,first named figure in description,"""I remember Ottavia, the cobweb city, of Chloe, where people on the street don't know each other, of the city of Tamara, where the eye sees nothing but outlines of things that mean other things."" (from: ""Diary/Diario"").","""I remember Ottavia, the cobweb city, of Chloe, where people on the street don't know each other, of the city of Tamara, where the eye sees nothing but outlines of things that mean other things."" (from: ""Diary/Diario"")."
https://hoerspiele.dra.de/detailansicht/1433539,Edgar Varèse,1999,DRA,Edgar Varèse,Rudolf Frisius,high,portrait title is name,Edgar Varèse,"""The emancipation of acoustic art in the 20th century developed in various ways - above all as the emancipation of noise and as the emancipation of voice and sounding language."
https://hoerspiele.dra.de/detailansicht/1434071,Teresas Tagebuch,2000,DRA,Grandpa,Sebastian Goy,medium,first named figure in description,Grandpa and Max are standing in front of the thermometer.,"Grandpa and Max are standing in front of the thermometer. ""What a heat,"" groans Grandpa, ""the typical dog days."" ""It's very hot, not exactly 337, but at least 37 degrees, the typical dog days,"" writes Teresa in her diary."
https://hoerspiele.dra.de/detailansicht/1434175,Peter Zwetkoff - Porträt des Komponisten als Hörspielmacher,2000,DRA,Peter Zwetkoff,Ulrich Lampen,high,title names subject,Peter Zwetkoff - Porträt des Komponisten als Hörspielmacher,"Peter Zwetkoff was born on April 15, 1925 to a Bulgarian father and an Austrian mother and grew up in Tyrol. The German occupation of Austria and the anti-fascist resistance to it were the experiences that shaped Peter Zwetkoff and distinguished him from the majority of his generation."
https://hoerspiele.dra.de/detailansicht/1435644,Eismitte,2000,DRA,Werner Hofmeister,Johannes Georgi; Simone Weil; René Char,medium,first named figure in description,"Werner Hofmeister, Ulrich Müller and Siegfried Rössert live and work as a team of musicians and composers under the name ""48 nord"" in Munich.","Werner Hofmeister, Ulrich Müller and Siegfried Rössert live and work as a team of musicians and composers under the name ""48 nord"" in Munich. Two main characteristics characterize the music of 48 nord."
https://hoerspiele.dra.de/detailansicht/1436245,Blitzlichter (2. Teil: Souveränität der Lächerlichkeit),2002,DRA,Ilse Aichinger,Ilse Aichinger,high,autobiographical description names author,Ilse Aichinger tells her life in an idiosyncratic way.,Ilse Aichinger tells her life in an idiosyncratic way. She describes films in short texts - and these feature articles become the autobiography of the enthusiastic cinema-goer.
https://hoerspiele.dra.de/detailansicht/1436056,Auf der Suche nach dem Klanng - Atanasio Khyrsh und die Musik der Zukunft,2001,DRA,Atanasio Khyrsh,Moritz Eggert,medium,role/name phrase in description,This international radio work production explores the astonishing and exciting biography of the previously little-known contemporary composer Atanasio Khyrsh.,This international radio work production explores the astonishing and exciting biography of the previously little-known contemporary composer Atanasio Khyrsh.
https://hoerspiele.dra.de/detailansicht/1436678,Zur Zeit - live,2001,DRA,Hermann Kretzschmar,Hermann Kretzschmar,high,autobiographical description uses author,"“At the moment” is a search, a journey, an attempt to determine one’s current position.","“At the moment” is a search, a journey, an attempt to determine one’s current position. Autobiographical-documentary sound material from the last 12 years plays a major role."
https://hoerspiele.dra.de/detailansicht/1436732,"""Leuchtkugeln aus Blut"" - Ein Thomas Harlan Porträt",2001,DRA,Broadcast,Michael Farin,medium,first named figure in description,"Broadcast about Thomas Harlan, author of the trilogy ""Rosa - The Rosa Peham Files"" and ""Rosa - The Journey to Kulmhof 1 and 2"".","Broadcast about Thomas Harlan, author of the trilogy ""Rosa - The Rosa Peham Files"" and ""Rosa - The Journey to Kulmhof 1 and 2""."
https://hoerspiele.dra.de/detailansicht/1436832,Koljas Briefe,2002,DRA,An old woman,Adolf Schröder,medium,generic protagonist phrase,An old woman tells of an early love for which there was no place.,"An old woman tells of an early love for which there was no place. The person opposite, a young lawyer whom she carefully selected and paid to listen patiently, remains silent."
https://hoerspiele.dra.de/detailansicht/1436805,Ich bin einsam wie ...,2001,DRA,Those whose nature,Gerwig Epkes,medium,named subject action,"I fear that the warm life within me will grow cold because of the ice-cold history of the day..."" Friedrich Hölderlin.","I fear that the warm life within me will grow cold because of the ice-cold history of the day..."" Friedrich Hölderlin. ""Those whose nature keeps them away from the community..."
https://hoerspiele.dra.de/detailansicht/1437211,Blitzlichter (3. Teil: Augenblicke von Entschluss und Untergang),2002,DRA,Ilse Aichinger,Ilse Aichinger,high,autobiographical description names author,Ilse Aichinger tells her life in an idiosyncratic way.,Ilse Aichinger tells her life in an idiosyncratic way. She describes films in short texts - and these feature articles become the autobiography of the enthusiastic cinema-goer.
https://hoerspiele.dra.de/detailansicht/1437210,Blitzlichter (1. Teil: Film und Verhängnis),2002,DRA,Ilse Aichinger,Ilse Aichinger,high,autobiographical description names author,Ilse Aichinger tells her life in an idiosyncratic way.,Ilse Aichinger tells her life in an idiosyncratic way. She describes films in short texts - and these feature articles become the autobiography of the enthusiastic cinema-goer.
https://hoerspiele.dra.de/detailansicht/1437212,Blitzlichter (4. Teil: Entwurf einer Zukunft),2002,DRA,Ilse Aichinger,Ilse Aichinger,high,autobiographical description names author,Ilse Aichinger tells her life in an idiosyncratic way.,Ilse Aichinger tells her life in an idiosyncratic way. She describes films in short texts - and these feature articles become the autobiography of the enthusiastic cinema-goer.
https://hoerspiele.dra.de/detailansicht/1437213,Blitzlichter (5. Teil: Journal des Verschwindens),2002,DRA,Ilse Aichinger,Ilse Aichinger,high,autobiographical description names author,Ilse Aichinger tells her life in an idiosyncratic way.,Ilse Aichinger tells her life in an idiosyncratic way. She describes films in short texts - and these feature articles become the autobiography of the enthusiastic cinema-goer.
https://hoerspiele.dra.de/detailansicht/1437296,"Melville, der Rätselhafte",2002,DRA,Herman Melville,Mira Alexandra Schnoor,high,opening biographical apposition,"Herman Melville, born in New York in 1819, started out as a simple sailor on whaling ships in 1841.","Herman Melville, born in New York in 1819, started out as a simple sailor on whaling ships in 1841. What followed: desertion, a stay with a Polynesian native tribe completely untouched by civilization, a mutiny on board a whaler, an escape from a prison in Tahiti, and service on an American warship."
https://hoerspiele.dra.de/detailansicht/1437268,The making of Roaratorio,2002,DRA,Finnegans Wake,Klaus Schöning,medium,first named figure in description,"An Irish Circus about Finnegans Wake"", a key work of acoustic art, John Cage combined his experiences with music and poetry, sound poetry and natural sounds, environmental sound and tape montage as well as his involvement in Zen to create an all-encompassing, sounding cosmogony.","An Irish Circus about Finnegans Wake"", a key work of acoustic art, John Cage combined his experiences with music and poetry, sound poetry and natural sounds, environmental sound and tape montage as well as his involvement in Zen to create an all-encompassing, sounding cosmogony."
https://hoerspiele.dra.de/detailansicht/1437351,Tagebuch eines sentimentalen Killers,2002,DRA,Tagebuch,Luis Sepúlveda,low,curated title fallback,"""The only reason to kill someone is to get a seven-figure check.","""The only reason to kill someone is to get a seven-figure check. Tax-free."" - that's what the killer says and he's a professional."
https://hoerspiele.dra.de/detailansicht/1437384,Nie wieder! (3. Teil: Briefe an Barbara),2002,DRA,A father,Leo Meter,medium,generic protagonist phrase,A father writes letters to his daughter.,"A father writes letters to his daughter. He is a soldier in World War II, far away. He served on the Eastern Front, in Ukraine. Barbara, to whom the letters are addressed, lives with her mother in Amsterdam."
https://hoerspiele.dra.de/detailansicht/1438374,Memorial,1956,DRA,Memorial,Günther Weisenborn,medium,first named figure in description,"Memorial means to remember, means memorial.","Memorial means to remember, means memorial. A report from Günther Weisenborn about the appreciation of the anti-fascist resistance against Hitler."
https://hoerspiele.dra.de/detailansicht/1440546,Ein Jahr mit Thomas Bernhard (2. Teil: Wegen 2 Minuten kann nicht gespielt werden),2002,DRA,Thomas Bernhard,Karl Ignaz Hennetmair,low,curated title fallback,"""You can hardly believe what you read for 600 pages.","""You can hardly believe what you read for 600 pages. Diary, minutes, reporter's prose, which purifies itself into honoring heroes, and in the next sentence darkens into insulting authors, declarations of love and declaration of war."
https://hoerspiele.dra.de/detailansicht/1441137,"Zur Zeit - live, revisited",2003,DRA,Hermann Kretzschmar,Hermann Kretzschmar,high,autobiographical description uses author,"""'At the moment' is a search, a journey, an attempt to determine one's position through hearing.","""'At the moment' is a search, a journey, an attempt to determine one's position through hearing. Autobiographical-documentary sound material from the last 12 years plays a major role."
https://hoerspiele.dra.de/detailansicht/1441250,Heim-Suchungen,1971,DRA,Heim-Suchungen,Helga M. Novak,high,portrait title is name,Heim-Suchungen,"The tax authorities can confirm that the weak minority of freelance authors is being exploited; because their average income is on a par with unskilled workers, and their social security is far lower."
https://hoerspiele.dra.de/detailansicht/1441212,Ein Porträt des plattdeutschen Autors Christian Holsten,1976,DRA,Christian Holsten,Hans O. E. Gronau,high,portrait phrase,A portrait of the Low German author Christian Holsten.,A portrait of the Low German author Christian Holsten.
https://hoerspiele.dra.de/detailansicht/1441789,Fortsetzung einer Biographie,1978,DRA,The author,Hannelies Taschau,medium,opening role phrase,The author tells of a sixteen-year-old girl who neither reacts to her mother's tears nor her father's beatings.,"The author tells of a sixteen-year-old girl who neither reacts to her mother's tears nor her father's beatings. She is simply stubborn in a quiet way, gives non-binding information to the carer who is called in, and actually seems to be a ""lovely"" girl."
https://hoerspiele.dra.de/detailansicht/1441334,Deiner fernen Wüste Trauer,2003,DRA,Maria Wolkonskaja,Maria Wolkonskaja,medium,named subject action + full-name expansion,"Shortly before the Urals, a carriage gets stuck in a snowstorm.","Shortly before the Urals, a carriage gets stuck in a snowstorm. The travelers: 21-year-old Princess Maria Wolkonskaya with her stubborn maid. With her luggage, Maria has little more than memories of a sheltered childhood, love poems by Alexander Pushkin and melodies from Ukraine - the 6,500 kilometer journey to Siberia lies ahead of her."
https://hoerspiele.dra.de/detailansicht/1442954,Ein weiter Weg (Teil 1: Aller Anfang ist Maloche),1969,DRA,Teil,Fritz Selbmann,low,curated title fallback,The career of a young worker into a communist politician.,"The career of a young worker into a communist politician. When the young worker Robert Hesse protests against the working conditions in a sawmill in the Palatinate, he is fired."
https://hoerspiele.dra.de/detailansicht/1442955,Ein weiter Weg (Teil 2: Heimfahrt ins gelobte Land),1969,DRA,Teil,Fritz Selbmann,low,curated title fallback,The career of a young worker into a communist politician.,"The career of a young worker into a communist politician. Robert Hesse, elected to the soldiers' council of his artillery regiment, believes in the possibilities of a republican defense force."
https://hoerspiele.dra.de/detailansicht/1442956,Ein weiter Weg (Teil 3: Das Jahr 1923),1969,DRA,Teil,Fritz Selbmann,low,curated title fallback,The career of a young worker into a communist politician.,"The career of a young worker into a communist politician. Robert Hesse, now a member of a communist operational cell in a coal mine and organizational leader, takes part in the revolutionary struggles against inflation and the occupation of the Ruhr."
https://hoerspiele.dra.de/detailansicht/1442957,Ein weiter Weg (Teil 4: Schlesisches Zwischenspiel),1969,DRA,Fritz Selbmann,Fritz Selbmann,high,autobiographical description uses author,A radio work based on Alternative - Balance Sheet - Credo (autobiography) text adaptation: Rolf Gumlich.,A radio work based on Alternative - Balance Sheet - Credo (autobiography) text adaptation: Rolf Gumlich.
https://hoerspiele.dra.de/detailansicht/1442958,Ein weiter Weg (Teil 5: Wetterleuchten),1969,DRA,Teil,Fritz Selbmann,low,curated title fallback,The career of a young worker into a communist politician.,The career of a young worker into a communist politician.
https://hoerspiele.dra.de/detailansicht/1442959,Ein weiter Weg (Teil 6: Und wenn es tausend Jahre wären),1969,DRA,Teil,Fritz Selbmann,low,curated title fallback,The career of a young worker into a communist politician.,The career of a young worker into a communist politician. The National Socialist justice system tried unsuccessfully to persuade Robert Hesse to betray the KPD.
https://hoerspiele.dra.de/detailansicht/1442960,Ein weiter Weg (Teil 7: Die lange Nacht),1969,DRA,Teil,Fritz Selbmann,low,curated title fallback,The career of a young worker into a communist politician.,"The career of a young worker into a communist politician. Robert Hesse goes through the ordeal of the National Socialist concentration camps, works in the communist camp management and is finally deported to the quarries in Flossenburg, where he is to be liquidated."
https://hoerspiele.dra.de/detailansicht/1442961,Ein weiter Weg (Teil 8: Ankunft in der Stunde Null),1969,DRA,Teil,Fritz Selbmann,low,curated title fallback,The career of a young worker into a communist politician.,"The career of a young worker into a communist politician. Robert Hesse returned to Leipzig in the spring of 1945, dedicated himself to organizing and gathering the anti-fascist forces, but was persecuted by the American occupying forces because of this activity."
https://hoerspiele.dra.de/detailansicht/1443138,Zwei Briefe an Pospischiel (Teil 2: Der zweite Brief),1972,DRA,Paul Pospischiel and his family,Max von der Grün; Gerhard Bengsch,medium,worker/name phrase,"Alarming news penetrates the apparently secure world of the worker Paul Pospischiel and his family and colleagues: Pospischiel's mother tells her son that she has discovered the man who betrayed his father to the National Socialists, and she also names a witness.","Alarming news penetrates the apparently secure world of the worker Paul Pospischiel and his family and colleagues: Pospischiel's mother tells her son that she has discovered the man who betrayed his father to the National Socialists, and she also names a witness."
https://hoerspiele.dra.de/detailansicht/1443137,Zwei Briefe an Pospischiel (Teil 1: Der erste Brief),1972,DRA,Paul Pospischiel and his family,Max von der Grün; Gerhard Bengsch,medium,worker/name phrase,"Alarming news penetrates the apparently secure world of the worker Paul Pospischiel and his family and colleagues: Pospischiel's mother tells her son that she has discovered the man who betrayed his father to the National Socialists, and she also names a witness.","Alarming news penetrates the apparently secure world of the worker Paul Pospischiel and his family and colleagues: Pospischiel's mother tells her son that she has discovered the man who betrayed his father to the National Socialists, and she also names a witness."
https://hoerspiele.dra.de/detailansicht/1443189,Biographie einer Landschaft,1973,DRA,This commission,Günter Wünsche,medium,named subject action,Two high school students are commissioned by the FDJ to investigate details of a femicide committed in Mecklenburg in 1933.,Two high school students are commissioned by the FDJ to investigate details of a femicide committed in Mecklenburg in 1933. This commission is intended to contribute to further shedding light on the local history of the labor movement.
https://hoerspiele.dra.de/detailansicht/1443207,Erwachen in Mississippi,1973,DRA,The young black Anne Moody,Anne Moody,medium,named subject action,"The young black Anne Moody reports in a monologue about her parents, family, school, her work as a domestic servant for ""white families"", the discrimination against blacks in Mississippi, her path to the civil rights movement and her hopes and successes with the black and white civil rights movements.","The young black Anne Moody reports in a monologue about her parents, family, school, her work as a domestic servant for ""white families"", the discrimination against blacks in Mississippi, her path to the civil rights movement and her hopes and successes with the black and white civil rights movements."
https://hoerspiele.dra.de/detailansicht/1443224,Briefe in die Ferne,1973,DRA,West German,Karlheinz Zydoreck,medium,first named figure in description,The offer of help from a West German company director aimed at future profits and the sincere expression of solidarity from a working class family from the GDR to Vietnam in letters after the end of the war.,The offer of help from a West German company director aimed at future profits and the sincere expression of solidarity from a working class family from the GDR to Vietnam in letters after the end of the war.
https://hoerspiele.dra.de/detailansicht/1443211,Die letzte Seite im Tagebuch,1973,DRA,Seite,Gisela Steineckert,low,curated title fallback,"The everyday life of a 17-year-old high school student: She chafes against her environment - for her, that is primarily her parents' home and school.","The everyday life of a 17-year-old high school student: She chafes against her environment - for her, that is primarily her parents' home and school. Added to this is an unhappy love story, a career dream that doesn't come true immediately - all normal, average problems."
https://hoerspiele.dra.de/detailansicht/1443355,Briefe an Anne,1975,DRA,A student from the GDR,Ulrike Schünemann,medium,generic protagonist phrase,A student from the GDR begins his five-year studies in Kharkov (Soviet Union).,"A student from the GDR begins his five-year studies in Kharkov (Soviet Union). His first encounters, impressions and experiences with the Soviet Union come to life in letters to his girlfriend in Leipzig."
https://hoerspiele.dra.de/detailansicht/1443344,Briefe aus New York,1974,DRA,A 50-year-old woman,Edith Anderson,medium,generic protagonist phrase,A 50-year-old woman who immigrated to the USA from Germany is looking for work as an editor in New York and for her own apartment.,A 50-year-old woman who immigrated to the USA from Germany is looking for work as an editor in New York and for her own apartment. She experiences the difficult conditions on the labor market and housing market and the resulting effects on interpersonal relationships.
https://hoerspiele.dra.de/detailansicht/1443399,Das Tagebuch der Eva Forest,1975,DRA,Alfonso Sastre,Eva Forest,medium,role/name phrase in description,"The radio work uses original diary recordings of the anti-fascist Eva Forest, the wife of the Spanish playwright Alfonso Sastre, who is incarcerated in a Spanish prison.","The radio work uses original diary recordings of the anti-fascist Eva Forest, the wife of the Spanish playwright Alfonso Sastre, who is incarcerated in a Spanish prison."
https://hoerspiele.dra.de/detailansicht/1443441,"Jürgen Gundlach, Produktionsdirektor der LPG Kotelow",1976,DRA,Jürgen Gundlach,Günter Ebert,medium,first named figure in description,"Jürgen Gundlach, production director at LPG Kotelow, is interviewed by an author about his work.","Jürgen Gundlach, production director at LPG Kotelow, is interviewed by an author about his work. The author and Gundlach's colleagues comment on his flawless and exemplary work."
https://hoerspiele.dra.de/detailansicht/1443482,Erinnerungen an Rüdiger Kremer,2002,DRA,Peter Dahl,Peter Dahl,high,opening biographical apposition,"Peter Dahl, born in 1942, studied German and sociology.","Peter Dahl, born in 1942, studied German and sociology. He worked as a journalist for news agencies, newspapers and magazines (""konkret"", ""pardon"")."
https://hoerspiele.dra.de/detailansicht/1443438,"Gertrud Westphal, Dreherin im VEB Büromaschinenwerk Sömmerda",1976,DRA,Gertrud Westphal,Klaus Hemberger,medium,first named figure in description,"The lathe operator Gertrud Westphal from VEB Büromaschinenwerk Sömmerda, her brigadier and her husband report on their exemplary work.","The lathe operator Gertrud Westphal from VEB Büromaschinenwerk Sömmerda, her brigadier and her husband report on their exemplary work."
https://hoerspiele.dra.de/detailansicht/1443439,"Willi Stachelhaus, Brigadier im VEB Kranbau Eberswalde",1976,DRA,Brigadier Willi Spikehaus,Joachim Ret,medium,first named figure in description,Brigadier Willi Spikehaus in the Eberswalde crane construction company reports on his commitment in everyday work.,Brigadier Willi Spikehaus in the Eberswalde crane construction company reports on his commitment in everyday work.
https://hoerspiele.dra.de/detailansicht/1443485,Der Fliegerpfeil,2002,DRA,First World War,Robert Musil,medium,first named figure in description,"In his diary from the First World War, Robert Musil notes: ""The piece of shrapnel or the pilot's arrow on Tenna: You have been hearing it for a long time.","In his diary from the First World War, Robert Musil notes: ""The piece of shrapnel or the pilot's arrow on Tenna: You have been hearing it for a long time. A wind-like whistling or wind-like rushing sound."
https://hoerspiele.dra.de/detailansicht/1443955,Ryôan-Ji oder Die Gärten der Leere / Just to rolywholyover,2002,DRA,Ryôan-Ji,Klaus Schöning,medium,first named figure in description,“Ryôan-Ji or The Gardens of the Void” is a reflection on the visual works of John Cage.,"“Ryôan-Ji or The Gardens of the Void” is a reflection on the visual works of John Cage. They stand in a rhizomatic network of relationships to his musical, poetic works, which are permeated by the spirit of Zen."
https://hoerspiele.dra.de/detailansicht/1443954,Mushroom Talk,2002,DRA,John Cage,Klaus Schöning,medium,first named figure in description,"John Cage (September 5, 1912 - August 12, 1992) is one of the most versatile and groundbreaking artistic personalities of the 20th century.","John Cage (September 5, 1912 - August 12, 1992) is one of the most versatile and groundbreaking artistic personalities of the 20th century."
https://hoerspiele.dra.de/detailansicht/1444158,Erinnerungen,1980,DRA,The Bremen Town Musicians reception,Detlef Michelers,medium,curated description override,Learn more A quicker moderator welcomes listeners to a live discussion.,"Learn more A quicker moderator welcomes listeners to a live discussion. ""Today's topic in our series 'Contemporary History for Contemporaries' is the question of a new reception of the history of the Bremen Town Musicians that has become necessary."
https://hoerspiele.dra.de/detailansicht/1444026,Wie eine Staubwolke von Noten,1975,DRA,Staubwolke von Noten,Ekkehard Sass,low,curated title fallback,"""An author's attempt to gain entry into the 'closed society' of a concert orchestra.","""An author's attempt to gain entry into the 'closed society' of a concert orchestra. The orchestra instrument is broken down into its components. Behind these components stands the individual musician, his work with a specific instrument."
https://hoerspiele.dra.de/detailansicht/1444843,Das Handwerk des Lebens (1. Teil: 1935-1939),2003,DRA,Cesare Pavese,Cesare Pavese,medium,named subject action,"""It is the story of a man who found it extremely difficult to live and his struggle to find a place in life or die so that he would have enough to live and enough to say."" The literary diary as a form of existential reassurance: Cesare Pavese wrote his...","""It is the story of a man who found it extremely difficult to live and his struggle to find a place in life or die so that he would have enough to live and enough to say."" The literary diary as a form of existential reassurance: Cesare Pavese wrote his..."
https://hoerspiele.dra.de/detailansicht/1444869,Blitzlichter (Langfassung),2002,DRA,Ilse Aichinger,Ilse Aichinger,high,autobiographical description names author,Ilse Aichinger tells her life in an idiosyncratic way.,"Ilse Aichinger tells her life in an idiosyncratic way. Brief, existential - a completely different autobiography that is essentially defined by going to the cinema."
https://hoerspiele.dra.de/detailansicht/1444844,Das Handwerk des Lebens (2. Teil: 1939-1950),2003,DRA,Cesare Pavese,Cesare Pavese,medium,named subject action,"""It is the story of a man who found it extremely difficult to live and his struggle to find a place in life or die so that he would have enough to live and enough to say."" The literary diary as a form of existential reassurance: Cesare Pavese wrote his...","""It is the story of a man who found it extremely difficult to live and his struggle to find a place in life or die so that he would have enough to live and enough to say."" The literary diary as a form of existential reassurance: Cesare Pavese wrote his..."
https://hoerspiele.dra.de/detailansicht/1445045,Blagomir Alexiev - Ein Porträt,2002,DRA,Blagomir Alexiev,Gisela Erbslöh,high,title names subject,Blagomir Alexiev - Ein Porträt,"A portrait of the author Blagomir Alexiev, who was awarded the SWR Karl Sczuka Prize. Blagomir Alexiev, born in 1954 in Varna/Bulgaria, completed his training in Sofia in 1973, worked there as a musician from 1977 to 1984 and as a sound engineer in the studio of the National Theater and Film Academy from 1984 to 1997."
https://hoerspiele.dra.de/detailansicht/1445261,Porträt einer verfilmten Landschaft,1977,DRA,Tourist,Elfriede Jelinek,medium,first named figure in description,"Tourist resort in her Styrian homeland ""Ramsau am Dachstein"", she subsequently built up her radio piece from the material that ""fell victim to the editing with the exception of a few interviews and statements"".","Tourist resort in her Styrian homeland ""Ramsau am Dachstein"", she subsequently built up her radio piece from the material that ""fell victim to the editing with the exception of a few interviews and statements""."
https://hoerspiele.dra.de/detailansicht/1445980,Verurteilt oder Christa Palms Briefe in den Knast,1976,DRA,Manfred Gillich,Wolfgang Schiffer; Charles Dürr,medium,named subject action,"In January 1963, Manfred Gillich was arrested during a break-in at a fur shop and taken into custody.","In January 1963, Manfred Gillich was arrested during a break-in at a fur shop and taken into custody. At that time, his fiancée, Christa Palm, was working as a waitress in a Cologne restaurant run by the inmate's mother."
https://hoerspiele.dra.de/detailansicht/1446234,Exakte Vision. Helen Hessels Jules und Jim,2004,DRA,Exact Vision,Helen Hessel,medium,first named figure in description,“Exact Vision” tells the story of a love affair that has become legendary.,“Exact Vision” tells the story of a love affair that has become legendary. Helen Hessel is the wife between the writers Franz Hessel and Henri-Pierre Roché; she met the two close friends in Paris in 1912.
https://hoerspiele.dra.de/detailansicht/1446549,Le Rêveur Au Sourire Passager,2003,DRA,Leo Küpper,Marietta Morawska-Büngeler,high,opening biographical apposition,"Leo Küpper, born in 1935, studied composition and musicology.","Leo Küpper, born in 1935, studied composition and musicology. In 1967 he founded his own studio in Brussels, ""Studio de Recherches et de Structurations Electroniques Auditives""."
https://hoerspiele.dra.de/detailansicht/1446756,Schlußball (1. Teil: Erinnerungen aus Neu-Spuhl),1960,DRA,Final,Gerd Gaiser,medium,first named figure in description,Final ball (Part 1: Memories from Neu-Spuhl).,Final ball (Part 1: Memories from Neu-Spuhl).
https://hoerspiele.dra.de/detailansicht/1446878,48 PS. Zur Biographie der Autos,1976,DRA,Autos,Peter Faecke; Rainer Ostendorf,low,curated title fallback,"In our radio work, the biography of a car is to be recorded acoustically.","In our radio work, the biography of a car is to be recorded acoustically. We chose a mid-range car because this size class is preferred by both workers and employees."
https://hoerspiele.dra.de/detailansicht/1446910,The Retreat Diaries - Tagebuch eines Rückzugs,2003,DRA,Diary,William S. Burroughs,medium,first named figure in description,"""'The Diary of a Retreat' is not a chronological diary.","""'The Diary of a Retreat' is not a chronological diary."
https://hoerspiele.dra.de/detailansicht/1446943,Fanny,2003,DRA,Fanny Mayer,Heidi Knoblich,high,portrait title is name + full-name expansion,Fanny,"On February 25, 1881, Fanny Mayer followed her brother's call for help in Basel and came to the Feldberg after a painful winter journey. She finds a newborn whose mother has died, and she promises to support her brother until he finds someone to take care of the child and the inn."
https://hoerspiele.dra.de/detailansicht/1446946,"Im Zug der Zeit oder Wo geht's lang, Genosse Stalin? (2. Teil: Von Moskau in den Krieg)",2003,DRA,Georgi Dimitroff,Georgi Dimitroff,high,opening named biographical sentence,"Georgi Dimitroff is one of the few outstanding communist leaders of the 20th century whose fame, at least in part, has survived to this day in both the East and the West.","Georgi Dimitroff is one of the few outstanding communist leaders of the 20th century whose fame, at least in part, has survived to this day in both the East and the West."
https://hoerspiele.dra.de/detailansicht/1447208,Außer Briefe schreiben kann man hier nichts,1978,DRA,"The radio work, which",Peter Goedel; Herbert Hoven,medium,opening role phrase,"The radio work, which is about the story of the 14-year-old student Markus, is based on an authentic case.","The radio work, which is about the story of the 14-year-old student Markus, is based on an authentic case. Markus is generally considered to be an “unruly boy”. He does not conform to the valid educational norms and insists on his own ways."
https://hoerspiele.dra.de/detailansicht/1447246,Trem Pàssaro,2003,DRA,Denise Garcia,Denise Garcia,medium,role/name phrase in description,"The Brazilian composer Denise Garcia, who studied composition for instrumental music in São Paulo with Willy Corrèa de Oliviera and in Detmold and Munich, has been increasingly working with electroacoustic music since the 1990s.","The Brazilian composer Denise Garcia, who studied composition for instrumental music in São Paulo with Willy Corrèa de Oliviera and in Detmold and Munich, has been increasingly working with electroacoustic music since the 1990s."
https://hoerspiele.dra.de/detailansicht/1447238,Das einzig Sichere ist das Wagnis,2003,DRA,Felix Jackson,Sylvia Rauer,high,opening when-clause names subject,"When Felix Jackson, alias Felix Joachimson, died in California in 1992 at the age of 90, he was one of the few emigrants who made it in the American TV business.","When Felix Jackson, alias Felix Joachimson, died in California in 1992 at the age of 90, he was one of the few emigrants who made it in the American TV business."
https://hoerspiele.dra.de/detailansicht/1447271,Reden in der Dämmerung,1985,DRA,Paul,Volkmar Röhrig; Matthias Thalheim,medium,named subject action,Paul was deployed as a student to defend his hometown in the final days of the Second World War.,Paul was deployed as a student to defend his hometown in the final days of the Second World War. Several classmates were killed. Now he remembers these events that night.
https://hoerspiele.dra.de/detailansicht/1447446,"Hilde Duwe, Arbeiterin im VEB Alwo in Brandenburg",1976,DRA,Workers,Peter Goslicki,medium,first named figure in description,Workers at a textile company agree to work a special shift in support of a solidarity campaign for Vietnam out of gratitude and recognition for their committed colleague Hilde Duwe.,Workers at a textile company agree to work a special shift in support of a solidarity campaign for Vietnam out of gratitude and recognition for their committed colleague Hilde Duwe.
https://hoerspiele.dra.de/detailansicht/1447582,Der Vortrag,1978,DRA,Vortrag,Jana Kursawe,low,curated title fallback,"In a diary story, a fourteen-year-old student describes her disappointment when she discovers that her father, as a student, was far from being the role model he always presented himself as in his moral sermons.","In a diary story, a fourteen-year-old student describes her disappointment when she discovers that her father, as a student, was far from being the role model he always presented himself as in his moral sermons."
https://hoerspiele.dra.de/detailansicht/1447448,"Irene Richter, Schichtmeister im VEB Kunstseidenwerk ""Siegfried Rädel"" in Pirna",1976,DRA,Irene Richter,Peter Biele; Elifius Paffrath,medium,first named figure in description,"Irene Richter, shift supervisor at the VEB artificial silk factory “Siegfried Rädel” in Pirna, remembers her career from worker to master and the associated requirements.","Irene Richter, shift supervisor at the VEB artificial silk factory “Siegfried Rädel” in Pirna, remembers her career from worker to master and the associated requirements."
https://hoerspiele.dra.de/detailansicht/1447447,"Siegfried Pilling, Meister im Fritz-Heckert-Werk in Karl-Marx-Stadt",1976,DRA,Various,Siegfried Pfaff,medium,first named figure in description,"Various people describe the exemplary work of Siegfried Pilling, foreman at the Fritz Heckert factory in Karl-Marx-Stadt.","Various people describe the exemplary work of Siegfried Pilling, foreman at the Fritz Heckert factory in Karl-Marx-Stadt."
https://hoerspiele.dra.de/detailansicht/1447450,Keine Irrfahrt für Odysseus oder Erinnerungen eines gewissen Kautz,1976,DRA,Otto Kautz,Hans-Ulrich Lüdemann,medium,first named figure in description,"When the soldier Otto Kautz returns from the Second World War, his wife and their son live with the local teacher.","When the soldier Otto Kautz returns from the Second World War, his wife and their son live with the local teacher. He earns his living collecting food hidden from local farmers, which he commandeers to feed people."
https://hoerspiele.dra.de/detailansicht/1447451,"Lieselotte Kullmann, Textilarbeiterin im VEB Buntgarnwerke Leipzig-Markleeberg",1976,DRA,Employees,Ulrike Schünemann,medium,first named figure in description,"Employees praise the exemplary work of their colleague Lieselotte Kullmann, textile worker at VEB Buntgarnwerke Leipzig-Markkleeberg.","Employees praise the exemplary work of their colleague Lieselotte Kullmann, textile worker at VEB Buntgarnwerke Leipzig-Markkleeberg."
https://hoerspiele.dra.de/detailansicht/1447662,Dero ergebenster Lessing,1979,DRA,Gotthold Ephraim Lessing,Gotthold Ephraim Lessing,high,manual override,"Based on letters, writings, and documents from the final years of Gotthold Ephraim Lessing.","Description of Gotthold Ephraim Lessing's years in Wolfenbüttel: his financial hardship, his marriage to Eva König, the death of his wife and child and the constant dispute with the court in letters, writings and other documents."
https://hoerspiele.dra.de/detailansicht/1447613,Alles Humbug,1978,DRA,United States,P. T. Barnum,medium,first named figure in description,"A young wealthy man from the United States accuses the American, manager and everyday guy Barnum of dubious business dealings.","A young wealthy man from the United States accuses the American, manager and everyday guy Barnum of dubious business dealings. Barnum presented Washington's alleged nurse, a mermaid and the ""Swedish Nightingale"" to the astonished and paying audience."
https://hoerspiele.dra.de/detailansicht/1447948,Rudi ist tot,1983,DRA,Rudi Rubbel,Siegfried Hanusch; Birgit Kessler,medium,first named figure in description,"The life of the trade union, SED and economic official (original sound) Rudi Rubbel, who recently died in an accident, is portrayed.","The life of the trade union, SED and economic official (original sound) Rudi Rubbel, who recently died in an accident, is portrayed. His career as an official after the Second World War is illustrated by (original sound) N."
https://hoerspiele.dra.de/detailansicht/1447707,Und morgen geht's weiter,1979,DRA,Portrait,Siegfried Hanusch,medium,first named figure in description,"Portrait of the foundry engineer, candidate for the SED district leadership and designated party secretary of his company, Horst Trute, born in 1944, from Wernigerode.","Portrait of the foundry engineer, candidate for the SED district leadership and designated party secretary of his company, Horst Trute, born in 1944, from Wernigerode."
https://hoerspiele.dra.de/detailansicht/1448012,"Damals, als ich heimkam",1984,DRA,Rondell,Rolf Wohlgemuth,medium,first named figure in description,"In the first post-war summer, the young, war-wounded Rondell tries to find his way again in the once familiar surroundings of his Erzgebirge homeland, to organize food and to escape the general destruction.","In the first post-war summer, the young, war-wounded Rondell tries to find his way again in the once familiar surroundings of his Erzgebirge homeland, to organize food and to escape the general destruction."
https://hoerspiele.dra.de/detailansicht/1448573,Der letzte Penny,1969,DRA,What,Manfred Bieler,medium,first named figure in description,"""What will you think about when you die?"" The question of the final thought is the question of a life: that of the author.","""What will you think about when you die?"" The question of the final thought is the question of a life: that of the author. The five characters are at the same time people who determine this life and variations of itself."
https://hoerspiele.dra.de/detailansicht/1448675,"""Sehr verehrter Heinz Rühmann ...""",2002,DRA,German,Heinz Rühmann; N. N.,medium,first named figure in description,"You are the most popular German actor of the last century."" The actor's estate contains numerous fan letters that Rühmann kept.","You are the most popular German actor of the last century."" The actor's estate contains numerous fan letters that Rühmann kept. They impressively demonstrate how much the audience trusts their star, opens up to him, and even sometimes surrenders to him."
https://hoerspiele.dra.de/detailansicht/1448805,Das türkische Rezept oder Leichenschmaus mit Erinnerungen (mit Musikwalzer),1978,DRA,Turkish Recipe,Helga M. Novak,medium,first named figure in description,"""The Turkish Recipe"" is handwritten by a man who was arrested on the spot in a dark past (1938).","""The Turkish Recipe"" is handwritten by a man who was arrested on the spot in a dark past (1938). Now a pastry chef is on the trail of the remains of the cookbook - until his own sudden death."
https://hoerspiele.dra.de/detailansicht/1448840,Tagebuch einer Anpassung,1975,DRA,Tagebuch,Ernst Bruun-Olsen,low,curated title fallback,Teacher Graversen decides to keep a diary.,Teacher Graversen decides to keep a diary. What initially looks like a report about his marital crisis and a few women's stories ends up being the story of an opportunist who condemns himself by justifying himself.
https://hoerspiele.dra.de/detailansicht/1448839,Das Tagebuch des Benjamin Gniebel,1963,DRA,The author,Gerhard Niezoldi,medium,opening role phrase,"The author tells the story of the Gniebel family, who led a quiet, harmonious life for years until their son Paul suddenly discovers that his sister Hilde is having a relationship with a married man.","The author tells the story of the Gniebel family, who led a quiet, harmonious life for years until their son Paul suddenly discovers that his sister Hilde is having a relationship with a married man."
https://hoerspiele.dra.de/detailansicht/1448841,"Tagebuch einer Liebe oder Jetzt erzählen wir uns eine Geschichte, in der jetzt immerzu jetzt bleibt",1978,DRA,Veronika and Jens,Alfred Behrens,medium,curated title override,"In West Berlin, on the S-Bahn in the morning, they get to know each other, Veronika and Jens; she on the way to the bookstore where she works and he, married, on the way to university.","In West Berlin, on the S-Bahn in the morning, they get to know each other, Veronika and Jens; she on the way to the bookstore where she works and he, married, on the way to university."
https://hoerspiele.dra.de/detailansicht/1449067,Die Erinnerungen von Ludolf Ursleu dem Jüngeren (1. Teil),1979,DRA,Ricarda Huch,Ricarda Huch,medium,first named figure in description,The important social novel by 28-year-old Ricarda Huch (seven years before Thomas Mann) describes the fate of a Hanseatic patrician family and takes up the theme of love versus reality.,The important social novel by 28-year-old Ricarda Huch (seven years before Thomas Mann) describes the fate of a Hanseatic patrician family and takes up the theme of love versus reality.
https://hoerspiele.dra.de/detailansicht/1449069,Die Erinnerungen von Ludolf Ursleu dem Jüngeren (2. Teil),1979,DRA,Memories,Ricarda Huch,medium,first named figure in description,A radio work based on Memories of Ludolf Ursleu the Younger (novel) text adaptation: Barbara Bondy.,A radio work based on Memories of Ludolf Ursleu the Younger (novel) text adaptation: Barbara Bondy.
https://hoerspiele.dra.de/detailansicht/1449433,Sympathetic Streams,2003,DRA,Sympathetic Streams,Marita Loosen,high,portrait title is name,Sympathetic Streams,"""Composers often have a similar problem with sound as some painters have with academic painting: you can also be overtrained. The exciting thing about visual artists' engagement with sound is their naivety towards what they produce."" (Terry Fox) The man who says this is one of the unsung stars of the art scene."
https://hoerspiele.dra.de/detailansicht/1449453,Die Mimen kommen,2003,DRA,Greece,Camille Schlosser,medium,first named figure in description,The theater holidays begin and the mimes go to Greece like every year.,"The theater holidays begin and the mimes go to Greece like every year. There they tell each other what the past was like, brag, and are jealous. A fun piece about life “off the stage”."
https://hoerspiele.dra.de/detailansicht/1450550,Ediths Tagebuch,1990,DRA,America,Patricia Highsmith,medium,first named figure in description,The story of a marriage and a young woman in America in the second half of the 20th century: Edith Howland moves from New York to the countryside with her husband Brett and son Cliff.,The story of a marriage and a young woman in America in the second half of the 20th century: Edith Howland moves from New York to the countryside with her husband Brett and son Cliff.
https://hoerspiele.dra.de/detailansicht/1450729,...und Respekt vor zu Erziehenden,1973,DRA,Gisela Steineckert,Günter-Klaus Kellas,medium,first named figure in description,"06'47 (original sound) Gisela Steineckert (several times) on audience reactions to the original broadcast of her radio work ""The Last Page in the Diary"" / on raising young people and the generational conflict between parents and young people / on reflecting on her daughter's upbringing / on her dealings with young people / In between, recordings of several…","06'47 (original sound) Gisela Steineckert (several times) on audience reactions to the original broadcast of her radio work ""The Last Page in the Diary"" / on raising young people and the generational conflict between parents and young people / on reflecting on her daughter's upbringing / on her dealings with young people / In between, recordings of several…"
https://hoerspiele.dra.de/detailansicht/1462397,Zum 50. Geburtstag des rheinischen Hörspiels,1977,DRA,Rhenish,Theo Rausch; Manfred Brückner,medium,first named figure in description,For the 50th birthday of the Rhenish radio work.,For the 50th birthday of the Rhenish radio work.
https://hoerspiele.dra.de/detailansicht/1458120,Früher - das ist heute noch,1979,DRA,During,Klaus Antes,medium,first named figure in description,"During research in the Kalk district of Cologne, a project group from the radio work department happened to meet Ms.","During research in the Kalk district of Cologne, a project group from the radio work department happened to meet Ms. B. They approached her after receiving information because she should know the district; after all, she had even lived in the same house for over fifty years."
https://hoerspiele.dra.de/detailansicht/1466628,Gerhard Rühm,1976,DRA,Gerhard Rühm,Gerhard Rühm; Klaus Schöning,high,portrait title is name,Gerhard Rühm,"The radio work is based on a piece of a newspaper report, according to which a man is robbed and undressed on a country road one winter night, waiting in vain for help from drivers and ultimately freezing to death."
https://hoerspiele.dra.de/detailansicht/1466033,Die Sinnlichkeit der Mikrokosmen,2004,DRA,Mikrokosmen,Iris Drögekamp,low,curated title fallback,He has been keeping an acoustic diary for a long time.,"He has been keeping an acoustic diary for a long time. The sound composer and former advertising copywriter Asmus Tietchens, born in Hamburg in 1947, has been experimenting with tape recorders, electronic sound generators and concrete sound material since the mid-1960s."
https://hoerspiele.dra.de/detailansicht/1466641,Mauricio Kagel,1977,DRA,Mauricio Kagel,Dieter Carls,high,portrait title is name,Mauricio Kagel,"The radio-work maker Mauricio Kagel is introduced by WDR editor Klaus Schöning. The Argentinian composer Mauricio Kagel, who lives in Cologne, is one of the most creative producers of the new radio work."
https://hoerspiele.dra.de/detailansicht/1466804,"""Ich schreibe für mich und Fremde""",2004,DRA,Gertrude Stein,Mira Alexandra Schnoor,medium,first named figure in description,"“A rose is a rose is a rose” is the most famous sentence by Gertrude Stein (1874-1946), one of the most parodied or quoted sentence structures in literary history.","“A rose is a rose is a rose” is the most famous sentence by Gertrude Stein (1874-1946), one of the most parodied or quoted sentence structures in literary history."
https://hoerspiele.dra.de/detailansicht/1470878,Schürflizenz für ins Grab mitgenommene Geheimnisse,2004,DRA,Robert Musil,Karl Corino,medium,first named figure in description,"Due to the loss of Robert Musil's Viennese estate towards the end of the Second World War, due to the destruction of his library, his family papers, his entire correspondence up to 1938, his archive of photographs and newspaper clippings, due to the dispersal of his exiled friends all over the world, the situation for the biographer was quite...","Due to the loss of Robert Musil's Viennese estate towards the end of the Second World War, due to the destruction of his library, his family papers, his entire correspondence up to 1938, his archive of photographs and newspaper clippings, due to the dispersal of his exiled friends all over the world, the situation for the biographer was quite..."
https://hoerspiele.dra.de/detailansicht/1470897,Strahlungen,2004,DRA,Ernst Jünger,Ernst Jünger,medium,source-material by named subject,"The basis of this radio work chamber opera are texts from Ernst Jünger's ""Radiations"", with a center being the ""Paris Diaries"".","The basis of this radio work chamber opera are texts from Ernst Jünger's ""Radiations"", with a center being the ""Paris Diaries"". During the German occupation of France, Jünger was a captain in the German headquarters in Paris from February 1941 until the liberation in August 1944."
https://hoerspiele.dra.de/detailansicht/1472057,Dschaudars Abenteuer,1954,DRA,Dschaudar's mother,Anonymus,medium,curated title override,"Günter Eich structured his radio version of this story as an autobiographically conceived frame story by Dschaudar's mother, which then includes two interrelated stories.","Günter Eich structured his radio version of this story as an autobiographically conceived frame story by Dschaudar's mother, which then includes two interrelated stories."
https://hoerspiele.dra.de/detailansicht/1475970,"Eine Bank und drei Stühle, eine Gestalt in Schwarz mit gelbem Hut und im Vordergrund eine schwarze Katze. Der Himmel blassgrün.",2004,DRA,Vincent van Gogh,Klangmanufaktur,medium,role/name phrase in description,The correspondence between the painter Vincent van Gogh (1853-1890) and his brother Theo (1857-1890) lasted a total of 18 years.,"The correspondence between the painter Vincent van Gogh (1853-1890) and his brother Theo (1857-1890) lasted a total of 18 years. Vincent opened himself up to no other person as unreservedly as his brother, who worked as an art dealer, without whose help surviving as a painter would not have been possible."
https://hoerspiele.dra.de/detailansicht/1478889,"Pleiten, Pech und Pflaumbaum (1. Teil: Das Dübelübel)",2005,DRA,Marco Pflaumbaum,Herbert Friedmann,high,opening named biographical sentence,"Marco Pflaumbaum is only twelve years old, but he is already starting to write his memoirs as a precaution.","Marco Pflaumbaum is only twelve years old, but he is already starting to write his memoirs as a precaution. Marco's life is always eventful, and that's not least thanks to his father, mother and Grandpa Pflaumbaum, who all have a knack for disaster."
https://hoerspiele.dra.de/detailansicht/1478890,"Pleiten, Pech und Pflaumbaum (2. Teil: Der Wortschatzsucher)",2005,DRA,Marco Pflaumbaum,Herbert Friedmann,high,opening named biographical sentence,"Marco Pflaumbaum is only twelve years old, but he is already starting to write his memoirs as a precaution.","Marco Pflaumbaum is only twelve years old, but he is already starting to write his memoirs as a precaution. Marco's life is always eventful, and that's not least thanks to his father, mother and Grandpa Pflaumbaum, who all have a knack for disaster."
https://hoerspiele.dra.de/detailansicht/1478891,"Pleiten, Pech und Pflaumbaum (3. Teil: Der geheime Hund)",2005,DRA,Marco Pflaumbaum,Herbert Friedmann,high,opening named biographical sentence,"Marco Pflaumbaum is only twelve years old, but he is already starting to write his memoirs as a precaution.","Marco Pflaumbaum is only twelve years old, but he is already starting to write his memoirs as a precaution. Marco's life is always eventful, and that's not least thanks to his father, mother and Grandpa Pflaumbaum, who all have a knack for disaster."
https://hoerspiele.dra.de/detailansicht/1478893,"Pleiten, Pech und Pflaumbaum (5. Teil: Das chinesische Weihnachtsfest)",2005,DRA,Marco Pflaumbaum,Herbert Friedmann,high,opening named biographical sentence,"Marco Pflaumbaum is only twelve years old, but he is already starting to write his memoirs as a precaution.","Marco Pflaumbaum is only twelve years old, but he is already starting to write his memoirs as a precaution. Marco's life is always eventful, and that's not least thanks to his father, mother and Grandpa Pflaumbaum, who all have a knack for disaster."
https://hoerspiele.dra.de/detailansicht/1479014,"""Es geht nicht darum, sich kennenzulernen, sondern sein Leben zu ändern.""",2005,DRA,Jean-Paul Sartre,Walter van Rossum,medium,role/name phrase in description,"Shortly after the Second World War, the writer and philosopher Jean-Paul Sartre entered the public stage.","Shortly after the Second World War, the writer and philosopher Jean-Paul Sartre entered the public stage. Without regard to the ceremonies of the spirit, he transformed the word and thought into a military force in a way that had not happened since the Enlightenment - and especially not after Sartre."
https://hoerspiele.dra.de/detailansicht/1479675,Tagebuch eines Landlebens oder Kein Mord in der Leiblstraße,1980,DRA,Bavarian,Sebastian Goy,medium,first named figure in description,The Bavarian picture book of a writer who loves Edgar Allan Poe and Jean Paul.,"The Bavarian picture book of a writer who loves Edgar Allan Poe and Jean Paul. So with features of a crime story, but also with diary notes, with love, poetry, powerlessness, disguise, politics."
https://hoerspiele.dra.de/detailansicht/1479791,Chemie der Erinnerungen,1976,DRA,Prof. Hegewald,Horst Zahlten,medium,curated title override,"With his first successes in the areas of memory transfer and memory deletion, Prof.","With his first successes in the areas of memory transfer and memory deletion, Prof. Hegewald set himself the goal of freeing mentally ill people from the triggers of their psychoses through partial memory deletion."
https://hoerspiele.dra.de/detailansicht/1480619,Bellas Briefe,2004,DRA,Since,Hans Zimmer,medium,first named figure in description,"Since her parents divorced, she has had everything twice, once with mom and once with dad.","Since her parents divorced, she has had everything twice, once with mom and once with dad. Except her doll Bella, who is almost as old as she is and is unique. But yesterday Klara forgot her doll on the bench in the park."
https://hoerspiele.dra.de/detailansicht/1479751,Anonyme Briefe,1969,DRA,Anonyme Briefe,Louis C. Thomas,low,curated title fallback,The unscrupulous real estate agent brings charges against unknown people: He receives anonymous threatening letters.,The unscrupulous real estate agent brings charges against unknown people: He receives anonymous threatening letters.
https://hoerspiele.dra.de/detailansicht/1480757,Böses Spielzeug. Meira Ashers Warnungen vor der Realität,2004,DRA,Meira Asher,Hartwig Vens,medium,role/name phrase in description,"The musician and performance artist Meira Asher comes from Israel, but has been living in The Hague for several years, where she works at the Institute for Sonology.","The musician and performance artist Meira Asher comes from Israel, but has been living in The Hague for several years, where she works at the Institute for Sonology. In her projects she has taken up topics such as the Holocaust, the Israel-Palestine conflict and most recently the phenomenon of child soldiers."
https://hoerspiele.dra.de/detailansicht/1503127,Briefe an Georges,2006,DRA,Elias Canetti constantly,Elias Canetti; Canetti Veza,medium,named subject action,"In addition to his wife Veza, whom he married out of friendship, Elias Canetti constantly has mistresses.","In addition to his wife Veza, whom he married out of friendship, Elias Canetti constantly has mistresses. The unhappy Veza opens her heart to the youngest Canetti, her brother-in-law Georges."
https://hoerspiele.dra.de/detailansicht/1503154,Aus den Briefen von Paul Cézanne und Emile Bernard sowie aus den Briefen von Rainer Maria Rilke und Clara Westhoff,2006,DRA,Correspondence,Paul Cézanne; Emile Bernard; Rainer Maria Rilke; Clara Westhoff,medium,first named figure in description,"A radio work based on Correspondence between Cézanne and Bernard (letters, French), Correspondence between Rilke and Westhoff (letters).","A radio work based on Correspondence between Cézanne and Bernard (letters, French), Correspondence between Rilke and Westhoff (letters)."
https://hoerspiele.dra.de/detailansicht/1481393,Rot ist mein Name (2. Teil: Das Porträt),2005,DRA,Fein Effendi,Orhan Pamuk,medium,first named figure in description,"The body of the gilder Fein Effendi lies dead at the bottom of a well, waiting to finally be found.","The body of the gilder Fein Effendi lies dead at the bottom of a well, waiting to finally be found. Kara, who has returned to Istanbul after a twelve-year absence, is commissioned by his uncle to investigate Fein Effendi's disappearance."
https://hoerspiele.dra.de/detailansicht/1516597,Robert Schell - Porträt eines Arbeiters (2. Teil),1969,DRA,Robert Schell,Max Stoll; Dieter Langhut,high,title names subject,Robert Schell - Porträt eines Arbeiters (2. Teil),Broadcast as part of the 11th week of children's and youth radio work in 1969.
https://hoerspiele.dra.de/detailansicht/1503925,Ein Tagebuch wird verbrannt,1988,DRA,Seventeen-year-old Rosa Luxemburg,Maria Seidemann,medium,first named figure in description,"Seventeen-year-old Rosa Luxemburg, a member of the Communist Party headquarters, is ordered to secretly leave the country within a few hours in order to avoid the threat of arrest.","Seventeen-year-old Rosa Luxemburg, a member of the Communist Party headquarters, is ordered to secretly leave the country within a few hours in order to avoid the threat of arrest."
https://hoerspiele.dra.de/detailansicht/1516598,Robert Schell - Porträt eines Arbeiters(3),1969,DRA,Robert Schell,Max Stoll; Dieter Langhut,high,title names subject,Robert Schell - Porträt eines Arbeiters(3),Broadcast as part of the 11th week of children's and youth radio work in 1969.
https://hoerspiele.dra.de/detailansicht/1516596,Robert Schell - Porträt eines Arbeiters (1. Teil),1969,DRA,Robert Schell,Max Stoll; Dieter Langhut,high,title names subject,Robert Schell - Porträt eines Arbeiters (1. Teil),Broadcast as part of the 11th week of children's and youth radio work in 1969.
https://hoerspiele.dra.de/detailansicht/1516600,Robert Schell - Porträt eines Arbeiters (4. Teil),1969,DRA,Robert Schell,Max Stoll; Dieter Langhut,high,title names subject,Robert Schell - Porträt eines Arbeiters (4. Teil),Broadcast as part of the 11th week of children's and youth radio work in 1969.
https://hoerspiele.dra.de/detailansicht/1516634,Tagebuchblätter aus Hanoi: Aus dem Tagebuch der stellvertretenden Oberkommandierenden der Befreiungsarmee Südvietnams - Gujen Ti Din - einer bekannten Heerführerin des vietnamesischen Volkes,1969,DRA,Produced,Nguyen Thin Dinh,medium,first named figure in description,Produced and broadcast on the occasion of the II International Festival of Children's and Youth radio works in 1969.,Produced and broadcast on the occasion of the II International Festival of Children's and Youth radio works in 1969.
https://hoerspiele.dra.de/detailansicht/1516870,Ohne Datum,2006,DRA,A man in his thirties,Karl Günther Hufnagel,medium,generic protagonist phrase,"A man in his thirties has a tumor in his lung; He knows that he only has a short time left to live: agonizing waiting, inner rebellion, apparent submission.","A man in his thirties has a tumor in his lung; He knows that he only has a short time left to live: agonizing waiting, inner rebellion, apparent submission."
https://hoerspiele.dra.de/detailansicht/1516638,Robert Schell - Porträt eines Arbeiters (5. Teil),1969,DRA,Robert Schell,Max Stoll; Dieter Langhut,high,title names subject,Robert Schell - Porträt eines Arbeiters (5. Teil),Broadcast as part of the 11th week of children's and youth radio work in 1969.
https://hoerspiele.dra.de/detailansicht/1516635,"Tagebuchblätter aus Hanoi: Aus dem Tagebuch der jungen Lehrerin Pe Ha aus einem Rajong in Südvietnam, aufgeschrieben am 19. März 1961 - dem 11. Jahrestag der antiamerikanischen Demonstration in Saigon",1969,DRA,Produced,Giang Nam,medium,first named figure in description,Produced and broadcast on the occasion of the II International Festival of Children's and Youth radio works in 1969.,Produced and broadcast on the occasion of the II International Festival of Children's and Youth radio works in 1969.
https://hoerspiele.dra.de/detailansicht/1516639,Liebe Claudia,1969,DRA,Liebe Claudia,Bodo Schulenburg,high,portrait title is name,Liebe Claudia,Heiz Hoffmann's life path is the path of a working-class boy to becoming a general! To a general who leads the army of the victorious German working class. It is the path of a communist who has dedicated his entire life to building a peace-loving socialist society.
https://hoerspiele.dra.de/detailansicht/1516892,Heart Beat,2006,DRA,Heart Beat,Carolyn Cassady,low,curated title fallback,She actually wanted a completely normal family life.,"She actually wanted a completely normal family life. With husband, children, house and garden. But she had married Neal Cassady, the beatnik and womanizer, the friend of Kerouac and Ginsberg."
https://hoerspiele.dra.de/detailansicht/1517120,Erinnerungen einer Sängerin am Klavier,2006,DRA,Jenny Lind,Jenny Lind,medium,first named figure in description,"Jenny Lind, the ""Swedish Nightingale"" (1820-1887), is considered the leading coloratura singer of her time.","Jenny Lind, the ""Swedish Nightingale"" (1820-1887), is considered the leading coloratura singer of her time. Their performances had characteristics of today's rock concert hysteria: when they sang, women fainted and men lost their senses and had to be carried out of the opera houses."
https://hoerspiele.dra.de/detailansicht/1520159,Ich lese in Jasnas Tagebuch,1973,DRA,Jasna,Mirjana Buljan,medium,first named figure in description,"Ana reads the diary of her 15-year-old daughter Jasna and, in dialogue with her second self, examines her behavior and parenting methods towards her daughter.","Ana reads the diary of her 15-year-old daughter Jasna and, in dialogue with her second self, examines her behavior and parenting methods towards her daughter."
https://hoerspiele.dra.de/detailansicht/1520170,Tagebuch einer Freundschaft,1974,DRA,Andrej,Ovidiu Zotta,medium,named subject action,Andrej has a complicated temperament that easily goes to extremes.,"Andrej has a complicated temperament that easily goes to extremes. On the one hand he would like to be one of the biggest rowdies, but on the other hand he would also like to be one of the best students in the class."
https://hoerspiele.dra.de/detailansicht/1519891,Polar,2007,DRA,Moments and gestures in cinema,Albert Ostermaier,medium,curated title override,There are moments and gestures that aim to last forever.,There are moments and gestures that aim to last forever. Essential things crystallize in them. Her preferred stage is the cinema. And sometimes entire films thrive on these stylizations.
https://hoerspiele.dra.de/detailansicht/1520407,Das Tagebuch des verschütteten Bergmanns Martino Tiff,1975,DRA,A great metaphor,Pietro Formentini,medium,generic protagonist phrase,"A great metaphor is created: Martino Tiff, a simple tunnel worker in a mine in the Federal Republic of Germany, is buried and trapped during a mining accident, and the listener will gradually understand over the course of the piece that Tiff actually had to live in the inhumane isolation of class society throughout his life.","A great metaphor is created: Martino Tiff, a simple tunnel worker in a mine in the Federal Republic of Germany, is buried and trapped during a mining accident, and the listener will gradually understand over the course of the piece that Tiff actually had to live in the inhumane isolation of class society throughout his life."
https://hoerspiele.dra.de/detailansicht/1521963,600 Briefe von meinem Vermieter,2006,DRA,My landlord,Christoph Spittler,medium,named subject action,My landlord writes me letters.,"My landlord writes me letters. Since I've lived in my apartment, twelve years. The letter is always in my box on time on Thursday. In each of these letters, my landlord lists all my offenses like a litany."
https://hoerspiele.dra.de/detailansicht/1522912,Des Eisenhans Erinnerungen oder Paraphrase über ein deutsches Thema,1966,DRA,Günter Kunert,Günter Kunert,medium,first named figure in description,"Günter Kunert's variation on the Grimm fairy tale ""Eisenhans"" could be called a ""Scherzo more Germanico"".","Günter Kunert's variation on the Grimm fairy tale ""Eisenhans"" could be called a ""Scherzo more Germanico"". What remains of the original fairy tale is the figure of Iron Hans - here a kind of forest rascal, fairy tale robot or ancient Pan, Germanic Poseidon - a quite grotesque German figure."
https://hoerspiele.dra.de/detailansicht/1522914,Scherzo more germanico,1966,DRA,Dieter Hasselblatt,Dieter Hasselblatt,medium,named subject action,"Before beginning Kunert's radio story, Dieter Hasselblatt reports how the ""Eisenhans Variations"" series came about and what thoughts and goals dominated him when awarding the radio contracts.","Before beginning Kunert's radio story, Dieter Hasselblatt reports how the ""Eisenhans Variations"" series came about and what thoughts and goals dominated him when awarding the radio contracts."
https://hoerspiele.dra.de/detailansicht/1523220,Alles ist Gnade: Monologe nach dem Tagebuch eines Landpfarrers (3. Teil: 3. Monolog),1962,DRA,Diary,Georges Bernanos,medium,first named figure in description,"A radio work based on Diary of a country priest (Journal d'un Curé de Campagne) (novel, French) text adaptation: Leo Waltermann.","A radio work based on Diary of a country priest (Journal d'un Curé de Campagne) (novel, French) text adaptation: Leo Waltermann."
https://hoerspiele.dra.de/detailansicht/1523221,Alles ist Gnade: Monologe nach dem Tagebuch eines Landpfarrers (4. Teil: 4. Monolog),1962,DRA,Diary,Georges Bernanos,medium,first named figure in description,"A radio work based on Diary of a country priest (Journal d'un Curé de Campagne) (novel, French) text adaptation: Leo Waltermann.","A radio work based on Diary of a country priest (Journal d'un Curé de Campagne) (novel, French) text adaptation: Leo Waltermann."
https://hoerspiele.dra.de/detailansicht/1524689,Doktor Faustus (1. Teil),2007,DRA,Adrian Leverkühn told by,Thomas Mann,medium,role/name phrase,"In 1947 Thomas Mann finished his novel ""Doctor Faustus.","In 1947 Thomas Mann finished his novel ""Doctor Faustus. The life of the German composer Adrian Leverkühn told by a friend"". 60 years later, hr2-Kultur realizes his work as a ten-part radio work version."
https://hoerspiele.dra.de/detailansicht/1524790,Briefe an Mathilda,1978,DRA,Mathilda,Leszek Prorok,medium,curated title override,With this radio work the author continues the tradition of Polish social comedy.,With this radio work the author continues the tradition of Polish social comedy.
https://hoerspiele.dra.de/detailansicht/1524851,Doktor Faustus (4. Teil),2007,DRA,Thomas Mann,Thomas Mann,medium,first named figure in description,"On April 27, 1943, Thomas Mann, in exile in America, announced his new novel project about a syphilitic composer figure to his son Klaus: ""I am pursuing a very old plan: an artist (musician) and modern devil's prescription story from the fateful region of Maupassant, Nietzsche, Hugo Wolf, etc., in short, the theme of the worst...","On April 27, 1943, Thomas Mann, in exile in America, announced his new novel project about a syphilitic composer figure to his son Klaus: ""I am pursuing a very old plan: an artist (musician) and modern devil's prescription story from the fateful region of Maupassant, Nietzsche, Hugo Wolf, etc., in short, the theme of the worst..."
https://hoerspiele.dra.de/detailansicht/1524863,Doktor Faustus (8. Teil),2007,DRA,Leverkühn lies not only Mann,Thomas Mann,medium,role/name phrase,Behind the fictional composer Leverkühn lies not only Mann's own biography but also the life of Friedrich Nietzsche.,"Behind the fictional composer Leverkühn lies not only Mann's own biography but also the life of Friedrich Nietzsche. In order to credibly locate the invented, brilliant musician's biography in classical modernism, Mann decides to use Theodor W."
https://hoerspiele.dra.de/detailansicht/1524995,Die Sinnlichkeit der Mikrokosmen,2007,DRA,Mikrokosmen,Iris Drögekamp,low,curated title fallback,He has been keeping an acoustic diary for a long time.,"He has been keeping an acoustic diary for a long time. The sound composer and former advertising copywriter Asmus Tietchens, born in Hamburg in 1947, has been experimenting with tape recorders, electronic sound generators and concrete sound material since the mid-1960s."
https://hoerspiele.dra.de/detailansicht/1526212,Briefe und Hiebe,1971,DRA,Jeannette,Hansgeorg Meyer,medium,first named figure in description,"Jan's rustic parenting methods trigger a sharp epistolary polemic with Jeannette, in which they both hide their affection for each other behind technical talk.","Jan's rustic parenting methods trigger a sharp epistolary polemic with Jeannette, in which they both hide their affection for each other behind technical talk. Uwe and Heiko stop the polemic from escalating by cunningly bringing about a reunion between Jan, Jeannette and the group."
https://hoerspiele.dra.de/detailansicht/1526433,Porträt eines Helden,1975,DRA,Father Neumann,Arne Leonhardt,medium,first named figure in description,"Father Neumann agrees to portray the BGL chairman, Wilfried Ohme, whom he has ""known very well"" and with whom he has worked closely for years, in an article for the company newspaper on the occasion of the FDGB's 30th anniversary, and suddenly has to realize how difficult it is to create a vivid picture of a person...","Father Neumann agrees to portray the BGL chairman, Wilfried Ohme, whom he has ""known very well"" and with whom he has worked closely for years, in an article for the company newspaper on the occasion of the FDGB's 30th anniversary, and suddenly has to realize how difficult it is to create a vivid picture of a person..."
https://hoerspiele.dra.de/detailansicht/1527851,The Glenn Gould Trilogy,2007,DRA,Canadian Glenn Gould,Michael Stegemann,medium,first named figure in description,"Radio As Music: The Canadian Glenn Gould (1932-1982) was not only ""the greatest pianist of all time"", which Thomas Bernhard described him as in his novel ""The Untergeher"", but also a visionary radio and media pioneer.","Radio As Music: The Canadian Glenn Gould (1932-1982) was not only ""the greatest pianist of all time"", which Thomas Bernhard described him as in his novel ""The Untergeher"", but also a visionary radio and media pioneer."
https://hoerspiele.dra.de/detailansicht/1528698,Weil irgendetwas das so will,2009,DRA,Anyone,Robert Schoen,medium,named subject action,"Anyone who writes a diary does not know the end of the story, does not know which of the writing posts driven into the rushing time will remain.","Anyone who writes a diary does not know the end of the story, does not know which of the writing posts driven into the rushing time will remain."
https://hoerspiele.dra.de/detailansicht/1528798,Das Monster in uns,2009,DRA,Marion Aubert,Anette Kührmeyer,medium,first named figure in description,"Marion Aubert, the author of the SR/DKultur production ""DieStörenfriede"", provides information about how she works, whether she laughs while doing it, which literature has influenced her, why the adults in her plays often behave like children - and vice versa - and why she always writes about ""the monster in us"" in each piece.","Marion Aubert, the author of the SR/DKultur production ""DieStörenfriede"", provides information about how she works, whether she laughs while doing it, which literature has influenced her, why the adults in her plays often behave like children - and vice versa - and why she always writes about ""the monster in us"" in each piece."
https://hoerspiele.dra.de/detailansicht/1529838,Es wird Fragen geben - Ein west-östliches Tagebuch,2009,DRA,Hanna,Florian Goldberg; Heike Tauch,medium,first named figure in description,Hanna from East Berlin and Peter from Cologne learn that they have a half-sibling in the other part of Germany following a German-German love affair between Peter's father and Hanna's mother.,Hanna from East Berlin and Peter from Cologne learn that they have a half-sibling in the other part of Germany following a German-German love affair between Peter's father and Hanna's mother.
https://hoerspiele.dra.de/detailansicht/1530623,Longkamp,2008,DRA,Letters,Rolf Dieter Brinkmann,medium,first named figure in description,"Letters, notes, maps that create a monologue - about the question of ""how someone gets out of this today."" When Rolf Dieter Brinkmann moved to Longkamp, ​​a village in the Hunsrück, for a few weeks at the end of November 1972, his escape from the noise of the city was at the same time a farewell to his belief in rebellion, pop and the underground.","Letters, notes, maps that create a monologue - about the question of ""how someone gets out of this today."" When Rolf Dieter Brinkmann moved to Longkamp, ​​a village in the Hunsrück, for a few weeks at the end of November 1972, his escape from the noise of the city was at the same time a farewell to his belief in rebellion, pop and the underground."
https://hoerspiele.dra.de/detailansicht/1530638,Ortiz destructs,2008,DRA,Raphael Montanez Ortiz,Justin Hoffmann,high,opening biographical apposition,"Raphael Montanez Ortiz, born in Brooklyn, New York City in 1934, is a painter, performer, video artist and actionist and one of the main initiators of destruction art in the early 1960s.","Raphael Montanez Ortiz, born in Brooklyn, New York City in 1934, is a painter, performer, video artist and actionist and one of the main initiators of destruction art in the early 1960s."
https://hoerspiele.dra.de/detailansicht/1531821,Pariser Abende,2010,DRA,Roland Barthes,Roland Barthes,medium,named subject action,"Roland Barthes wrote ""Soirées de Paris"" over a period of about three weeks, between August 24th and September 17th, 1979.","Roland Barthes wrote ""Soirées de Paris"" over a period of about three weeks, between August 24th and September 17th, 1979. In a note, Barthes also called this text ""The Vain Evenings""."
https://hoerspiele.dra.de/detailansicht/1534308,Am Anfang war der Blick,2011,DRA,The focus of the radio work,Guido Gin Koster,medium,opening role phrase,The focus of the radio work is the war photographer Mathilda: a portrait of her restless life after her death.,The focus of the radio work is the war photographer Mathilda: a portrait of her restless life after her death.
https://hoerspiele.dra.de/detailansicht/1534447,NOA NOA,2011,DRA,Gauguin,Paul Gauguin,medium,first named figure in description,"For the journey to Gauguin's hut, Titi ""put on her most beautiful dress, a flower behind her ear, her raffia hat decorated with a garnish of orange shells and her long black hair hanging loosely over her shoulders.","For the journey to Gauguin's hut, Titi ""put on her most beautiful dress, a flower behind her ear, her raffia hat decorated with a garnish of orange shells and her long black hair hanging loosely over her shoulders."
https://hoerspiele.dra.de/detailansicht/1535345,Im Übergangskleid fehlen die gelben Achselhaare,2010,DRA,Kurt Schwitters and brought eleven,Frank Kaspar,medium,source-material by named subject,"He made bat calls audible on a record, fought for the copyright of starlings that imitated sound poems by Kurt Schwitters and brought eleven extinct bird species back to life in his radio work ""Séance Vocibus Avium"" (BR 2008): For the piece in which colleagues such as Annette Humpe, Namosh and Françoise Cactus...","He made bat calls audible on a record, fought for the copyright of starlings that imitated sound poems by Kurt Schwitters and brought eleven extinct bird species back to life in his radio work ""Séance Vocibus Avium"" (BR 2008): For the piece in which colleagues such as Annette Humpe, Namosh and Françoise Cactus..."
https://hoerspiele.dra.de/detailansicht/1538642,"Die Gardine, die Landschaft, das Fenster und der Klangraum",2011,DRA,Oswald Egger,Stephan Krass,medium,first named figure in description,"When looking at a curtain, says Oswald Egger, you can choose how you focus your gaze: on the network of transparent fabric or on the landscape behind it.","When looking at a curtain, says Oswald Egger, you can choose how you focus your gaze: on the network of transparent fabric or on the landscape behind it. Things get interesting when you change the focus."
https://hoerspiele.dra.de/detailansicht/1538730,KLAUS KINSKI,2011,DRA,Klaus Kinski,Michael Farin; Peter Geyer,high,opening named biographical sentence,"Klaus Kinski has embodied myths throughout his life, including Marquis de Sade, Edgar Allan Poe, Jack the Ripper, Nosferatu, Woyzeck and Aguirre, the ""Wrath of God"".","Klaus Kinski has embodied myths throughout his life, including Marquis de Sade, Edgar Allan Poe, Jack the Ripper, Nosferatu, Woyzeck and Aguirre, the ""Wrath of God"". But when he died 20 years ago, on November 23, 1991, he had long since become a myth himself."
https://hoerspiele.dra.de/detailansicht/1538602,Feldpost - Briefe deutscher Soldaten aus Afghanistan,2011,DRA,German,N. N.,medium,first named figure in description,German soldiers have been fighting a grueling war in Afghanistan for almost ten years.,"German soldiers have been fighting a grueling war in Afghanistan for almost ten years. And to this day, politicians and the leadership of the Bundeswehr have not understood how to explain to the people of Germany why."
https://hoerspiele.dra.de/detailansicht/1538732,Der Berater,2011,DRA,Accompanies Mikhail Gorbachev,György Dalos; Andrea Dunai,medium,first named figure in description,Accompanies Mikhail Gorbachev and his family on vacation to the Crimean peninsula.,"Accompanies Mikhail Gorbachev and his family on vacation to the Crimean peninsula. While the president looks confidently into the future, C. suspects that shortly before the return trip to Moscow, a delegation of putschists wants to force the president to resign."
https://hoerspiele.dra.de/detailansicht/1538779,Buntschatten und Fledermäuse,2011,DRA,When Axel,Axel Brauns,high,opening named biographical sentence,"When Axel was two years old, the world retreated from him.","When Axel was two years old, the world retreated from him. The people around him suddenly had hooded faces. He heard her words, but didn't understand the meaning - and certainly not the emotional nuances."
https://hoerspiele.dra.de/detailansicht/1538910,Hörspielraum: Das fünfte Element,2011,DRA,Sylvia Rauer,Sylvia Rauer,medium,named subject action,"With her “radio work Space” projects, Sylvia Rauer has been accompanying special radio work productions for years.","With her “radio work Space” projects, Sylvia Rauer has been accompanying special radio work productions for years. This time she follows Susanne Amatosero into a sound-music intermediate world that bridges the gap between banality and the magic of everyday life."
https://hoerspiele.dra.de/detailansicht/1539203,Alexander Kluge,2012,DRA,Alexander Kluge,Karl Bruckmaier,high,portrait title is name,Alexander Kluge,"He is stingy with his ego – Alexander Kluge, born in 1932 in Halberstadt. Winner of almost all important film and literary awards. His self usually steps behind or next to the camera, turns to a topic or a guest, and asks questions."
https://hoerspiele.dra.de/detailansicht/1539804,Tolstois Befreiung,2010,DRA,Ivan Bunin,Ivan Bunin,medium,first named figure in description,"Ivan Bunin (1870-1953), who was the first Russian to win the Nobel Prize in Literature in 1933, worshiped Leo Tolstoy and called him his ""god."" In 1937, while in exile in Paris, he published a controversial, very personal homage to the great writer: ""Tolstoy's Liberation."".","Ivan Bunin (1870-1953), who was the first Russian to win the Nobel Prize in Literature in 1933, worshiped Leo Tolstoy and called him his ""god."" In 1937, while in exile in Paris, he published a controversial, very personal homage to the great writer: ""Tolstoy's Liberation.""."
https://hoerspiele.dra.de/detailansicht/1540517,Ich muss auf einen Sprung weg,2010,DRA,Walter Spies,Jean-Claude Kuner,medium,first named figure in description,"Walter Spies (1895-1942), painter and musician, a universally interested, early ""dropout"".","Walter Spies (1895-1942), painter and musician, a universally interested, early ""dropout"". He stays in artistic circles in Dresden and Berlin, is friends with, among others, Oskar Kokoschka and Hans Jürgen von Wense, and lives with the film director Friedrich W."
https://hoerspiele.dra.de/detailansicht/1546930,Tristram Shandy,1952,DRA,Tristram,Laurence Sterne,medium,first-person narrator phrase,"Contrary to the title's announcement, which suggests a fictional autobiography, the reader learns little about the life of the title hero and first-person narrator Tristram.","Contrary to the title's announcement, which suggests a fictional autobiography, the reader learns little about the life of the title hero and first-person narrator Tristram."
https://hoerspiele.dra.de/detailansicht/1543429,Herr Molander schreibt seine Memoiren (5. Teil: Die hellblauen Briefe),1950,DRA,Mr. Molander,Werner E. Hintz,medium,named subject action,Mr.,Mr. Molander writes his memoirs (Part 5: The Light Blue Letters).
https://hoerspiele.dra.de/detailansicht/1548677,Wind und englisches Eichenholz,1954,DRA,Conversations,Alfred Andersch,medium,first named figure in description,Conversations and memories in Dover.,Conversations and memories in Dover.
https://hoerspiele.dra.de/detailansicht/1547800,Erinnerungen,1955,DRA,A small German town,Hugo Hartung,medium,curated description override,A small town somewhere in Germany.,A small town somewhere in Germany. The chimes in the church tower once had a wonderful sound. Now it is mutilated because a note was damaged during the war and fell out.
https://hoerspiele.dra.de/detailansicht/1543471,Es war einmal,1949,DRA,Biography,Unbekannt,medium,first named figure in description,Biography of a street.,Biography of a street.
https://hoerspiele.dra.de/detailansicht/1549227,Der Landstörzerin Courasche abenteurlich Leben,1955,DRA,Courasche,Hans Jakob Christoffel von Grimmelshausen,medium,curated title override,"The ""Trutz Simplex"" is also a fictional autobiography of a satirical-simplician character, which, like the ""Simplicissimus"", essentially takes place against the backdrop of the Thirty Years' War, sketched according to historical sources.","The ""Trutz Simplex"" is also a fictional autobiography of a satirical-simplician character, which, like the ""Simplicissimus"", essentially takes place against the backdrop of the Thirty Years' War, sketched according to historical sources."
https://hoerspiele.dra.de/detailansicht/1551082,Herzog zu vermieten,1960,DRA,Duke Archibald,Mischa Mleinek,medium,first named figure in description,"Duke Archibald of Tipperary, an abdicated heir to the throne, and Duchess Elsa live abroad, have no money and are fighting hard to keep their names high.","Duke Archibald of Tipperary, an abdicated heir to the throne, and Duchess Elsa live abroad, have no money and are fighting hard to keep their names high."
https://hoerspiele.dra.de/detailansicht/1552123,Rutkas Tagebuch,2010,DRA,Rutka Laskier,Rutka Laskier,medium,first named figure in description,"Because despite all these cruelties one wants to live and awaits the next day"" (Rutka Laskier, diary entry from February 20, 1943).","Because despite all these cruelties one wants to live and awaits the next day"" (Rutka Laskier, diary entry from February 20, 1943). In 2006, the diary of the 13-year-old Jewish girl Rutka Laskier (1929-1943) from Bedzin was published by a small Polish publisher."
https://hoerspiele.dra.de/detailansicht/1553559,Briefe an C.,2003,DRA,Leipzig,Jana Schuldt; Andrea Kilches,medium,first named figure in description,"In the summer of this year, a handful of enthusiasts offered Leipzig radio work fans a novelty - radio works in the open air: for 14 days.","In the summer of this year, a handful of enthusiasts offered Leipzig radio work fans a novelty - radio works in the open air: for 14 days. A marathon with several pieces in the evening, main themes and a children's program."
https://hoerspiele.dra.de/detailansicht/2543547,"Comeback - Porträt einer Frau, die singt",1977,DRA,Mona Lehner,Paul Pörtner,medium,named subject action,"""Mona Lehner had enjoyed success with chansons after a career as an actress.","""Mona Lehner had enjoyed success with chansons after a career as an actress. After a car accident, she withdrew and was quiet for ten years."
https://hoerspiele.dra.de/detailansicht/2903924,Porträt eines Nachmittags,1967,DRA,A silent man waiting for his train,Dieter Forte,medium,curated title override,"With ""Portrait of an Afternoon"" Dieter Forte consciously goes against conventional radio work dramaturgy: the main character of the play remains silent.","With ""Portrait of an Afternoon"" Dieter Forte consciously goes against conventional radio work dramaturgy: the main character of the play remains silent. Apparently this is a man who whiles away the hours until his train leaves by strolling through town."
https://hoerspiele.dra.de/detailansicht/2984068,Kommissar Freytag (2. Folge: Briefe aus Sydney),1967,DRA,Günter Westphal,Bruno Hampel,medium,role/name phrase in description,The young actor Günter Westphal believes there is a misunderstanding when he cannot find the house in which he was offered a furnished room.,The young actor Günter Westphal believes there is a misunderstanding when he cannot find the house in which he was offered a furnished room. He also doesn't connect an attack with strange incidents that happen to him in his new place of residence.
https://hoerspiele.dra.de/detailansicht/3084543,Blitzlichter (Fassung von 2012),2012,DRA,Ilse Aichinger,Ilse Aichinger,high,autobiographical description names author,Ilse Aichinger tells her life in an idiosyncratic way.,"Ilse Aichinger tells her life in an idiosyncratic way. Brief, existential - a completely different autobiography that is essentially defined by going to the cinema."
https://hoerspiele.dra.de/detailansicht/3104209,Hörspielraum: Erzähl von Ruanda,2012,DRA,Sylvia Rauer,Sylvia Rauer,medium,named subject action,"With her 'radio workSpace' projects, Sylvia Rauer has been accompanying special radio work productions by Deutschlandradio Kultur for years.","With her 'radio workSpace' projects, Sylvia Rauer has been accompanying special radio work productions by Deutschlandradio Kultur for years. This time she looks at how an explosive Franco-African theater happening, the explosive one-man show by the Rwandan Diogène Ntarindwa, becomes a radio work for a German audience."
https://hoerspiele.dra.de/detailansicht/3144432,Eine Welt mit Hindernissen. Die Klänge des Instituts für Feinmotorik,2012,DRA,Institut,Raphael Smarzoch,medium,first named figure in description,The artist collective “Institut für Feinmotorik” became known for its music with record players.,"The artist collective “Institut für Feinmotorik” became known for its music with record players. However, no records spin on these - the device itself becomes an instrument."
https://hoerspiele.dra.de/detailansicht/3224373,Indianerland (1. Teil),2012,DRA,President,Meriwether Lewis; William Clark,medium,first named figure in description,"In 1803, the President of the United States of America, Thomas Jefferson, had the opportunity to purchase Louisiana, which bordered the west, from France.","In 1803, the President of the United States of America, Thomas Jefferson, had the opportunity to purchase Louisiana, which bordered the west, from France."
https://hoerspiele.dra.de/detailansicht/3224376,Indianerland (2. Teil),2012,DRA,President,Meriwether Lewis; William Clark,medium,first named figure in description,"In 1803, the President of the United States of America, Thomas Jefferson, had the opportunity to purchase Louisiana, which bordered the west, from France.","In 1803, the President of the United States of America, Thomas Jefferson, had the opportunity to purchase Louisiana, which bordered the west, from France."
https://hoerspiele.dra.de/detailansicht/3304676,"Ideen, in Tinte getaucht",2013,DRA,Jules Renard,Jules Renard,high,opening biographical apposition,"Jules Renard, born in Châlons-du-Maine (Mayonne) in 1864, was only 46 years old.","Jules Renard, born in Châlons-du-Maine (Mayonne) in 1864, was only 46 years old. In addition to his work as a writer, Renard was also mayor of the small town of Chitry-les-Mines in the Nièvre department."
https://hoerspiele.dra.de/detailansicht/3244305,Vom Betrügen und Betrogen werden (4. Teil: Das Tagebuch der Redegonda),2012,DRA,Adultery,Arthur Schnitzler,medium,first named figure in description,"Adultery, great suffering, renunciation, remorse, secret vows of revenge, duels at dawn - Arthur Schnitzler looked deep into the souls of his contemporaries.","Adultery, great suffering, renunciation, remorse, secret vows of revenge, duels at dawn - Arthur Schnitzler looked deep into the souls of his contemporaries. There is a young man, shaken by the death of his former lover - even though he himself had shown her the door."
https://hoerspiele.dra.de/detailansicht/3485123,Boojum,2013,DRA,Ergo Phizmiz,Ergo Phizmiz,high,autobiographical description names author,A musician looks back on his life.,"A musician looks back on his life. What is more unusual is the posthumous perspective on his own late work. ""Boojum"" - the sci-fi memoir by British experimental musician Ergo Phizmiz."
https://hoerspiele.dra.de/detailansicht/3585170,Hansen,2013,DRA,Hansen,Heinz G. Schmidt,medium,first named figure in description,"Hansen - ""conceived in war and born in peace"" - talks about the last years of the war and the ""zero hour"", about his beginnings in the world that he later travels as a reporter - with memories of his early years in his luggage.","Hansen - ""conceived in war and born in peace"" - talks about the last years of the war and the ""zero hour"", about his beginnings in the world that he later travels as a reporter - with memories of his early years in his luggage."
https://hoerspiele.dra.de/detailansicht/3585248,Orlando (3. Teil),2013,DRA,Virginia Woolf,Virginia Woolf,medium,named subject action,“I want to revolutionize biography overnight!” Virginia Woolf wrote a euphoric note in her diary late in 1927 and the spark was ignited.,"“I want to revolutionize biography overnight!” Virginia Woolf wrote a euphoric note in her diary late in 1927 and the spark was ignited. She enthusiastically threw herself into “Project Orlando,” which became the “backbone of her fall,” a book she could easily “write before dinner.”."
https://hoerspiele.dra.de/detailansicht/3585242,Orlando (1. Teil),2013,DRA,Virginia Woolf,Virginia Woolf,medium,named subject action,"""I want to revolutionize biography overnight!"" Virginia Woolf wrote a euphoric note in her diary late in 1927 and the spark was ignited.","""I want to revolutionize biography overnight!"" Virginia Woolf wrote a euphoric note in her diary late in 1927 and the spark was ignited. She enthusiastically threw herself into “Project Orlando,” which became the “backbone of her fall,” a book that she could easily “write before dinner.”."
https://hoerspiele.dra.de/detailansicht/3585247,Orlando (2. Teil),2013,DRA,Virginia Woolf,Virginia Woolf,medium,named subject action,“I want to revolutionize biography overnight!” Virginia Woolf wrote a euphoric note in her diary late in 1927 and the spark was ignited.,"“I want to revolutionize biography overnight!” Virginia Woolf wrote a euphoric note in her diary late in 1927 and the spark was ignited. She enthusiastically threw herself into “Project Orlando,” which became the “backbone of her fall,” a book she could easily “write before dinner.”."
https://hoerspiele.dra.de/detailansicht/3585252,Orlando (4. Teil),2013,DRA,Virginia Woolf,Virginia Woolf,medium,named subject action,“I want to revolutionize biography overnight!” Virginia Woolf wrote a euphoric note in her diary late in 1927 and the spark was ignited.,"“I want to revolutionize biography overnight!” Virginia Woolf wrote a euphoric note in her diary late in 1927 and the spark was ignited. She enthusiastically threw herself into “Project Orlando,” which became the “backbone of her fall,” a book she could easily “write before dinner.”."
https://hoerspiele.dra.de/detailansicht/3585254,Orlando (5. Teil),2013,DRA,Virginia Woolf,Virginia Woolf,medium,named subject action,“I want to revolutionize biography overnight!” Virginia Woolf wrote a euphoric note in her diary late in 1927 and the spark was ignited.,"“I want to revolutionize biography overnight!” Virginia Woolf wrote a euphoric note in her diary late in 1927 and the spark was ignited. She enthusiastically threw herself into “Project Orlando,” which became the “backbone of her fall,” a book she could easily “write before dinner.”."
https://hoerspiele.dra.de/detailansicht/3585258,Orlando (6. Teil),2013,DRA,Virginia Woolf,Virginia Woolf,medium,named subject action,“I want to revolutionize biography overnight!” Virginia Woolf wrote a euphoric note in her diary late in 1927 and the spark was ignited.,"“I want to revolutionize biography overnight!” Virginia Woolf wrote a euphoric note in her diary late in 1927 and the spark was ignited. She enthusiastically threw herself into “Project Orlando,” which became the “backbone of her fall,” a book she could easily “write before dinner.”."
https://hoerspiele.dra.de/detailansicht/3965199,Hörspielraum: Erinnerungen an einen Dämon,1998,DRA,Listening,Sylvia Rauer,medium,first named figure in description,Listening scope: Memories of a Demon.,Listening scope: Memories of a Demon.
https://hoerspiele.dra.de/detailansicht/3965194,Hörspielraum: Einmal Chile - und zurück?,2013,DRA,Since,Sylvia Rauer,medium,first named figure in description,"Since 1997, Sylvia Rauer and her “radio work rooms” have accompanied the creation process of outstanding radio work productions by Deutschlandradio Kultur.","Since 1997, Sylvia Rauer and her “radio work rooms” have accompanied the creation process of outstanding radio work productions by Deutschlandradio Kultur. This time she follows the play by a young author with Hispanic-German roots on its way to becoming a radio work."
https://hoerspiele.dra.de/detailansicht/4025255,Memory (Folge: Erzwungenes Landleben – Erinnerungen an den Reichsarbeitsdienst),2002,DRA,The contemporary witness,Inge Kurtz,medium,named subject action,The contemporary witness reports on her experiences in the Reich Labor Service.,"The contemporary witness reports on her experiences in the Reich Labor Service. About unusual barracks and getting up early, about sexual harassment and working in the countryside."
https://hoerspiele.dra.de/detailansicht/4025257,Memory (Folge: Die Russen kommen! – Erinnerungen an das Kriegsende 1945),2002,DRA,Russian,Inge Kurtz,medium,first named figure in description,The contemporary witnesses report on the Russian invasion of various German regions in 1945 and the associated rapes of German women.,The contemporary witnesses report on the Russian invasion of various German regions in 1945 and the associated rapes of German women.
https://hoerspiele.dra.de/detailansicht/4085595,"""Sehr, sehr unviktorianisch""",2013,DRA,Lytton Strachey,Mira Alexandra Schnoor,medium,role/name phrase in description,"With her first novel, The Voyage Out (1915), Virginia Woolf defied the literary conventions of her time, prompting her friend, the writer Lytton Strachey, to exclaim: ""Oh, it's very, very un-Victorian!"" This could be the motto of Virginia Woolf's life, but only one...","With her first novel, The Voyage Out (1915), Virginia Woolf defied the literary conventions of her time, prompting her friend, the writer Lytton Strachey, to exclaim: ""Oh, it's very, very un-Victorian!"" This could be the motto of Virginia Woolf's life, but only one..."
https://hoerspiele.dra.de/detailansicht/4105441,Abschied von den Eltern (3. Teil),2013,DRA,Peter Weiss,Peter Weiss,high,autobiographical description uses author,The death of his parents becomes the trigger for the narrator in Peter Weiss' autobiographical prose to come to terms with his own self.,The death of his parents becomes the trigger for the narrator in Peter Weiss' autobiographical prose to come to terms with his own self.
https://hoerspiele.dra.de/detailansicht/4105439,Abschied von den Eltern (2. Teil),2013,DRA,Peter Weiss,Peter Weiss,high,autobiographical description uses author,The death of his parents becomes the trigger for the narrator in Peter Weiss' autobiographical prose to come to terms with his own self.,The death of his parents becomes the trigger for the narrator in Peter Weiss' autobiographical prose to come to terms with his own self.
https://hoerspiele.dra.de/detailansicht/4166115,Lilith Parker: Insel der Schatten (1. Teil),2013,DRA,Lilith,Janine Wilk,medium,named subject action,But is the island haunting really just an invention of enterprising islanders?,"But is the island haunting really just an invention of enterprising islanders? At one point, Lilith is chased and attacked by a crow, then she hears strange noises."
https://hoerspiele.dra.de/detailansicht/4166137,Lilith Parker: Insel der Schatten (2. Teil),2013,DRA,Twelve-year-old Lilith Parker,Janine Wilk,high,opening named biographical sentence,Twelve-year-old Lilith Parker is amazed.,"Twelve-year-old Lilith Parker is amazed. Something is wrong on Bonesdale Island, where her father has housed her for several months. Lilith hardly knows her aunt who lives there."
https://hoerspiele.dra.de/detailansicht/4205223,Ulrich Gerhardt - Ein Porträt,2014,DRA,Ulrich Gerhardt,Julia Tieke,high,title names subject,Ulrich Gerhardt - Ein Porträt,"As a radio work director, Ulrich Gerhardt stages different texts with the greatest possible dedication and meticulously for attentive ears. He loves the ""limitlessness"" of the studio, but he is just as enthusiastic about searching for his material in the world and exploiting chance finds."
https://hoerspiele.dra.de/detailansicht/4205721,Nýey,2014,DRA,Nýey,Nicolas Perret; Silvia Ploner,high,portrait title is name,Nýey,"In 1963, the volcanic island of Surtsey was formed off the coast of Iceland. Only a small group of scientists are allowed to enter the ""uncharted territory"". It rises out of the water southwest of Iceland."
https://hoerspiele.dra.de/detailansicht/4305864,Als Mariner im Krieg,2014,DRA,Joachim Ringelnatz,Joachim Ringelnatz,medium,first named figure in description,Joachim Ringelnatz (1883-1934) had already spent four years of his life traveling the world as a sailor and had actually given up seafaring in 1905.,Joachim Ringelnatz (1883-1934) had already spent four years of his life traveling the world as a sailor and had actually given up seafaring in 1905. During the First World War he was drafted into the navy for military service.
https://hoerspiele.dra.de/detailansicht/4325436,Borke-Beckett-Boom,2014,DRA,Borke,Tobias Borke; Almut Schnerring; Sascha Verlan,medium,first named figure in description,"Borke meets Beckett and things go boom: an abstract literary idea from Samuel Beckett comes into reality, art meets life, written texts meet spontaneously improvised rhymes and verses.","Borke meets Beckett and things go boom: an abstract literary idea from Samuel Beckett comes into reality, art meets life, written texts meet spontaneously improvised rhymes and verses."
https://hoerspiele.dra.de/detailansicht/4345542,Pontormos Sintflut,2014,DRA,Since,Pontormo; Jacopo da (Ps.),medium,first named figure in description,"Since 1546, the mannerist Pontormo has been painting behind a shed as a counterpart to Michelangelo's Sistine frescoes on a monumental ""Last Judgment"" for the Medici Church of San Lorenzo in Florence.","Since 1546, the mannerist Pontormo has been painting behind a shed as a counterpart to Michelangelo's Sistine frescoes on a monumental ""Last Judgment"" for the Medici Church of San Lorenzo in Florence."
https://hoerspiele.dra.de/detailansicht/4746279,Die Geschichte meines Lebens - Die Tagebücher Ferdinand Benekes (1. Teil: Die Jahre 1792 bis Anfang 1794),2015,DRA,Bremen,Ferdinand Beneke,medium,first named figure in description,1774 was the birth year of the Bremen merchant's son Ferdinand Beneke.,"1774 was the birth year of the Bremen merchant's son Ferdinand Beneke. He studied law in Halle and Göttingen. In order to escape the small-minded Prussia, he settled in Hamburg, attracted by the social climate of the free Hanseatic city republic."
https://hoerspiele.dra.de/detailansicht/4765774,Die Gespräche des göttlichen Pietro Aretino (1. Teil),2015,DRA,Pietro Aretino,Pietro Aretino,medium,role/name phrase,One of the surest ways to attract displeasure and anger is to write satirical writings.,"One of the surest ways to attract displeasure and anger is to write satirical writings. The Italian poet Pietro Aretino, who was born in Perugia in 1492 and buried in Venice in 1556, experienced this firsthand more than once."
https://hoerspiele.dra.de/detailansicht/4765782,Die Gespräche des göttlichen Pietro Aretino (2. Teil),2015,DRA,Pietro Aretino,Pietro Aretino,medium,role/name phrase,One of the surest ways to attract displeasure and anger is to write satirical writings.,"One of the surest ways to attract displeasure and anger is to write satirical writings. The Italian poet Pietro Aretino, who was born in Perugia in 1492 and buried in Venice in 1556, experienced this firsthand more than once."
https://hoerspiele.dra.de/detailansicht/4806676,La vie en rose - Vom Leben und Überleben in Paris,2015,DRA,Vom Leben,Tom Heithoff,low,curated title fallback,He actually wanted to pursue a university career.,"He actually wanted to pursue a university career. Now he works in a lousy ""dirty shop"" in the suburbs. He has lived in Paris for 20 years, his doctoral thesis is still not finished and he doesn't have more than 18 square meters of living space."
https://hoerspiele.dra.de/detailansicht/4806713,Mit anderen Augen,2015,DRA,Helmut Oehring,Helmut Oehring,high,autobiographical description names author,To be deaf to people.’ … and to radio art!,"To be deaf to people.’ … and to radio art! (Helmut Oehring) In 2011, the autobiography “With Other Eyes” by the composer Helmut Oehring was published."
https://hoerspiele.dra.de/detailansicht/4826032,"Leben und Ansichten von Tristram Shandy, Gentleman (1. Teil)",2015,DRA,Tristram Shandy,Laurence Sterne,medium,named subject action,"Laurence Sterne's Tristram Shandy is a unique work in literary history: Published between 1759 and 1767, Sterne confidently experiments with form in this nine-volume novel.","Laurence Sterne's Tristram Shandy is a unique work in literary history: Published between 1759 and 1767, Sterne confidently experiments with form in this nine-volume novel."
https://hoerspiele.dra.de/detailansicht/4826043,"Leben und Ansichten von Tristram Shandy, Gentleman (2. Teil)",2015,DRA,Tristram Shandy,Laurence Sterne,medium,named subject action,"Laurence Sterne's Tristram Shandy is a unique work in literary history: Published between 1759 and 1767, Sterne confidently experiments with form in this nine-volume novel.","Laurence Sterne's Tristram Shandy is a unique work in literary history: Published between 1759 and 1767, Sterne confidently experiments with form in this nine-volume novel."
https://hoerspiele.dra.de/detailansicht/4826048,"Leben und Ansichten von Tristram Shandy, Gentleman (5. Teil)",2015,DRA,Tristram Shandy,Laurence Sterne,medium,named subject action,"Laurence Sterne's Tristram Shandy is a unique work in literary history: Published between 1759 and 1767, Sterne confidently experiments with form in this nine-volume novel.","Laurence Sterne's Tristram Shandy is a unique work in literary history: Published between 1759 and 1767, Sterne confidently experiments with form in this nine-volume novel."
https://hoerspiele.dra.de/detailansicht/4826045,"Leben und Ansichten von Tristram Shandy, Gentleman (3. Teil)",2015,DRA,Tristram Shandy,Laurence Sterne,medium,named subject action,"Laurence Sterne's Tristram Shandy is a unique work in literary history: Published between 1759 and 1767, Sterne confidently experiments with form in this nine-volume novel.","Laurence Sterne's Tristram Shandy is a unique work in literary history: Published between 1759 and 1767, Sterne confidently experiments with form in this nine-volume novel."
https://hoerspiele.dra.de/detailansicht/4826046,"Leben und Ansichten von Tristram Shandy, Gentleman (4. Teil)",2015,DRA,Tristram Shandy,Laurence Sterne,medium,named subject action,"Laurence Sterne's Tristram Shandy is a unique work in literary history: Published between 1759 and 1767, Sterne confidently experiments with form in this nine-volume novel.","Laurence Sterne's Tristram Shandy is a unique work in literary history: Published between 1759 and 1767, Sterne confidently experiments with form in this nine-volume novel."
https://hoerspiele.dra.de/detailansicht/4826050,"Leben und Ansichten von Tristram Shandy, Gentleman (7. Teil)",2015,DRA,Tristram Shandy,Laurence Sterne,medium,named subject action,"Laurence Sterne's Tristram Shandy is a unique work in literary history: Published between 1759 and 1767, Sterne confidently experiments with form in this nine-volume novel.","Laurence Sterne's Tristram Shandy is a unique work in literary history: Published between 1759 and 1767, Sterne confidently experiments with form in this nine-volume novel."
https://hoerspiele.dra.de/detailansicht/4826049,"Leben und Ansichten von Tristram Shandy, Gentleman (6. Teil)",2015,DRA,Tristram Shandy,Laurence Sterne,medium,named subject action,"Laurence Sterne's Tristram Shandy is a unique work in literary history: Published between 1759 and 1767, Sterne confidently experiments with form in this nine-volume novel.","Laurence Sterne's Tristram Shandy is a unique work in literary history: Published between 1759 and 1767, Sterne confidently experiments with form in this nine-volume novel."
https://hoerspiele.dra.de/detailansicht/4826053,"Leben und Ansichten von Tristram Shandy, Gentleman (8. Teil)",2015,DRA,Tristram Shandy,Laurence Sterne,medium,named subject action,"Laurence Sterne's Tristram Shandy is a unique work in literary history: Published between 1759 and 1767, Sterne confidently experiments with form in this nine-volume novel.","Laurence Sterne's Tristram Shandy is a unique work in literary history: Published between 1759 and 1767, Sterne confidently experiments with form in this nine-volume novel."
https://hoerspiele.dra.de/detailansicht/4906744,Liliane Lijn: Glittering in the Sun/Crossing Map,2015,DRA,Liliane Lijn,Gaby Hartel; Liliane Lijn,high,opening biographical apposition,"Liliane Lijn, born in New York in 1939, has been one of the outstanding protagonists of contemporary art since the mid-1960s.","Liliane Lijn, born in New York in 1939, has been one of the outstanding protagonists of contemporary art since the mid-1960s. She spent her childhood in the vital environment of six languages."
https://hoerspiele.dra.de/detailansicht/4826055,"Leben und Ansichten von Tristram Shandy, Gentleman (9. Teil)",2015,DRA,Tristram Shandy,Laurence Sterne,medium,named subject action,"Laurence Sterne's Tristram Shandy is a unique work in literary history: Published between 1759 and 1767, Sterne confidently experiments with form in this nine-volume novel.","Laurence Sterne's Tristram Shandy is a unique work in literary history: Published between 1759 and 1767, Sterne confidently experiments with form in this nine-volume novel."
https://hoerspiele.dra.de/detailansicht/4909404,Der verliebte Antierotiker - Ein unbekanntes Kapitel aus dem Leben des Dichters Paul Scheerbart (2. Teil),1993,DRA,Paul Scheerbart,Paul Scheerbart,medium,role/name phrase in description,"""The writer Paul Scheerbart (1863-1915), who dreamed of life in a glass house and union with celestial bodies, portrayed himself in his books as a staunch despiser of eroticism.","""The writer Paul Scheerbart (1863-1915), who dreamed of life in a glass house and union with celestial bodies, portrayed himself in his books as a staunch despiser of eroticism."
https://hoerspiele.dra.de/detailansicht/4909405,Der verliebte Antierotiker - Ein unbekanntes Kapitel aus dem Leben des Dichters Paul Scheerbart (3. Teil),1993,DRA,Paul Scheerbart,Paul Scheerbart,medium,role/name phrase in description,"""The writer Paul Scheerbart (1863-1915), who dreamed of life in a glass house and union with celestial bodies, portrayed himself in his books as a staunch despiser of eroticism.","""The writer Paul Scheerbart (1863-1915), who dreamed of life in a glass house and union with celestial bodies, portrayed himself in his books as a staunch despiser of eroticism."
https://hoerspiele.dra.de/detailansicht/4913095,SoundCard Washington,2016,DRA,SoundCard Washington,Andreas Horchler,high,portrait title is name,SoundCard Washington,"They simply call their residents DC. The capital of the USA, the District of Columbia, founded in 1790, is a square and measures 16x16 kilometers and does not belong to any federal state, but is administered directly by the US Congress."
https://hoerspiele.dra.de/detailansicht/4911046,"Hier Familie Hansen (38. Folge: Briefe, Briefe ...)",1970,DRA,Hansen,Gisela Prugel,medium,first named figure in description,"The Hansen family, an artist household consisting of grandma, dad, mom and the three children Claudia, Tom and Christine, lives in the city.","The Hansen family, an artist household consisting of grandma, dad, mom and the three children Claudia, Tom and Christine, lives in the city. When Omi moves in with them, they move to a house on the outskirts of town."
https://hoerspiele.dra.de/detailansicht/4913331,Das Tagebuch von Adam und Eva,1973,DRA,Mark Twain,Mark Twain,medium,named subject action,"Mark Twain wrote two diaries in this work, Adam's and Eve's.","Mark Twain wrote two diaries in this work, Adam's and Eve's. The entries begin with the ""birth"" of Eve, who was created from the rib of Adam."
https://hoerspiele.dra.de/detailansicht/4918583,Die Geschichte meines Lebens - Die Tagebücher Ferdinand Benekes (2. Teil: Die Jahre 1794 bis Anfang 1796),2015,DRA,Bremen,Ferdinand Beneke,medium,first named figure in description,1774 was the birth year of the Bremen merchant's son Ferdinand Beneke.,"1774 was the birth year of the Bremen merchant's son Ferdinand Beneke. He studied law in Halle and Göttingen. In order to escape the small-minded Prussia, he settled in Hamburg, attracted by the social climate of the free Hanseatic city republic."
https://hoerspiele.dra.de/detailansicht/4925297,Wie war’s in China?,2016,DRA,Laurent Jeanneau,Laurent Jeanneau,medium,role/name phrase in description,The French musician Laurent Jeanneau lived in China for over 10 years.,"The French musician Laurent Jeanneau lived in China for over 10 years. There, he was particularly fascinated by the wealth of traditional musical forms and instruments. In a series of self-published CDs, he documented the sounds of the various ethnic minorities in the Middle Kingdom."
https://hoerspiele.dra.de/detailansicht/4925993,Schwenkfutter,2016,DRA,Schwenkfutter,Oliver Bukowski,high,portrait title is name,Schwenkfutter,"Filmmaker Tim Fengler wants to make a portrait of 'Snaps', the demoted commissioner Morten van de Jørgensen: 'The Star in the Pampas'. Kirsten Kleeberg, head of the Frankfurt/Oder police department, doesn't want to allow that."
https://hoerspiele.dra.de/detailansicht/4931082,Die alte Tochter spricht mit dem jungen Vater,2016,DRA,Wehrmacht,Gabriele Bigott,medium,first named figure in description,"When her mother dies in old age, the author, who was born in the last winter of the war, finds the letters that her father wrote to his bride after he was drafted into the Wehrmacht in the linen cupboard under the kitchen towels.","When her mother dies in old age, the author, who was born in the last winter of the war, finds the letters that her father wrote to his bride after he was drafted into the Wehrmacht in the linen cupboard under the kitchen towels."
https://hoerspiele.dra.de/detailansicht/4932531,Ich stand abseits,1973,DRA,Documentary,Ernst Klee; Christian Gebert; Jürgen Knop,medium,first named figure in description,Documentary radio piece that provides direct insight into the situation of severely disabled people.,"Documentary radio piece that provides direct insight into the situation of severely disabled people. Discussions were held at the Anna-Stift in Hanover with such patients, of whom there are four million in the Federal Republic."
https://hoerspiele.dra.de/detailansicht/4934264,Erinnerungen an eine Zeit vor dem LED-Regime,2016,DRA,Sounding,Gregor Glogowski,medium,first named figure in description,Sounding light – that is not a contradiction.,"Sounding light – that is not a contradiction. Theater spotlights, neon tubes, ceiling floodlights, slide projectors, strobe lights... they not only produce brightness, they also make a sound: quietly and loudly anyway, they buzz in very different ways, pop, sometimes even bang."
https://hoerspiele.dra.de/detailansicht/4936976,Die Geschichte meines Lebens - Die Tagebücher Ferdinand Benekes (3. Teil: Das Jahr 1801),2017,DRA,Bremen,Ferdinand Beneke,medium,first named figure in description,1774 was the birth year of the Bremen merchant's son Ferdinand Beneke.,"1774 was the birth year of the Bremen merchant's son Ferdinand Beneke. He settled in Hamburg as a lawyer, attracted by the social climate of the free Hanseatic city republic."
https://hoerspiele.dra.de/detailansicht/4939130,Meine Seele war schwarz von Fliegen (3. Teil),1993,DRA,Meine Seele,Vasilij Baranov,low,curated title fallback,In the morning they opened our cattle car.,In the morning they opened our cattle car. And we found out that we were in Dresden. They lined us up and three guards led us through the city. I saw houses like I had never seen in my life.
https://hoerspiele.dra.de/detailansicht/4939129,Meine Seele war schwarz von Fliegen (2. Teil),1995,DRA,Meine Seele,Vasilij Baranov,low,curated title fallback,In the morning they opened our cattle car.,In the morning they opened our cattle car. And we found out that we were in Dresden. They lined us up and three guards led us through the city. I saw houses like I had never seen in my life.
https://hoerspiele.dra.de/detailansicht/4937511,Das Paradies der kleinen Dinge,2017,DRA,Concord,Nathaniel Hawthorne; Sophia Hawthorne,medium,first named figure in description,"In the summer of 1842, a few weeks after their wedding and the decision to start a life together in the old rectory in Concord, Nathaniel Hawthorne and his wife Sophia begin a joint diary.","In the summer of 1842, a few weeks after their wedding and the decision to start a life together in the old rectory in Concord, Nathaniel Hawthorne and his wife Sophia begin a joint diary."
https://hoerspiele.dra.de/detailansicht/4939131,Meine Seele war schwarz von Fliegen (4. Teil),1993,DRA,Meine Seele,Vasilij Baranov,low,curated title fallback,In the morning they opened our cattle car.,In the morning they opened our cattle car. And we found out that we were in Dresden. They lined us up and three guards led us through the city. I saw houses like I had never seen in my life.
https://hoerspiele.dra.de/detailansicht/4939845,Mutti und ich,2017,DRA,She di,Marietta Schwarz,medium,first named figure in description,She did not marry her true love and she raised three children.,She did not marry her true love and she raised three children. There is a cross in the kitchen and a photo of the Pope in the bedroom. Radio journalist Marietta Schwarz interviewed the person in her life who she knows best: her mother.
https://hoerspiele.dra.de/detailansicht/4940862,Pellkantüffeln un Hering (1. Teil: Kinnertied in Pommern),1976,DRA,Franz Rehbein,Franz Rehbein,high,autobiographical description names author,"In 1911, two years after the author's death, Franz Rehbein's autobiographical notes ""The Life of a Farm Worker"" were published.","In 1911, two years after the author's death, Franz Rehbein's autobiographical notes ""The Life of a Farm Worker"" were published. In this book, Rehbein reports on the first 28 years of his life in a very vivid way, with loving decoration of details and noticeable social commitment."
https://hoerspiele.dra.de/detailansicht/4940874,Pellkantüffeln un Hering (2. Teil: Herr un Knecht),1976,DRA,Franz Rehbein,Franz Rehbein,medium,first named figure in description,"At the age of 14, Franz Rehbein says goodbye to his family and travels with the ""Sachsengängerzug"" to the western provinces of the German Empire.","At the age of 14, Franz Rehbein says goodbye to his family and travels with the ""Sachsengängerzug"" to the western provinces of the German Empire."
https://hoerspiele.dra.de/detailansicht/4940875,Pellkantüffeln un Hering (3. Teil: De tweete Heimat),1976,DRA,Franz Rehbein,Franz Rehbein,high,autobiographical description uses author,The third part of the radio work trilogy based on Franz Rehbein's autobiographical report ends with the event that brings his life as a farm worker to an abrupt end: a steam threshing machine tears off his right arm in 1895 and makes him an invalid at the age of 28.,The third part of the radio work trilogy based on Franz Rehbein's autobiographical report ends with the event that brings his life as a farm worker to an abrupt end: a steam threshing machine tears off his right arm in 1895 and makes him an invalid at the age of 28.
https://hoerspiele.dra.de/detailansicht/4949493,Sehnsucht,2018,DRA,Sehnsucht,Camillo Boito,medium,first named figure in description,"“Sehnsucht” – first published in 1883 – tells of desire, betrayal and revenge against the backdrop of the Italian war of liberation against Austria.","“Sehnsucht” – first published in 1883 – tells of desire, betrayal and revenge against the backdrop of the Italian war of liberation against Austria. “And I always look for and tease the cracks of the unhealed wound”: The 39-year-old Contessa Livia Serpieri looks back on her failed love 16 years ago."
https://hoerspiele.dra.de/detailansicht/4951441,Der große Unbekannte (2. Teil: Das Porträt),1963,DRA,Edgar Dickens,Karl Richard Tschon,medium,role/name phrase,As fate sometimes has it...,"As fate sometimes has it... one fine day, the writer Edgar Dickens, who lives in London, runs into the arms of a completely distraught woman. Apparently she is on the run from the police."
https://hoerspiele.dra.de/detailansicht/4954569,"Comeback – Porträt einer Frau, die singt",1977,DRA,Mona Lehner,Paul Pörtner,medium,named subject action,"""Mona Lehner had enjoyed success with chansons after a career as an actress.","""Mona Lehner had enjoyed success with chansons after a career as an actress. After a car accident, she withdrew and was quiet for ten years."
https://hoerspiele.dra.de/detailansicht/4954237,Meine Erinnerungen reißen mich in Stücke,2018,DRA,During,Cristin König,medium,first named figure in description,"During a gloomy week on Lake Geneva, the monster “Frankenstein” comes to life.","During a gloomy week on Lake Geneva, the monster “Frankenstein” comes to life. A special company meets at Lake Geneva: Lord Byron, Percy Shelley, Mary Shelley, her stepsister and a doctor friend."
https://hoerspiele.dra.de/detailansicht/4954716,Hölderlin. Geschichte einer Abschiebung,2018,DRA,Klaus Buhlert,Klaus Buhlert,medium,role/name phrase in description,"Director and composer Klaus Buhlert has taken Hölderlin's letters and poems and transported them into our time in his own way: by having an immigrant rapper choose Hölderlin's poems in the ""German test for immigrants"" and recite them in the oral exam.","Director and composer Klaus Buhlert has taken Hölderlin's letters and poems and transported them into our time in his own way: by having an immigrant rapper choose Hölderlin's poems in the ""German test for immigrants"" and recite them in the oral exam."
https://hoerspiele.dra.de/detailansicht/4959106,Djati Luwih – schönes Land,1979,DRA,Djati Luwih,Hansjörg Schmitthenner,high,title names subject,Djati Luwih – schönes Land,"""I didn't want to describe Ball in words - the people of this island, their customs, their religious rites, their music, the natural sounds that surround them - but in acoustic images."
https://hoerspiele.dra.de/detailansicht/4955843,1918 Abschied,2018,DRA,People in Europe in 1918,Martin Graff,medium,curated title override,1918 was a fateful year for many people in Europe.,1918 was a fateful year for many people in Europe. Boundaries were pushed on the battlefield and on the chessboard. Alsace found its way back to France after 48 years of German rule.
https://hoerspiele.dra.de/detailansicht/4963362,Der Hörspielautor Werner Buhss,2019,DRA,Werner Buhss,Matthias Thalheim,high,manual override,A radio portrait of Werner Buhss as a radio-play author.,"Werner Buhss, the son of a doctor and a new teacher, was born in Magdeburg on January 14, 1949. He grew up in Frankfurt (Oder) and attended the extended high school here until the 11th grade."
https://hoerspiele.dra.de/detailansicht/4962886,Akte 88 (9. Folge: Zweieinhalb Jahre Tibet),2018,DRA,Files,Walter Filz; Michael Lissek,medium,first named figure in description,“Files 88” deals with conspiracy theories.,"“Files 88” deals with conspiracy theories. Hitler did not shoot himself in the Führerbunker, but fled. To this day, Hitler's alleged escape is one of the most widespread conspiracy theories in history."
https://hoerspiele.dra.de/detailansicht/4970577,False Memory,2019,DRA,False Memory,Sandra Doedter,low,curated title fallback,How much can we trust our memories?,How much can we trust our memories? Do we really know exactly what happened on that one special day 20 or 30 years ago? Or can certain influences cause us to remember something completely wrong?
https://hoerspiele.dra.de/detailansicht/4974424,Die Stadt und die Stimmen,2019,DRA,Stadt,Jürgen Becker,low,curated title fallback,"""Out and about in the city that I think I know well.","""Out and about in the city that I think I know well. Soon I realize that I'm wrong. What I still know are memories of the city."" (Jürgen Becker) For three years, radio maker Karl-Heinz Stevens roamed Cologne with a microphone and audio recorder and recorded a variety of noises and acoustic experiences."
https://hoerspiele.dra.de/detailansicht/4975759,Erinnerungen einer Überflüssigen (1. Teil),2020,DRA,Lena Christ,Lena Christ,high,autobiographical description names author,"“I have often tried to recall my earliest childhood, but my memory only lasts up to the age of five and is already partially erased.” This is how Christ's moving autobiography begins, which she published in 1912 with the support of Ludwig Thoma.","“I have often tried to recall my earliest childhood, but my memory only lasts up to the age of five and is already partially erased.” This is how Christ's moving autobiography begins, which she published in 1912 with the support of Ludwig Thoma."
https://hoerspiele.dra.de/detailansicht/4975760,Erinnerungen einer Überflüssigen (2. Teil),2020,DRA,Lena Christ,Lena Christ,high,autobiographical description names author,"“I have often tried to recall my earliest childhood, but my memory only lasts up to the age of five and is already partially erased.” This is how Christ's moving autobiography begins, which she published in 1912 with the support of Ludwig Thoma.","“I have often tried to recall my earliest childhood, but my memory only lasts up to the age of five and is already partially erased.” This is how Christ's moving autobiography begins, which she published in 1912 with the support of Ludwig Thoma."
https://hoerspiele.dra.de/detailansicht/4976018,Hölderlin schüttelt mich,2020,DRA,Hölderlin,Wilhelm Friedrich Waiblinger,low,curated title fallback,"»I tried harder than most to endure his moods, and while the few of his former friends who visited him in his now more than twenty years of solitude might only linger for a few moments, it was because their pity became too active, that they were too deeply affected by the appearance of such a deplorable mental decay...","»I tried harder than most to endure his moods, and while the few of his former friends who visited him in his now more than twenty years of solitude might only linger for a few moments, it was because their pity became too active, that they were too deeply affected by the appearance of such a deplorable mental decay..."
https://hoerspiele.dra.de/detailansicht/4979045,Zusammen Walden (1. Teil: Sparsamkeit),2020,DRA,Henry Thoreau,Henry David Thoreau,medium,first named figure in description,"Henry Thoreau's ""Walden"" is not only a classic in the USA.","Henry Thoreau's ""Walden"" is not only a classic in the USA. The book describes the experiences of the poet, who, at the age of 27, retreated to a self-made log cabin in the forest in the middle of the 19th century."
https://hoerspiele.dra.de/detailansicht/4980800,Zusammen Walden (2. Teil),2020,DRA,Henry David Thoreau,Henry David Thoreau,medium,first named figure in description,"Henry David Thoreau's classic and at the same time a handbook for everyone who explores alternative ways of life was intended to be created as a radio work to explore the question together with world literature: How can, how should we live?","Henry David Thoreau's classic and at the same time a handbook for everyone who explores alternative ways of life was intended to be created as a radio work to explore the question together with world literature: How can, how should we live?"
https://hoerspiele.dra.de/detailansicht/4980801,Zusammen Walden (3. Teil),2020,DRA,Henry David Thoreau,Henry David Thoreau,medium,first named figure in description,"Henry David Thoreau's classic and at the same time a handbook for everyone who explores alternative ways of life was intended to be created as a radio work to explore the question together with world literature: How can, how should we live?","Henry David Thoreau's classic and at the same time a handbook for everyone who explores alternative ways of life was intended to be created as a radio work to explore the question together with world literature: How can, how should we live?"
https://hoerspiele.dra.de/detailansicht/4980798,Zusammen Walden (1. Teil: Hast Du Schlösser in die Luft gebaut),2020,DRA,Henry David Thoreau,Henry David Thoreau,medium,first named figure in description,"Henry David Thoreau's classic and at the same time a handbook for everyone who explores alternative ways of life was intended to be created as a radio work to explore the question together with world literature: How can, how should we live?","Henry David Thoreau's classic and at the same time a handbook for everyone who explores alternative ways of life was intended to be created as a radio work to explore the question together with world literature: How can, how should we live?"
https://hoerspiele.dra.de/detailansicht/4980802,Zusammen Walden (4. Teil),2020,DRA,Henry David Thoreau,Henry David Thoreau,medium,first named figure in description,"Henry David Thoreau's classic and at the same time a handbook for everyone who explores alternative ways of life was intended to be created as a radio work to explore the question together with world literature: How can, how should we live?","Henry David Thoreau's classic and at the same time a handbook for everyone who explores alternative ways of life was intended to be created as a radio work to explore the question together with world literature: How can, how should we live?"
https://hoerspiele.dra.de/detailansicht/4983605,Überweben,2020,DRA,Etel Adnan,Etel Adnan,medium,source-material by named subject,"The radio work is based on letters from Etel Adnan, who was then teaching Philosophy of the Arts at San Rafael College in California.","The radio work is based on letters from Etel Adnan, who was then teaching Philosophy of the Arts at San Rafael College in California. Ten Monday letters, written in 1968 to her friend Claire Paget in Beirut, are about the art of so-called primitive weaving by the weaver Ida Grae, known for her research in this field."
https://hoerspiele.dra.de/detailansicht/4983915,Das Hörspiel vom Hörspiel 2020,2020,DRA,Friedrich Bischoff,Julia Mihaly,medium,first named figure in description,"In 1931, Friedrich Bischoff, then artistic director in Breslau, presented excerpts from new radio work productions at the “Rundfunk-und Phonoschau Berlin”, the forerunner of today's radio exhibition.","In 1931, Friedrich Bischoff, then artistic director in Breslau, presented excerpts from new radio work productions at the “Rundfunk-und Phonoschau Berlin”, the forerunner of today's radio exhibition."
https://hoerspiele.dra.de/detailansicht/4984462,Götterdämmerung in Nürnberg (1. Teil der vierteiligen Fassung),2020,DRA,American forensic psychologist G.M. Gilbert,Gustav M. Gilbert,medium,named subject action,"During the Nazi war crimes trials, the American forensic psychologist G.M.","During the Nazi war crimes trials, the American forensic psychologist G.M. Gilbert had access to all defendants. He recorded his conversations with Herman Göring, Albert Speer and Franz von Papen in his “Nuremberg Diary”."
https://hoerspiele.dra.de/detailansicht/4984463,Götterdämmerung in Nürnberg (2. Teil der vierteiligen Fassung),2020,DRA,American forensic psychologist G.M. Gilbert,Gustav M. Gilbert,medium,named subject action,"During the Nazi war crimes trials, the American forensic psychologist G.M.","During the Nazi war crimes trials, the American forensic psychologist G.M. Gilbert had access to all defendants. He recorded his conversations with Herman Göring, Albert Speer and Franz von Papen in his “Nuremberg Diary”."
https://hoerspiele.dra.de/detailansicht/4984473,Götterdämmerung in Nürnberg (3. Teil der vierteiligen Fassung),2020,DRA,American forensic psychologist G.M. Gilbert,Gustav M. Gilbert,medium,named subject action,"During the Nazi war crimes trials, the American forensic psychologist G.M.","During the Nazi war crimes trials, the American forensic psychologist G.M. Gilbert had access to all defendants. He recorded his conversations with Herman Göring, Albert Speer and Franz von Papen in his “Nuremberg Diary”."
https://hoerspiele.dra.de/detailansicht/4984474,Götterdämmerung in Nürnberg (4. Teil der vierteiligen Fassung),2020,DRA,American forensic psychologist G.M. Gilbert,Gustav M. Gilbert,medium,named subject action,"During the Nazi war crimes trials, the American forensic psychologist G.M.","During the Nazi war crimes trials, the American forensic psychologist G.M. Gilbert had access to all defendants. He recorded his conversations with Herman Göring, Albert Speer and Franz von Papen in his “Nuremberg Diary”."
https://hoerspiele.dra.de/detailansicht/4985363,Brief an meine Mutter,2020,DRA,Georges Simenon,Georges Simenon,high,opening when-clause names subject,"When Georges Simenon comes to his hometown of Liège to accompany his 90-year-old mother during her last days, two washed-out gray eyes turn to him in the hospital room.","When Georges Simenon comes to his hometown of Liège to accompany his 90-year-old mother during her last days, two washed-out gray eyes turn to him in the hospital room."
https://hoerspiele.dra.de/detailansicht/4987036,Und sicher ist mit mir die Welt verschwunden,2021,DRA,And surely the world,Sibylle Berg,medium,named subject action,"A spectacular exit, a final act of resistance marks the beginning of the end of the series of plays, which Sibylle Berg concludes with ""And surely the world has disappeared with me"".","A spectacular exit, a final act of resistance marks the beginning of the end of the series of plays, which Sibylle Berg concludes with ""And surely the world has disappeared with me""."
https://hoerspiele.dra.de/detailansicht/4987241,Interview mit einem Stern (1. Teil der vierteiligen Fassung),2021,DRA,Ernst Schnabel,Ernst Schnabel,medium,first named figure in description,"On March 3, 1951, Ernst Schnabel set off on a flight around the world.","On March 3, 1951, Ernst Schnabel set off on a flight around the world. Completing the official formalities had taken three months; he had been vaccinated against 99 diseases, including the plague."
https://hoerspiele.dra.de/detailansicht/4987242,Interview mit einem Stern (2. Teil der vierteiligen Folge),2021,DRA,Ernst Schnabel,Ernst Schnabel,medium,first named figure in description,"On March 3, 1951, Ernst Schnabel set off on a flight around the world.","On March 3, 1951, Ernst Schnabel set off on a flight around the world. Completing the official formalities had taken three months; he had been vaccinated against 99 diseases, including the plague."
https://hoerspiele.dra.de/detailansicht/4987245,Interview mit einem Stern (3. Folge der vierteiligen Fassung),2021,DRA,Ernst Schnabel,Ernst Schnabel,medium,first named figure in description,"On March 3, 1951, Ernst Schnabel set off on a flight around the world.","On March 3, 1951, Ernst Schnabel set off on a flight around the world. Completing the official formalities had taken three months; he had been vaccinated against 99 diseases, including the plague."
https://hoerspiele.dra.de/detailansicht/4987246,Interview mit einem Stern (4. Folge der vierteiligen Fassung),2021,DRA,Ernst Schnabel,Ernst Schnabel,medium,first named figure in description,"On March 3, 1951, Ernst Schnabel set off on a flight around the world.","On March 3, 1951, Ernst Schnabel set off on a flight around the world. Completing the official formalities had taken three months; he had been vaccinated against 99 diseases, including the plague."
https://hoerspiele.dra.de/detailansicht/4990645,Curtain Call!,2021,DRA,Tomorrow,Uwe Dierksen; Judith Rosmair,medium,named subject action,An actress on the verge of a nervous breakdown!,"An actress on the verge of a nervous breakdown! Tomorrow is the premiere of Tolstoy's Anna Karenina, and she hasn't been able to sleep for weeks. But that night she finds her mother's diary and is swept into a nightmarish stream of consciousness of childhood memories, existential fears and rebellion."
https://hoerspiele.dra.de/detailansicht/4991273,Mögen Sie Emily Dickinson?,2021,DRA,Emily Dickinson,Kai Grehn,high,manual override,A radio work based on letters and poems by Emily Dickinson.,"Emily Dickinson (1830 – 1886) had to wait until the 1950s until her almost 1,800 poems could appear in a complete edition."
https://hoerspiele.dra.de/detailansicht/4991479,Briefe aus der Hölle,2021,DRA,Auschwitz,Pavel Markovič Poljan; Salmen Gradowski; Lejb Langfuss; Herman Strasfogel,medium,first named figure in description,Auschwitz represents one of the most terrible crimes in human history and is part of the almost ritualized German culture of remembrance.,"Auschwitz represents one of the most terrible crimes in human history and is part of the almost ritualized German culture of remembrance. To this day, however, written sources that were created at the moment of experiencing the hell suffered have hardly been noticed."
https://hoerspiele.dra.de/detailansicht/4992864,Anne Lister (1. Teil),2022,DRA,Casanova,Angela Steidele,medium,first named figure in description,"A female Casanova, already at the beginning of the 19th century?","A female Casanova, already at the beginning of the 19th century? Is she an emancipatory role model? In addition to all the admirable courage and self-assertion, what are the ambivalences in her personality, and what role did the social situation play in her development?"
https://hoerspiele.dra.de/detailansicht/4994495,"Rahel, damit sie mich kennen (7. Teil: ""Ich bin hier sehr wirksam"")",2021,DRA,March,Christine Nagel,medium,first named figure in description,The wars of liberation began in March 1813.,"The wars of liberation began in March 1813. Rahel's fiancé Karl von Varnhagen joins the army, as does her boyfriend Alexander von der Marwitz. Rahel leaves Berlin with her family and flees to Prague."
https://hoerspiele.dra.de/detailansicht/4994538,"Rahel, damit sie mich kennen (10. Teil: Die Pockenmaterie muss raus)",2021,DRA,Rahel,Christine Nagel,medium,first named figure in description,The years have not passed Rahel unscathed.,"The years have not passed Rahel unscathed. Rahel is spared, but she loses her favorite brother Ludwig and many of her friends. Writing letters - a book of memories for her friends. In the last years of her life, Heinrich Heine came to Rahel's salon."
https://hoerspiele.dra.de/detailansicht/4995420,ULISSAS,2021,DRA,Under Clarice Lispector,Clarice Lispector; Cordelia Dvorák,medium,first named figure in description,"“Under Clarice Lispector's gaze, the smallest event blossoms, opening up to the ordinary and revealing a treasure that lies within that very ordinary.","“Under Clarice Lispector's gaze, the smallest event blossoms, opening up to the ordinary and revealing a treasure that lies within that very ordinary."
https://hoerspiele.dra.de/detailansicht/4996171,Die verschwundenen Bilder,2021,DRA,Klecks,Teresa Schmid,medium,first named figure in description,"Jil and her dog Klecks are allowed to visit her mother, a police officer, in Los Angeles for the holidays.","Jil and her dog Klecks are allowed to visit her mother, a police officer, in Los Angeles for the holidays. At the holiday camp on the beach she gets lost in a rock labyrinth with Blob and there she meets the homeless boy Luis."
https://hoerspiele.dra.de/detailansicht/4997012,Gäste (1. Teil der zweiteiligen Fassung),2021,DRA,Retreating,Giovanna Favini,medium,first named figure in description,"Retreating into DementiaAn elderly lady lives in her own world of memories, which is becoming increasingly distant from reality.","Retreating into DementiaAn elderly lady lives in her own world of memories, which is becoming increasingly distant from reality. Until one afternoon guests arrive. A young woman and a sober older man - who are they actually and what do they want?"
https://hoerspiele.dra.de/detailansicht/4997013,Gäste (2. Teil der zweiteiligen Fassung),2021,DRA,Retreating,Giovanna Favini,medium,first named figure in description,"Retreating into DementiaAn elderly lady lives in her own world of memories, which is becoming increasingly distant from reality.","Retreating into DementiaAn elderly lady lives in her own world of memories, which is becoming increasingly distant from reality. Until one afternoon guests arrive. A young woman and a sober older man - who are they actually and what do they want?"
https://hoerspiele.dra.de/detailansicht/5011318,Anne Lister (2. Teil),2022,DRA,Casanova,Angela Steidele,medium,first named figure in description,"A female Casanova, already at the beginning of the 19th century?","A female Casanova, already at the beginning of the 19th century? Is she an emancipatory role model? In addition to all the admirable courage and self-assertion, what are the ambivalences in her personality, and what role did the social situation play in her development?"
https://hoerspiele.dra.de/detailansicht/5011335,Great Depressions,2022,DRA,Malte Scholz,Jan Philipp Stange,medium,role/name phrase in description,"Rugged rocks, a mammoth, wafts of fog: Great Depressions links the individual story of actor Malte Scholz's depression with the Neandertal.","Rugged rocks, a mammoth, wafts of fog: Great Depressions links the individual story of actor Malte Scholz's depression with the Neandertal."
https://hoerspiele.dra.de/detailansicht/5012285,Mein lieber Wolf – Meine lieben fernen Mädels,2022,DRA,Ellen Hellwig,Ellen Hellwig; Wolfgang Hellwig; Anne Osterloh,medium,role/name phrase in description,"In 2010, the Leipzig actress Ellen Hellwig found letters from her father to her mother from the years 1945 to 1952 in her mother's estate.","In 2010, the Leipzig actress Ellen Hellwig found letters from her father to her mother from the years 1945 to 1952 in her mother's estate. They are part of the correspondence between Wolfgang and Ellen Hellwig; born."
https://hoerspiele.dra.de/detailansicht/5012028,Kies,2022,DRA,François Sarhan,François Sarhan,medium,role/name phrase in description,"For two years, the composer François Sarhan observed and listened to his surroundings and himself.","For two years, the composer François Sarhan observed and listened to his surroundings and himself. From the seemingly incidental elements of his everyday life, he formed a complex sound composition. In the Corona years 2020 and 2021, the composer François Sarhan kept a sound diary."
https://hoerspiele.dra.de/detailansicht/5011523,Aus den Erinnerungen des Zauberferkels Adalbert,1956,DRA,Adalbert,Anna Elisabeth Wiede; Peter Hacks; James Krüss,medium,curated title override,From the memories of the magic piglet Adalbert.,From the memories of the magic piglet Adalbert.
https://hoerspiele.dra.de/detailansicht/5011319,Anne Lister (3. Teil),2022,DRA,Casanova,Angela Steidele,medium,first named figure in description,"A female Casanova, already at the beginning of the 19th century?","A female Casanova, already at the beginning of the 19th century? Is she an emancipatory role model? In addition to all the admirable courage and self-assertion, what are the ambivalences in her personality, and what role did the social situation play in her development?"
https://hoerspiele.dra.de/detailansicht/5012924,Nachtwächter Spinning erzählt von gemeinsamen Erinnerungen,1970,DRA,Eva Rechlin,Eva Rechlin,medium,first named figure in description,"Eva Rechlin began her stories of ""Night Watchman Spinning"" when she was thirty-eight years old, in the spring of 1964.","Eva Rechlin began her stories of ""Night Watchman Spinning"" when she was thirty-eight years old, in the spring of 1964. It was only over the course of the following six years that she noticed the resemblance of the night watchman to her own father, a country pastor in Mecklenburg."
https://hoerspiele.dra.de/detailansicht/5015000,Achim Freyer trifft Don Giovanni am Checkpoint Charlie,2022,DRA,Achim Freyer,Alvin Curran,high,opening named biographical sentence,"Achim Freyer has been shaping the theater world for over 50 years - as a director, painter, set and costume designer.","Achim Freyer has been shaping the theater world for over 50 years - as a director, painter, set and costume designer. The composer and sound artist Alvin Curran is similarly busy."
https://hoerspiele.dra.de/detailansicht/5014677,Spiegeljahre (1. Teil),2022,DRA,Felix Huby,Felix Huby,medium,first named figure in description,"Felix Huby, the inventor of Bienzle and co-inventor of Schimanski, has written numerous books in addition to 700 film scripts.","Felix Huby, the inventor of Bienzle and co-inventor of Schimanski, has written numerous books in addition to 700 film scripts. He belongs to the ""second generation"" of the new German crime novel."
https://hoerspiele.dra.de/detailansicht/5014678,Spiegeljahre (2. Teil),2022,DRA,Felix Huby,Felix Huby,medium,first named figure in description,"Felix Huby, the inventor of Bienzle and co-inventor of Schimanski, has written numerous books in addition to 700 film scripts.","Felix Huby, the inventor of Bienzle and co-inventor of Schimanski, has written numerous books in addition to 700 film scripts. He belongs to the ""second generation"" of the new German crime novel."
https://hoerspiele.dra.de/detailansicht/5014997,Anne Lister - Eine erotische Biografie (Einteilige Fassung),2022,DRA,Anne Lister,Angela Steidele,high,title names subject,Anne Lister - Eine erotische Biografie (Einteilige Fassung),"A female Casanova, already at the beginning of the 19th century? Is she an emancipatory role model? In addition to all the admirable courage and self-assertion, what are the ambivalences in her personality, and what role did the social situation play in her development?"
https://hoerspiele.dra.de/detailansicht/5014999,Die Polizey,2022,DRA,Die Polizey,Björn SC Deigner; Friedrich Schiller,high,portrait title is name,Die Polizey,"Around 1800, Friedrich Schiller described “the police” as an institution characterized by conspiracy and crime. Even today we observe scandals and inconsistencies in the police force."
https://hoerspiele.dra.de/detailansicht/5016738,Timothy Truckle ermittelt (3. Folge: Spiel auf Leben und Tod),2022,DRA,Gert Prokop,Gert Prokop,medium,first named figure in description,"Gert Prokop, (born 1932 in Richtenberg, Western Pomerania; died 1994 in Berlin) was an author of crime novels, science fiction and children's books.","Gert Prokop, (born 1932 in Richtenberg, Western Pomerania; died 1994 in Berlin) was an author of crime novels, science fiction and children's books. He moved to Berlin in 1950, began a traineeship at the Neue Berliner Illustrierte (NBI) and later worked as a journalist."
https://hoerspiele.dra.de/detailansicht/5017839,"Ein Käfer, der Erinnerungen frisst",2022,DRA,Several,Fabian Raith; Sophie Neu,medium,first named figure in description,"Several server farms are infested with the Annamox beetle, and the data from the Terra cloud is irretrievably lost - including all videos from Mika's deceased mother.","Several server farms are infested with the Annamox beetle, and the data from the Terra cloud is irretrievably lost - including all videos from Mika's deceased mother. “2035” − Ten future radio works by different authors and teams. “2035” − Ten future radio works by ten different authors and teams.2022."
https://hoerspiele.dra.de/detailansicht/5018259,Sweet Paris reloaded,2021,DRA,Wolf Pehlke,"Wolf Pehlke; Alfred ""23"" Harth; Peter Fey",high,letters written by named subject,"The textual starting point of this musical radio piece, which is influenced by jazz and pop, are letters that the visual artist Wolf Pehlke from Paris, who was born in Sinzheim near Baden-Baden in 1955, wrote in 1979/1980.","The textual starting point of this musical radio piece, which is influenced by jazz and pop, are letters that the visual artist Wolf Pehlke from Paris, who was born in Sinzheim near Baden-Baden in 1955, wrote in 1979/1980."
https://hoerspiele.dra.de/detailansicht/5018550,"Herr Achternbusch, wie heißen Sie?",2023,DRA,Herbert Achternbusch,Andreas Ammer; Herbert Achternbusch,medium,first named figure in description,"Herbert Achternbusch summarized his life in 8 ½ short sentences: ""I had to be born in 1938, after I had already chosen my parents.","Herbert Achternbusch summarized his life in 8 ½ short sentences: ""I had to be born in 1938, after I had already chosen my parents. My mother was a sporty beauty from the country who only felt comfortable in the city."
https://hoerspiele.dra.de/detailansicht/5018659,I Am Glad You Asked Me This Question (1. Teil),2022,DRA,Bonaventure Soh Bejeng Ndikung,Bonaventure Soh Bejeng Ndikung,high,opening biographical apposition,"Bonaventure Soh Bejeng Ndikung, born in Yaoundé in 1977, is a curator, author and biotechnologist.","Bonaventure Soh Bejeng Ndikung, born in Yaoundé in 1977, is a curator, author and biotechnologist. Ndikung is a professor at the Weißensee School of Art, Berlin, artistic director of the Dutch exhibition sonsbeek 20-24 and the 13th Rencontres de Bamako 2021."
https://hoerspiele.dra.de/detailansicht/5018665,I Am Glad You Asked Me This Question (2. Teil),2022,DRA,Kamila Metwaly,Kamila Metwaly; Benjamin Patterson,high,opening biographical apposition,"Kamila Metwaly, born in Warsaw in 1984, is a music journalist, electronic musician and curator based in Berlin and Cairo.","Kamila Metwaly, born in Warsaw in 1984, is a music journalist, electronic musician and curator based in Berlin and Cairo."
https://hoerspiele.dra.de/detailansicht/5020637,Childhood Stories Moskau,2023,DRA,Russians,Butterland,medium,first named figure in description,The radio work brings together the stories of young Russians who were born between 1980 and 1990.,"The radio work brings together the stories of young Russians who were born between 1980 and 1990. Their memories reflect the gradual turning away from the West, the growing concern and ultimately despair over the war in Ukraine."
https://hoerspiele.dra.de/detailansicht/5026018,Schalter Licht Zimmer,2023,DRA,Albrecht Kunze,Albrecht Kunze,medium,role/name phrase in description,The Frankfurt pop producer and theater composer Albrecht Kunze mixes a radio piece live under the eyes and ears of 7 guests in Stuttgart's SWR Podcast Studio 13 that revolves around arbitrary and involuntary memories.,The Frankfurt pop producer and theater composer Albrecht Kunze mixes a radio piece live under the eyes and ears of 7 guests in Stuttgart's SWR Podcast Studio 13 that revolves around arbitrary and involuntary memories.
https://hoerspiele.dra.de/detailansicht/5026040,Genka haut ab (1. Teil),1970,DRA,Genka,Nikolai Petscherski,medium,first named figure in description,"A radio work based on Genka runs away (Diary of a Louseboy) (Youth book, Russian).","A radio work based on Genka runs away (Diary of a Louseboy) (Youth book, Russian)."
https://hoerspiele.dra.de/detailansicht/5026041,Genka haut ab (2. Teil),1970,DRA,Genka,Nikolai Petscherski,medium,first named figure in description,"A radio work based on Genka runs away (Diary of a Louseboy) (Youth book, Russian).","A radio work based on Genka runs away (Diary of a Louseboy) (Youth book, Russian)."
https://hoerspiele.dra.de/detailansicht/5026302,Dear alter Ego,2023,DRA,My work,Ulrike Haage; Maya Deren,medium,named subject action,"""My work is more about exploring the medium of film than about achieving a preconceived goal."" This is how film theorist and pioneer Maya Deren describes her motivation.","""My work is more about exploring the medium of film than about achieving a preconceived goal."" This is how film theorist and pioneer Maya Deren describes her motivation."
https://hoerspiele.dra.de/detailansicht/5026565,EM-Suite op. 42,2023,DRA,Using,Daniel Hensel,medium,first named figure in description,"Using a variety of materials from the text-sound archive of the Ensemble Modern (EM), founded in 1980, the Büdingen (Wetterau)-based composer and musicologist Daniel Hensel (born 1978) has drawn a multifaceted portrait of this leading formation for new music based in Frankfurt am Main.","Using a variety of materials from the text-sound archive of the Ensemble Modern (EM), founded in 1980, the Büdingen (Wetterau)-based composer and musicologist Daniel Hensel (born 1978) has drawn a multifaceted portrait of this leading formation for new music based in Frankfurt am Main."
https://hoerspiele.dra.de/detailansicht/5026069,Taschi de le,1971,DRA,Memories,Ursula Feldhege,medium,first named figure in description,Memories of a Tibetan refugee child.,Memories of a Tibetan refugee child.
https://hoerspiele.dra.de/detailansicht/5029345,Das Geheimnis der gelben Tapete,2019,DRA,"Emilia, Henriette, and their family",Andrea Schomburg,medium,curated title override,"There is great rejoicing when Emilia, her sister Henriette and both parents are about to move into a big house.","There is great rejoicing when Emilia, her sister Henriette and both parents are about to move into a big house. It is the house of Aunt Treppchen and Aunt Klößchen; The two sprightly ladies want to go on a trip around the world and no longer need their old home."
https://hoerspiele.dra.de/detailansicht/5029471,Flashback Crash (November-Reminiszenzen),2024,DRA,Cologne,Andreas Wagner,medium,first named figure in description,"“I’m currently working,” says the Cologne composer, multi-instrumentalist and improviser Andreas Wagner (born 1962), “on a musical puzzle game of memories and fragments of thoughts that gradually distort and over-expand the image!","“I’m currently working,” says the Cologne composer, multi-instrumentalist and improviser Andreas Wagner (born 1962), “on a musical puzzle game of memories and fragments of thoughts that gradually distort and over-expand the image!"
https://hoerspiele.dra.de/detailansicht/5029973,Mutter haben (1. Teil),2024,DRA,Having,Ruth Johanna Benrath,medium,first named figure in description,“Having a Mother” explores the question of how a weakened matriarchal line affects several generations.,“Having a Mother” explores the question of how a weakened matriarchal line affects several generations.
https://hoerspiele.dra.de/detailansicht/5029982,Mutter haben (2. Teil),2024,DRA,Having,Ruth Johanna Benrath,medium,first named figure in description,“Having a Mother” explores the question of how a weakened matriarchal line affects several generations.,“Having a Mother” explores the question of how a weakened matriarchal line affects several generations.
https://hoerspiele.dra.de/detailansicht/5031768,Kaf*KI,2024,DRA,Kafka,Robert Schoen,medium,first named figure in description,"(*bold: the human* // regular: the AI) In the dark corridors of Kafka's literary universe, a unique *well, don't exaggerate* radio work project is being created that blurs the boundaries between humans and artificial intelligence.","(*bold: the human* // regular: the AI) In the dark corridors of Kafka's literary universe, a unique *well, don't exaggerate* radio work project is being created that blurs the boundaries between humans and artificial intelligence."
https://hoerspiele.dra.de/detailansicht/5031783,Voices of the Invisible,2024,DRA,Priscilla McLean,Priscilla McLean,medium,role/name phrase in description,"Since the 1970s, the American composer Priscilla McLean has created several significant electro-acoustic works.","Since the 1970s, the American composer Priscilla McLean has created several significant electro-acoustic works. Their musical concept focuses on the wilderness and is influenced by Iannis Xenakis."
https://hoerspiele.dra.de/detailansicht/5031872,Fühl dich umarmt,2023,DRA,Andreas Jungwirth,Andreas Jungwirth,high,opening biographical apposition,"Andreas Jungwirth, born in Linz in 1967, studied German and theater studies as well as acting at the conservatory in Vienna.","Andreas Jungwirth, born in Linz in 1967, studied German and theater studies as well as acting at the conservatory in Vienna. He has lived as a freelance author since 2000, first in Berlin and since 2010 again in Vienna."
https://hoerspiele.dra.de/detailansicht/5032659,Mögen Sie Emily Dickinson?,2021,DRA,Emily Dickinson,Kai Grehn,high,manual override,A radio work based on letters and poems by Emily Dickinson.,"Emily Dickinson (1830 – 1886) had to wait until the 1950s until her almost 1,800 poems could appear in a complete edition."
https://hoerspiele.dra.de/detailansicht/5033171,Dschinns (1. Teil),2024,DRA,Hüseyin Yılmaz,Fatma Aydemir,medium,first named figure in description,Hüseyin Yılmaz worked hard in Germany for thirty years.,Hüseyin Yılmaz worked hard in Germany for thirty years. He came from Turkey as a guest worker. And now he is finally fulfilling his dream: a condominium in Istanbul.
https://hoerspiele.dra.de/detailansicht/5033172,Dschinns (2. Teil),2024,DRA,Hüseyin Yılmaz,Fatma Aydemir,medium,first named figure in description,Hüseyin Yılmaz worked hard in Germany for thirty years.,Hüseyin Yılmaz worked hard in Germany for thirty years. He came from Turkey as a guest worker. And now he is finally fulfilling his dream: a condominium in Istanbul.
https://hoerspiele.dra.de/detailansicht/5035405,"Mein Sohn, Nephew and Bacsi! - Ephraim Kishon und Friedrich Torberg",2024,DRA,They,Ephraim Kishon; Friedrich Torberg,medium,first named figure in description,"They were both called Ephraim, although one of them was better known as Friedrich, both loved a good sense of humor, were water polo players in their youth and came, one more, the other a little less, from Hungary.","They were both called Ephraim, although one of them was better known as Friedrich, both loved a good sense of humor, were water polo players in their youth and came, one more, the other a little less, from Hungary."
https://hoerspiele.dra.de/detailansicht/5036353,Mein Leben als Spam (4. Folge: Der totale Differenzvektor),2024,DRA,The young civil servant Miriam,Hans Christoph Böhringer,medium,named subject action,"The near future: AI isn't really smart yet, but it's enough for a flood of fake images, texts and voices.","The near future: AI isn't really smart yet, but it's enough for a flood of fake images, texts and voices. Spam filters are now a state responsibility. The young civil servant Miriam is also working on this."
https://hoerspiele.dra.de/detailansicht/5036350,Mein Leben als Spam (1. Folge: Chattie),2024,DRA,The young civil servant Miriam,Hans Christoph Böhringer,medium,named subject action,"The near future: AI isn't really smart yet, but it's enough for a flood of fake images, texts and voices.","The near future: AI isn't really smart yet, but it's enough for a flood of fake images, texts and voices. Spam filters are now a state responsibility. The young civil servant Miriam is also working on this."
https://hoerspiele.dra.de/detailansicht/5036352,"Mein Leben als Spam (3. Folge: Turing negative, living positive)",2024,DRA,The young civil servant Miriam,Hans Christoph Böhringer,medium,named subject action,"The near future: AI isn't really smart yet, but it's enough for a flood of fake images, texts and voices.","The near future: AI isn't really smart yet, but it's enough for a flood of fake images, texts and voices. Spam filters are now a state responsibility. The young civil servant Miriam is also working on this."
https://hoerspiele.dra.de/detailansicht/5036351,Mein Leben als Spam (2. Folge:Festnetz und Strafe),2024,DRA,The young civil servant Miriam,Hans Christoph Böhringer,medium,named subject action,"The near future: AI isn't really smart yet, but it's enough for a flood of fake images, texts and voices.","The near future: AI isn't really smart yet, but it's enough for a flood of fake images, texts and voices. Spam filters are now a state responsibility. The young civil servant Miriam is also working on this."
https://hoerspiele.dra.de/detailansicht/5036354,Mein Leben als Spam (5. Folge: Nett sein),2024,DRA,The young civil servant Miriam,Hans Christoph Böhringer,medium,named subject action,"The near future: AI isn't really smart yet, but it's enough for a flood of fake images, texts and voices.","The near future: AI isn't really smart yet, but it's enough for a flood of fake images, texts and voices. Spam filters are now a state responsibility. The young civil servant Miriam is also working on this."
https://hoerspiele.dra.de/detailansicht/5036355,Mein Leben als Spam (6. Folge: Allgemeine Erklärung der Maschinenrechte),2024,DRA,The young civil servant Miriam,Hans Christoph Böhringer,medium,named subject action,"The near future: AI isn't really smart yet, but it's enough for a flood of fake images, texts and voices.","The near future: AI isn't really smart yet, but it's enough for a flood of fake images, texts and voices. Spam filters are now a state responsibility. The young civil servant Miriam is also working on this."
https://hoerspiele.dra.de/detailansicht/5036356,Mein Leben als Spam (7. Folge: Im Schacht),2024,DRA,The young civil servant Miriam,Hans Christoph Böhringer,medium,named subject action,"The near future: AI isn't really smart yet, but it's enough for a flood of fake images, texts and voices.","The near future: AI isn't really smart yet, but it's enough for a flood of fake images, texts and voices. Spam filters are now a state responsibility. The young civil servant Miriam is also working on this."
https://hoerspiele.dra.de/detailansicht/5036357,Mein Leben als Spam (8. Folge: Vor der Tür),2024,DRA,The young civil servant Miriam,Hans Christoph Böhringer,medium,named subject action,"The near future: AI isn't really smart yet, but it's enough for a flood of fake images, texts and voices.","The near future: AI isn't really smart yet, but it's enough for a flood of fake images, texts and voices. Spam filters are now a state responsibility. The young civil servant Miriam is also working on this."
https://hoerspiele.dra.de/detailansicht/5041401,DYSTOPIA Sound Art Biennale 2024,2025,DRA,Things,Golo Föllmer,medium,first named figure in description,Things are not looking good for the world.,"Things are not looking good for the world. You can read, see - and hear this everywhere today."
https://hoerspiele.dra.de/detailansicht/5039191,Lélé,2025,DRA,A man,Sathyan Ramesh,medium,generic protagonist phrase,A man writes a thank you letter.,"A man writes a thank you letter. “Lélé” is the fictional exchange of letters between two people who couldn’t be more different and couldn’t live either. An elderly widower expresses gratitude for the result of an online order – a custom-made dog collar with an embroidered name, “Oskarla.”."
https://hoerspiele.dra.de/detailansicht/5042232,Bite 5634,2025,DRA,Mariana Carvalho,Mariana Carvalho,medium,first named figure in description,"Mariana Carvalho (São Paulo/Berlin) is a performer, musician and sound artist and works with voices, interactions between bodies, (inner) hearing, relationships, transduction, materials, mail art and prepared piano.","Mariana Carvalho (São Paulo/Berlin) is a performer, musician and sound artist and works with voices, interactions between bodies, (inner) hearing, relationships, transduction, materials, mail art and prepared piano."
https://hoerspiele.dra.de/detailansicht/5044257,Srebrenica,2025,DRA,Armin Smailovic,Armin Smailovic; Branko Šimić,medium,first named figure in description,Armin Smailovic's documentary work focuses primarily on societies in crisis and war zones as well as the political consequences of armed conflicts.,Armin Smailovic's documentary work focuses primarily on societies in crisis and war zones as well as the political consequences of armed conflicts.
https://hoerspiele.dra.de/detailansicht/5048009,Jureks Reise,2007,DRA,Soviet Union,Ulrich Woelk; Uta Hallant,medium,first named figure in description,"On October 4, 1957, the Soviet Union opened the space age with the launch of Sputnik, which orbited the earth around 800 times before burning up upon re-entry into the atmosphere - that's what the history books say.","On October 4, 1957, the Soviet Union opened the space age with the launch of Sputnik, which orbited the earth around 800 times before burning up upon re-entry into the atmosphere - that's what the history books say."
https://hoerspiele.dra.de/detailansicht/5048435,Mohnrot,2023,DRA,Caught,Sarah Lena Steinhauser,medium,first named figure in description,Caught between the noise of the past and the obsessive thoughts of the present.,Caught between the noise of the past and the obsessive thoughts of the present. A way out to freedom is sought. The way out should be a test of courage. A woman lashes herself between the tracks.
https://hoerspiele.dra.de/detailansicht/5051469,ETTY (2. Teil),2025,DRA,Jewish,Etty Hillesum,medium,first named figure in description,"In the second part of the two-part radio work, the Dutch Jew Etty Hillesum describes the increasing restrictions and persecution against Jewish people, and she writes openly about daily life, injustice and her own feelings about it.","In the second part of the two-part radio work, the Dutch Jew Etty Hillesum describes the increasing restrictions and persecution against Jewish people, and she writes openly about daily life, injustice and her own feelings about it."
https://hoerspiele.dra.de/detailansicht/5051389,P R I N C E - FunkyPurpleAssoziationen,2026,DRA,Based,Elisabeth Weilenmann,medium,first named figure in description,"Based on Prince's birth in 1958 in Minneapolis, the radio work ""P R I N C E - FunkyPurpleAssociations"" unfolds a multi-layered sound portrait of a person who was described as an icon, a hymn maker, a musical universalist - his childhood between jazz and violence, his religious influence, his radical artistic...","Based on Prince's birth in 1958 in Minneapolis, the radio work ""P R I N C E - FunkyPurpleAssociations"" unfolds a multi-layered sound portrait of a person who was described as an icon, a hymn maker, a musical universalist - his childhood between jazz and violence, his religious influence, his radical artistic..."
https://hoerspiele.dra.de/detailansicht/5051454,ETTY (1. Teil),2025,DRA,Etty Hillesum,Etty Hillesum,high,opening named biographical sentence,Etty Hillesum was a Dutch Jew who was murdered in the Auschwitz concentration camp in 1943.,"Etty Hillesum was a Dutch Jew who was murdered in the Auschwitz concentration camp in 1943. After she met Julius Spier in 1941, who worked in both psychoanalysis and body therapy, she began writing diaries on his recommendation."
https://hoerspiele.dra.de/detailansicht/5050267,Die wirkliche Lämmchenhaftigkeit,2026,DRA,Five,Ursula Krechel,medium,first named figure in description,Five people are looking for a childhood.,"Five people are looking for a childhood. A cabinet of curiosities with dolls, stuffed animals, folded papers buried deep within them or a dream that passes tenderly on the tongue."
https://wirklichkeitimradio.de/stueck/bananen-heinz/,Bananen-Heinz,1983,Wirklichkeit,Although,Ror Wolf,medium,first named figure in description,"A stroke of luck: Although seemingly completely different, both are driven by the same question: How do you tell a life story?","A stroke of luck: Although seemingly completely different, both are driven by the same question: How do you tell a life story? – The Hessian street vendor Heinz B."
https://wirklichkeitimradio.de/stueck/so-long-goodbye/,So long good-bye,1978,Wirklichkeit,So long good-bye,Harun Farocki,low,curated title fallback,An icon of documentary filmmaking with a radio work that literally deconstructs pop music.,An icon of documentary filmmaking with a radio work that literally deconstructs pop music. Extremely close and extremely analytical at the same time. Didn’t David Bowie record “Heroes” at this exact location this year?
https://wirklichkeitimradio.de/stueck/ein-weites-dunkles-land/,Ein weites dunkles Land,1982,Wirklichkeit,Klaus Lindemann,Klaus Lindemann,medium,role description confirms author subject,"The author goes into the dark land of psychiatry and holds the microphone in the garden, in the bathroom, in the dormitory, in the kitchen and also in the isolation cell.","The author goes into the dark land of psychiatry and holds the microphone in the garden, in the bathroom, in the dormitory, in the kitchen and also in the isolation cell."
https://wirklichkeitimradio.de/stueck/gar-nicht-so-einfach-sich-am-leben-vorbeizuschleifen/,"Gar nicht so einfach, sich am Leben vorbeizuschleifen",1981,Wirklichkeit,Original,Andreas Schroth und Gabriele Thaler,medium,first named figure in description,"Original sound from 1981: Erich Graf, 85 years old, is the last scissor grinder in Berlin.","Original sound from 1981: Erich Graf, 85 years old, is the last scissor grinder in Berlin. He goes whistling through the backyards and offers his services. His memories go back to the imperial era."
https://wirklichkeitimradio.de/stueck/mein-partner-hansipiepchen/,Mein Partner Hansipiepchen,1973,Wirklichkeit,Mein Partner Hansipiepchen,Charlotte Niemann und Matthias Niemann,low,curated title fallback,An original piece and at the same time an oppressive chamber piece - which was completely unknown to us before.,"An original piece and at the same time an oppressive chamber piece - which was completely unknown to us before. Welserstraße 13, West Berlin, 1973. The location and time information is precise."
https://wirklichkeitimradio.de/stueck/springtime-it-brings-on-the-shearing/,Springtime it brings on the shearing,1987,Wirklichkeit,Kaye Mortley,Kaye Mortley,medium,first named figure in description,Kaye Mortley's sound is a must-hear.,Kaye Mortley's sound is a must-hear.
https://wirklichkeitimradio.de/stueck/der-dicke-lipinski/,Der dicke Lipinski,1989,Wirklichkeit,Image,Sieglinde Scholz-Amoulong,medium,first named figure in description,Image of a dying state: Hans Lipinski works in the Jänschwalde brown coal power plant.,Image of a dying state: Hans Lipinski works in the Jänschwalde brown coal power plant. His portrait is to be broadcast on the 40th anniversary of the GDR in October 1989. “The Fat Lipinski” is one of those rare pieces in which something happens “along the way” that completely overturns the original plan without the project being abandoned.
https://wirklichkeitimradio.de/stueck/die-callas-beschreibung-einer-leidenschaft/,Die Callas — Beschreibung einer Leidenschaft,1987,Wirklichkeit,Callas,Claudia Wolff,low,curated title fallback,An author gets to the bottom of her personal passion.,"An author gets to the bottom of her personal passion. Your feature breaks the journalistic norm and is both homage and defense. You can hear the first part of the feature in the player above, the second part is here."
https://wirklichkeitimradio.de/stueck/vorname-jonas/,Vorname Jonas,1983,Wirklichkeit,Jonas,Thomas Heise,high,story-of phrase,Die Geschichte von Jonas ist eine tragische.,"Final production AdK mix: Rolf Haberlandt Editing: Anette Gudra Premiere: Academy of Arts September 20, 1989 Original broadcast: Berliner Rundfunk January 1990 Length: 53'30 Heise's ""Jonas"" reveals rare insights into the GDR's official system."
https://wirklichkeitimradio.de/stueck/mirjam/,Mirjam,1975,Wirklichkeit,Mirjam Ich,Werner Meyke,high,portrait title is name + full-name expansion,Mirjam,Nothing else (except at the beginning of a bathtub). And precisely because of this: extremely connectable to today. That would be a great subcategory: feature portraits that have female first names as titles.
https://wirklichkeitimradio.de/stueck/jetzt/,Jetzt,1998,Wirklichkeit,Jetzt,"Norbert Zähringer, Uta Richter, Stella Luncke, Julia Miehe, Zabin Kaiser, Constanze Fröhlich und vielen anderen Studenten des Theaterwissenschaftlichen Seminars der Humboldt Universität Berlin",high,portrait title is name,Jetzt,Now – Berlin at night Berlin at night. Six students swarm out at the same time and simulate a “live” feature.
https://wirklichkeitimradio.de/stueck/verkaufskanonen/,Verkaufskanonen,1976,Wirklichkeit,Sales,Henryk M. Broder,medium,first named figure in description,Sales cannons Stations of the outpatient trade By Henryk M.,Sales cannons Stations of the outpatient trade By Henryk M. Broder from an unusual side: as an original chronicler of an eloquent guild.
https://wirklichkeitimradio.de/stueck/steh-auf-es-ist-krieg/,"Steh auf, es ist Krieg!",1986,Wirklichkeit,Soviet Union,Paul Kohl,medium,first named figure in description,The reports of contemporary witnesses from the Soviet Union and those of the German soldiers hardly coincide at all.,The reports of contemporary witnesses from the Soviet Union and those of the German soldiers hardly coincide at all. Paul Kohl lets both sides tell their stories.
https://wirklichkeitimradio.de/stueck/die-bidonvilles-von-paris/,Die Bidonvilles von Paris,1967,Wirklichkeit,Bidonvilles,Hubert Fichte,medium,first named figure in description,The Bidonvilles of Paris Attempt to complete a map of France By Hubert Fichte With: Herbert Duprow and Walter Andreas Schwarz Director: Imo Wilimzig Production: SDR 1967 Length: 57'56 Not a nice déjà vu: what Hubert Fichte said in 1967 about the poor settlements of the Parisian banlieues still seems familiar today.,The Bidonvilles of Paris Attempt to complete a map of France By Hubert Fichte With: Herbert Duprow and Walter Andreas Schwarz Director: Imo Wilimzig Production: SDR 1967 Length: 57'56 Not a nice déjà vu: what Hubert Fichte said in 1967 about the poor settlements of the Parisian banlieues still seems familiar today.
https://wirklichkeitimradio.de/stueck/schnee-auf-pflaumenbluete/,Schnee auf Pflaumenblüte,2004,Wirklichkeit,Schnee,Malte Jaspersen,low,curated title fallback,"Yes, if you don't lose the self-irony and still take it seriously.","Yes, if you don't lose the self-irony and still take it seriously."
https://www.hoerspielundfeature.de/angst-haben-fast-alle-100.html,Angst haben fast alle,2024,DLF/DLF Kultur,Arson,Johanna Tirnthal und Timo Stukenberg,medium,first named figure in description,"Arson attacks, arguments in the community, attacks by right-wing extremists – the lives of homeless people are marked by violence.","Arson attacks, arguments in the community, attacks by right-wing extremists – the lives of homeless people are marked by violence. They are sold by securities and insulted by strangers."
https://www.hoerspielundfeature.de/feature-verlorene-freiheit-100.html,Verlorene Freiheit,2026,DLF/DLF Kultur,Fatima; Zahra; Zainab,Vanessa Schlesier,high,manual override,"A feature about Fatima, Zahra, and Zainab living under Taliban rule in Kabul, where family pressure, lost independence, fear, and the effort not to disappear shape everyday life.","Zahra studies, does martial arts and helps support her family. Then the Taliban seize power. There is now nothing left of what was once her life. A feature about Afghan women's struggle not to disappear."
https://www.hoerspielundfeature.de/feature-eingraviert-100.html,Eingraviert,2026,DLF/DLF Kultur,Christin and the tattoo studio clients,Gülseren Sengezer,medium,curated title override,"In Christi's tattoo studio, stories of life, suffering and loss are engraved on the skin.","In Christi's tattoo studio, stories of life, suffering and loss are engraved on the skin. The boss offers everyone a safe place. But when cancer comes, Christin needs help herself."
https://www.hoerspielundfeature.de/la-belle-teil-1-krimi-terror-auf-der-tanzflaeche-100.html,Terror auf der Tanzfläche (1/2),2026,DLF/DLF Kultur,La Belle,Viviane Koppelmann,medium,first named figure in description,"A bomber turns himself in: He claims to have carried out the attack on the “La Belle” discotheque on April 5, 1986.","A bomber turns himself in: He claims to have carried out the attack on the “La Belle” discotheque on April 5, 1986. In the interrogation room he talks about his life. A crime radio work based on true events."
https://www.hoerspielundfeature.de/unsere-vergorenen-wunden-100.html,Unsere vergorenen Wunden,2026,DLF/DLF Kultur,Psychogram,Katrin Pitz,medium,first named figure in description,Psychogram • A patient explores the limits of her psychoanalyst.,"Psychogram • A patient explores the limits of her psychoanalyst. Sometimes she stalls him, sometimes she willingly gives him dreams, experiences, contradictions."
https://www.hoerspielundfeature.de/doku-drops-12-unvergessen-100.html,doku drops 12: (Un)Vergessen,2026,DLF/DLF Kultur,Eine Hungersnot,Zusammenstellung und Moderation: Judith Geffert und Ingo Kottkamp,high,opening biographical apposition,"Eine Hungersnot, die keine gewesen sein soll; eine Vatersprache, die verstummt ist.","A famine that was not supposed to have been; a father tongue that has fallen silent. Two short documentaries in Romanian and Czech revolve around buried memories. In German they are not only translated, but also developed further."
https://www.hoerspielundfeature.de/laendliche-kueche-in-zentralfrankreich-106.html,Ländliche Küche in Zentralfrankreich,2026,DLF/DLF Kultur,Ein pedantischer Koch,Harry Mathews,medium,generic protagonist phrase,Ein pedantischer Koch nimmt uns mit bei der Zubereitung eines traditionell französischen Gerichts: Lammschulterrollbraten.,"Culinary delights • It sizzles and hisses in the studio kitchen. “Stuffed lamb shoulder roll, boneless (farce double)” is on the chef’s menu at “Tour Lambert”."
https://www.hoerspielundfeature.de/feature-prinzenbad-100.html,Prinzenbad,2026,DLF/DLF Kultur,Ralf Bei,Ralf Bei der Kellen,medium,role/name phrase,The Prinzenbad in Berlin-Kreuzberg is probably the most famous outdoor swimming pool in Germany.,The Prinzenbad in Berlin-Kreuzberg is probably the most famous outdoor swimming pool in Germany. Our author Ralf Bei der Kellen has been a regular guest for years. He accompanied other regular guests for an entire summer season: life stories at the edge of the pool.
https://www.hoerspielundfeature.de/ostdeutsche-leben-2-4-liebe-in-zeiten-der-schichtarbeit-100.html,Liebe in Zeiten der Schichtarbeit,2023,DLF/DLF Kultur,Leipzig,Marcel Raabe und Manuel Waltz,medium,first named figure in description,The clearing out of a house in a former working-class district of Leipzig unearths a notebook.,"The clearing out of a house in a former working-class district of Leipzig unearths a notebook. It's full of scribbled vows of love, cooking recipes and failed attempts at dating."
https://www.hoerspielundfeature.de/immer-der-nase-nach-vom-stallgeruch-bis-zum-stinkefinger-104.html,Immer der Nase nach – vom Stallgeruch bis zum Stinkefinger,2026,DLF/DLF Kultur,Nase,Henrik von Holtum,low,curated title fallback,You often only notice your own sense of smell when something stinks.,"You often only notice your own sense of smell when something stinks. Hearing and seeing can quickly disappear in turbulent times, but we always sense immediately when something is in the air."
https://www.hoerspielundfeature.de/iolanda-eine-poetin-aus-sardinien-100.html,Iolanda,2026,DLF/DLF Kultur,Orlanda Sassus Stimme,Giorgia Cadeddu und Vittoria Soddu,high,opening named biographical sentence,Orlanda Sassus Stimme ist unvergesslich.,"Anyone who has heard the voice of Orlanda Sassu (1924–2015) will not forget her. Luckily, the Sardinian poet, singer and ecologist recorded her life on cassettes."
https://www.hoerspielundfeature.de/dona-dora-und-die-wueste-100.html,Doña Dora und die Wüste,2025,DLF/DLF Kultur,Between,Arndt Peltner,medium,first named figure in description,Between the Mexican border and the hope of a good life lies a merciless desert.,Between the Mexican border and the hope of a good life lies a merciless desert. Many die trying to cross it. But there are people who are not indifferent to their fate.
https://www.hoerspielundfeature.de/feature-ein-zimmer-fuer-mich-allein-und-jetzt-eigenbedarf-umverteilung-100.html,"Eigenbedarf, Umverteilung und ein Fernsehpromi",2025,DLF/DLF Kultur,The author,Karen Muster,medium,opening role phrase,The author lives with her husband and children in 75 square meters - a killer for relationships and work.,The author lives with her husband and children in 75 square meters - a killer for relationships and work.
https://www.hoerspielundfeature.de/feature-zimmer-fuer-mich-allein-kleine-wohnung-100.html,"Kleine Wohnung, Deadlines und Luxusprobleme",2025,DLF/DLF Kultur,The author,Karen Muster,medium,opening role phrase,The author lives with her husband and children in 75 square meters - a killer for relationships and work.,The author lives with her husband and children in 75 square meters - a killer for relationships and work.
https://www.hoerspielundfeature.de/heroin-im-alter-100.html,Heroin im Alter,2026,DLF/DLF Kultur,Heroin,Jörn Klare,low,curated title fallback,How do people who regularly use heroin and other drugs live?,"How do people who regularly use heroin and other drugs live? Jörn Klare met those affected aged 50, 60, 70 and more. Their stories show: There are easier fates - and there is no standard addiction process."
https://www.hoerspielundfeature.de/feature-100.html,Feature,2026,DLF/DLF Kultur,Feature authors and documentary makers,"Sengezer, Gülseren",medium,curated title override,"The documentary on the radio: features, short documentaries, audio stories with their very own signatures.","The documentary on the radio: features, short documentaries, audio stories with their very own signatures. Best of the creative author scene. Award-winning documentaries and feature classics."
https://www.hoerspielundfeature.de/hoerspiel-des-monats-dezember-2025-nie-wieder-gut-100.html,NIEWIEDERGUT oder Darf jetzt wirklich ein Jude der König von Bayern sein,2026,DLF/DLF Kultur,German Academy,Dana von Suffrin,medium,first named figure in description,The jury of the German Academy of Performing Arts named “NIEWIEDERGUT or Can a Jew really be the King of Bavaria” as the radio work of the month for December 2025.,The jury of the German Academy of Performing Arts named “NIEWIEDERGUT or Can a Jew really be the King of Bavaria” as the radio work of the month for December 2025.
https://www.hoerspielundfeature.de/hoerspiel-100.html,Hörspiel,2026,DLF/DLF Kultur,Classics,"Seiberlich, Pauline; Wenzel, Ingrid",medium,first named figure in description,"Classics of literature, exciting dramas, entertaining stories and innovative audio theater.","Classics of literature, exciting dramas, entertaining stories and innovative audio theater. There are great stories, strong voices and fine sounds here - radio works from the Deutschlandfunk program."
https://www.hoerspielundfeature.de/hoerspiel-ueber-nationalistische-gewalt-wolfwelt-100.html,Wolfwelt,2025,DLF/DLF Kultur,Culture,Gerhild Steinbuch,medium,first named figure in description,"Culture of remembrance • Repressed responsibility and armored bodies: Gerhild Steinbuch composes a polyphonic narrative from personal family memories, social forgetting and modern research on violence.","Culture of remembrance • Repressed responsibility and armored bodies: Gerhild Steinbuch composes a polyphonic narrative from personal family memories, social forgetting and modern research on violence."
https://www.hoerspielundfeature.de/reihe-wirklichkeit-im-radio-die-callas-beschreibung-einer-leidenschaft-teil-2-100.html,Die Callas – Beschreibung einer Leidenschaft (2/2),2024,DLF/DLF Kultur,Musik zum Thema,Claudia Wolff,medium,about phrase,"Ein Feature-Klassiker, der das Sprechen über Musik zum Thema macht.","A feature classic that makes talking about music the topic. The second part is about the prima donna's difficult relationship with her audience. If you were looking for pure beautiful sound, you couldn't find it with her."
https://www.hoerspielundfeature.de/reihe-wirklichkeit-im-radio-die-callas-beschreibung-einer-leidenschaft-teil-1-100.html,Die Callas - Beschreibung einer Leidenschaft (1/2),2024,DLF/DLF Kultur,Die Autorin,Claudia Wolff,high,opening named biographical sentence,"Die Autorin ist 17 Jahre alt, als sie zum ersten Mal diese Stimme hört – da ist es um sie geschehen.","The author was 17 years old when she heard this voice for the first time - that's when it happened to her. Decades after the intoxicating early infection, she finally wants to get to the bottom of her passion."
https://www.hoerspielundfeature.de/lone-star-texas-feature-teil-2-100.html,Lone Star (2/2),2024,DLF/DLF Kultur,Texas,Sonya Schönberger,medium,first named figure in description,The second part of the feature from Texas provides space for a single biography.,The second part of the feature from Texas provides space for a single biography. You can only imagine how the protagonist got through as a child of drug-addicted parents once you've heard it.
https://www.hoerspielundfeature.de/kunststuecke-ich-bin-der-ursprung-von-allem-100.html,Ich bin der Ursprung von allem,2024,DLF/DLF Kultur,Kazimir Malevich,Kasimir Malewitsch,high,portrait phrase,"Artist biography • A portrait of the artist Kazimir Malevich emerges from the theoretical writings “God has not fallen” about art, church and factory.","Artist biography • A portrait of the artist Kazimir Malevich emerges from the theoretical writings “God has not fallen” about art, church and factory."
https://www.hoerspielundfeature.de/wiedersehen-nach-70-jahren-mein-freund-lennie-oder-die-reise-100.html,Mein Freund Lennie oder die Reise,2024,DLF/DLF Kultur,Biography,Ulrich Gerhardt,medium,first named figure in description,"Biography • After decades, the author sets out to search for his long-lost childhood friend, whom he last saw shortly after the end of the Second World War.","Biography • After decades, the author sets out to search for his long-lost childhood friend, whom he last saw shortly after the end of the Second World War."
https://www.hoerspielundfeature.de/die-konferenz-der-fluesse-teil-05-100.html,Die Konferenz der Flüsse (5/6) - Stimmen im Fluss,2023,DLF/DLF Kultur,Climate,Denise Reimann und Frank Raddatz,medium,first named figure in description,Climate change • Rivers are the basis of life and can take away life.,Climate change • Rivers are the basis of life and can take away life. But do they also have a biography with birth and death? The conference participants ponder this after Garonne and Jordan report on their situation.
https://www.hoerspielundfeature.de/reihe-wirklichkeit-im-radio-bananen-heinz-100.html,Bananen-Heinz,2024,DLF/DLF Kultur,Ror Wolf,Ror Wolf,high,role phrase names subject,"Der Schriftsteller Ror Wolf porträtiert Bananen-Heinz, den Hausierer und fliegenden Händler aus Hessen.","“What should I say to you…” – Banana Heinz from Hesse is a peddler and traveling salesman, but above all: a gifted linguistic performer."
https://www.hoerspielundfeature.de/sanguiniker-zwischen-spass-und-unvernunft-leicht-leben-100.html,Leicht leben ,2023,DLF/DLF Kultur,Superficial,Michael Reitz,medium,first named figure in description,"Superficial, conflict-averse, uncritical and endlessly optimistic - the sanguine.","Superficial, conflict-averse, uncritical and endlessly optimistic - the sanguine. Is he therefore the prototype of fun, event and consumer culture? A role model for an easier life or for running away from problems?"
https://www.hoerspielundfeature.de/ich-war-ein-praktisches-maedchen-das-ukrainische-tagebuch-meiner-mutter-dlf-dc7a1484-100.html,Ich war ein praktisches Mädchen - Das ukrainische Tagebuch meiner Mutter,2023,DLF/DLF Kultur,Classics,"Zak, Mark",medium,first named figure in description,"Classics of literature, exciting dramas, entertaining stories and innovative sound art.","Classics of literature, exciting dramas, entertaining stories and innovative sound art. There are great stories, strong voices and fine sounds here - radio works from Deutschlandfunk and Deutschlandfunk Kultur."
https://www.hoerspielundfeature.de/ich-war-ein-praktisches-maedchen-100.html,Ich war ein praktisches Mädchen,2023,DLF/DLF Kultur,Mädchen Das,Mark Zak,medium,curated title fallback + full-name expansion,"“Now that I am concluding my life story, I would like to emphasize that at the age of 22 I was completely alone; I lost my father, mother, two brothers and my home.","“Now that I am concluding my life story, I would like to emphasize that at the age of 22 I was completely alone; I lost my father, mother, two brothers and my home."
https://www.hoerspielundfeature.de/anne-lister-100.html,Anne Lister - Eine erotische Biografie,2026,DLF/DLF Kultur,Anne Lister,Angela Steidele,high,title names subject,Anne Lister - Eine erotische Biografie,Anne Lister (1791-1840) precocious and sex-positive! Boys didn't play a role because she was already attracted to girls at school and fell in love with her beautiful roommate Eliza Raine.
https://www.hoerspielundfeature.de/hoerspiel-nach-max-frisch-montauk-2-100.html,Montauk (2/2),2021,DLF/DLF Kultur,Max Frisch,Bearbeitung und Regie: Leonhard Koppelmann,high,manual override,An adaptation of Max Frisch's autobiographical work Montauk.,"In a collage of memories, diary excerpts, self-reflections and other autobiographical material, the Swiss writer Max Frisch dissects his life - and his love relationships."
https://www.hoerspielundfeature.de/hoerspiel-hoerspiel-des-monats-ein-schwarm-regenbrachvoegel-100.html,Hörspiel des Monats: Ein Schwarm Regenbrachvögel,2004,DLF/DLF Kultur,Maarten’t Hart,Maarten’t Hart,high,autobiographical description uses author,Maarten 't Hart's radio work A Flock of Whimbrels is an adaptation of his autobiographical novel of the same name from 1978 - and yet much more: This radio work about the barren and lonely life in a pietistic village in the Dutch provinces impresses with its acoustic narrative style.,Maarten 't Hart's radio work A Flock of Whimbrels is an adaptation of his autobiographical novel of the same name from 1978 - and yet much more: This radio work about the barren and lonely life in a pietistic village in the Dutch provinces impresses with its acoustic narrative style.
https://www.hoerspielundfeature.de/die-angestellten-poetische-dystopie-von-olga-ravn-100.html,Die Angestellten,2026,DLF/DLF Kultur,Arbeitswelt an Bord des Raumschiffs 6000,dem Roman von Olga Ravn,high,portrait phrase,Olga Ravn erschafft ein vielschichtiges Porträt der Arbeitswelt an Bord des Raumschiffs 6000.,"Olga Ravn creates a multi-layered portrait of the world of work on board Spaceship 6000. In doing so, she explores fundamental questions about the nature of work, identity and humanity in the technological age."
https://www.hoerspielundfeature.de/monument-fuer-eine-stimme-100.html,Monument für eine Stimme,2024,DLF/DLF Kultur,Nadezhda Mandelstam,Lou Brouwers,medium,role/name phrase in description,The Russian author Nadezhda Mandelstam saved many of her late husband Ossip Mandelstam's poems from oblivion and confiscation in a unique way: she learned them by heart.,The Russian author Nadezhda Mandelstam saved many of her late husband Ossip Mandelstam's poems from oblivion and confiscation in a unique way: she learned them by heart.
https://www.hoerspielundfeature.de/hoerspiel-ein-held-unserer-zeit-100.html,Ein Held unserer Zeit,2024,DLF/DLF Kultur,Michail Lermontov,Michail Lermontov,medium,role/name phrase in description,"Archiv Hörspiel Ein Held unserer Zeit 100:23 Minuten Seltsam, extravagant, außergewöhnlich - der russische Dichter Michail Lermontov (1814 - 1841).","With the character of Officer Pechorin, Mikhail Lermontov created one of the first dandies in world literature. ""A Hero of Our Time"" tells stories from the life of this ""superfluous"" person who plays with other people's lives and feelings."
https://www.hoerspielundfeature.de/plus-null-komma-fuenf-windstill-100.html,plus null komma fünf windstill,2026,DLF/DLF Kultur,Drama,Maria Kilpi,medium,first named figure in description,"Drama • The Finnish-Russian border divides Karelia, the region is characterized by conflict and displacement.","Drama • The Finnish-Russian border divides Karelia, the region is characterized by conflict and displacement. A young woman wants to trace her family history and comes across ice walls."
https://www.hoerspielundfeature.de/van-gogh-vermeer-raffael-auf-der-suche-nach-verschollenen-meisterwerken-dlf-f122d4c3-100.html,Auf der Suche nach verschollenen Meisterwerken,2024,DLF/DLF Kultur,Van Gogh,"Koldehoff, Stefan; Nichelmann, Johannes",medium,first named figure in description,Van Gogh's portrait of his doctor Dr.,"Van Gogh's portrait of his doctor Dr. Gachet, an interior with two women by Vermeer at the concert, the Portrait of a Young Man by Raphael: three works of art that have not been seen publicly for decades."
https://www.hoerspielundfeature.de/feature-van-gogh-vermeer-raffael-100.html,Auf der Suche nach verschollenen Meisterwerken,2024,DLF/DLF Kultur,Van Gogh,Stefan Koldehoff und Johannes Nichelmann,medium,first named figure in description,Van Gogh's portrait of his doctor Dr.,"Van Gogh's portrait of his doctor Dr. Gachet, an interior with two women by Vermeer at the concert, the Portrait of a Young Man by Raphael: three works of art that have not been seen publicly for decades."
https://www.hoerspielundfeature.de/reihe-wirklichkeit-im-radio-der-dicke-lipinski-100.html,Der dicke Lipinski,2019,DLF/DLF Kultur,Hans Lipinski,Sieglinde Scholz-Amoulong,medium,first named figure in description,Hans Lipinski – Brigadier at the Jänschwalde power plant.,"Hans Lipinski – Brigadier at the Jänschwalde power plant. The author meets him before, during and after the fall of communism. A portrait and at the same time a piece of live documented contemporary history - created in 1989."
https://www.hoerspielundfeature.de/frauenliteraturmonat-sasha-marianna-salzmann-stoert-das-100.html,Sasha Marianna Salzmann stört das Schema,2024,DLF/DLF Kultur,Sasha Marianna Salzmann,Jenny Marrenbach,high,opening named biographical sentence,"Sasha Marianna Salzmann is a shooting star not only in the literary world, but also in the theater: the stage and book pages become an experiment with identity, including her own.","Sasha Marianna Salzmann is a shooting star not only in the literary world, but also in the theater: the stage and book pages become an experiment with identity, including her own."
https://www.hoerspielundfeature.de/klangkunst-achim-freyer-trifft-100.html,Achim Freyer trifft Don Giovanni am Checkpoint Charlie,2024,DLF/DLF Kultur,Achim Freyer,Alvin Curran,high,opening named biographical sentence,"Achim Freyer has been shaping the theater world for over 50 years - as a director, painter, set and costume designer.","Achim Freyer has been shaping the theater world for over 50 years - as a director, painter, set and costume designer. The composer and sound artist Alvin Curran is similarly busy."
https://www.hoerspielundfeature.de/achim-freyer-trifft-don-giovanni-am-checkpoint-charlie-dlf-kultur-95b4978e-100.html,Achim Freyer trifft Don Giovanni am Checkpoint Charlie,2024,DLF/DLF Kultur,Achim Freyer,"Curran, Alvin",high,opening named biographical sentence,"Achim Freyer has been shaping the theater world for over 50 years - as a director, painter, set and costume designer.","Achim Freyer has been shaping the theater world for over 50 years - as a director, painter, set and costume designer. The composer and sound artist Alvin Curran is similarly busy."
https://www.hoerspielundfeature.de/der-legendenseher-erinnerungen-an-sergej-paradschanow-dlf-ffd60d9f-100.html,Der Legendenseher,2024,DLF/DLF Kultur,Armenian,"Guthmann, Daniel",medium,first named figure in description,"In his films he brings Armenian, Georgian, Ukrainian and Azerbaijani legends to new life.","In his films he brings Armenian, Georgian, Ukrainian and Azerbaijani legends to new life. The Soviet cultural bureaucracy harassed him for this."
https://www.hoerspielundfeature.de/erinnerungen-an-sergei-paradschanow-der-legendenseher-100.html,Der Legendenseher,2024,DLF/DLF Kultur,Sergei Paradschanow,Daniel Guthmann,high,opening biographical apposition,"Sergei Paradschanow, der Künstler, der unter Sowjetunterdrückung und aufkommendem Nationalismus seine Leidenschaft für multikulturelle Geschichten bewahrte.","In his films he brings Armenian, Georgian, Ukrainian and Azerbaijani legends to new life. The Soviet cultural bureaucracy harassed him for this."
https://www.hoerspielundfeature.de/maestro-der-comebacks-100.html,Maestro der Comebacks,2024,DLF/DLF Kultur,João Carlos Martins,Jean-Claude Kuner,high,portrait phrase,"Portrait of the Brazilian pianist and conductor João Carlos Martins, who is one of the great, unfairly forgotten Bach interpreters of the 20th century.","Portrait of the Brazilian pianist and conductor João Carlos Martins, who is one of the great, unfairly forgotten Bach interpreters of the 20th century. A life story as unusual as his music."
https://www.hoerspielundfeature.de/mysterioeser-tiefton-es-brummt-100.html,Es brummt,2025,DLF/DLF Kultur,Beate Mayer went in search,Beate Mayer,medium,role/name phrase,"The mysterious low tone, which only a few people can hear, is a mystery - neither the source nor the cause are yet known.","The mysterious low tone, which only a few people can hear, is a mystery - neither the source nor the cause are yet known. The author Beate Mayer went in search of the humming sound."
https://www.hoerspielundfeature.de/der-fall-padura-100.html,Der Fall Padura,2025,DLF/DLF Kultur,A famous author whose work,Peter B. Schumann,medium,generic protagonist phrase,A famous author whose work is hushed up by the media in his own country.,"A famous author whose work is hushed up by the media in his own country. Leonardo Padura has revived the Cuban crime novel genre. Between international success and ostracism, Padura leads an eventful life."
https://www.hoerspielundfeature.de/portrait-einer-jaegerin-weidwerk-100.html,Weidwerk,2022,DLF/DLF Kultur,Jägerin Pauline de Bok,Rilo Chmielorz,high,portrait phrase,Archiv Porträt einer Jägerin Weidwerk 53:14 Minuten Porträt der Jägerin Pauline de Bok.,The happy hormones come when you shoot. When they are eviscerated they become even stronger. At the age of 55 she got her hunting license. To understand yourself as part of nature.
https://www.hoerspielundfeature.de/portrait-sven-ingo-koch-100.html,Vom Glück der Abwechslung,2021,DLF/DLF Kultur,Vom Glück der Abwechslung,Nora Bauer,high,title/caption portrait phrase,Portrait des Komponisten Sven-Ingo Koch - Vom Glück der Abwechslung,The composer Sven-Ingo Koch about the challenges and joys of working with radio works.
https://www.hoerspielundfeature.de/eine-jugend-am-rand-der-grossstadt-kevin-100.html,Kevin,2021,DLF/DLF Kultur,Kevin Von Massimo Maio,Massimo Maio,medium,curated title fallback + full-name expansion,How do children and young people grow up on the outskirts of the city?,How do children and young people grow up on the outskirts of the city?
https://www.hoerspielundfeature.de/frauenstimmen-portrait-der-sexualwissenschaftlerin-100.html,"Die Pionierin der Sexualwissenschaft, Charlotte Wolff, bittet um die Hand",2021,DLF/DLF Kultur,Charlotte Wolff,Ursula Krechel,high,manual override,"A portrait of Charlotte Wolff: physician, emigrant, friend of Walter Benjamin and Franz Hessel, and an early theorist of lesbianism.","In 1979, an 82-year-old emigrant from England traveled to the Women's University in Berlin. A doctor who worked in maternity care in the 1920s and was friends with Walter Benjamin and Franz Hessel."
https://www.hoerspielundfeature.de/portrait-des-hoerspiel-komponisten-dietrich-petzold-100.html,Sprachmusik,2021,DLF/DLF Kultur,Dietrich Petzold,Nora Bauer,high,title/caption portrait phrase,Portrait des Hörspiel-Komponisten Dietrich Petzold - Sprachmusik,"For Dietrich Petzold, the sound of the words is particularly important in his radio work compositions; this 'speech music' inspires him to create instrumental compositions. Nora Bauer about the sound artist who uses his invented instruments to create sounds that make objects or events audible."
https://www.hoerspielundfeature.de/hoerspielmagazin-04-21-neues-aus-der-welt-der-akustischen-100.html,Neues aus der Welt der Akustischen Kunst,2021,DLF/DLF Kultur,Dietrich Petzold,"Küchler, Sabine",medium,role/name phrase in description,"We portray the radio work musician Dietrich Petzold, continue our history of radio work dramaturgy and take a look at interesting new productions in April.","We portray the radio work musician Dietrich Petzold, continue our history of radio work dramaturgy and take a look at interesting new productions in April."
https://www.hoerspielundfeature.de/portrait-der-tuerkische-komponist-emre-duendar-100.html,Der türkische Komponist Emre Dündar,2021,DLF/DLF Kultur,Emre Dündar,Franziska Buhre,medium,role/name phrase in description,"As a performer, the Turkish composer Emre Dündar deals primarily with language, creating poems written from sounds, recited poetry, stories or singing.","As a performer, the Turkish composer Emre Dündar deals primarily with language, creating poems written from sounds, recited poetry, stories or singing."
https://www.hoerspielundfeature.de/hoerspielmagazin-02-21-neues-aus-der-welt-der-akustischen-100.html,Neues aus der Welt der Akustischen Kunst,2021,DLF/DLF Kultur,Emre Dündar,Moderation: Anna Seibt,high,portrait phrase,"You can expect acoustic impressions from different cultures: an interview about the radio work of the month for November “Atlas”, which deals with the fate of Vietnamese immigrants in Germany, a portrait of the Turkish composer Emre Dündar and a new episode of our series “History of radio work dramaturgy.","You can expect acoustic impressions from different cultures: an interview about the radio work of the month for November “Atlas”, which deals with the fate of Vietnamese immigrants in Germany, a portrait of the Turkish composer Emre Dündar and a new episode of our series “History of radio work dramaturgy."
https://www.hoerspielundfeature.de/hoerspielmagazin-09-20-portrait-martin-schuetz-podcast-dlf-8320ec4f-100.html,Hörspielmagazin 09/20: Portrait Martin Schütz (Podcast),2020,DLF/DLF Kultur,Classics,"Bauer, Nora",medium,first named figure in description,"Classics of literature, exciting dramas, entertaining stories and innovative sound art.","Classics of literature, exciting dramas, entertaining stories and innovative sound art. There are great stories, strong voices and fine sounds here - radio works from Deutschlandfunk and Deutschlandfunk Kultur."
https://www.hoerspielundfeature.de/hoerspielmagazin-08-20-portrait-hardy-kurda-podcast-dlf-09bde680-100.html,Hörspielmagazin 08/20: Portrait Hardy Kurda (Podcast),2020,DLF/DLF Kultur,Classics,"Klatte, Tina",medium,first named figure in description,"Classics of literature, exciting dramas, entertaining stories and innovative sound art.","Classics of literature, exciting dramas, entertaining stories and innovative sound art. There are great stories, strong voices and fine sounds here - radio works from Deutschlandfunk and Deutschlandfunk Kultur."
https://www.hoerspielundfeature.de/hoerspielmagazin-07-20-portrait-annika-von-trier-podcast-dlf-8d98c01c-100.html,Hörspielmagazin 07/20: Portrait AnniKa von Trier (Podcast),2020,DLF/DLF Kultur,Classics,"Bauer, Nora",medium,first named figure in description,"Classics of literature, exciting dramas, entertaining stories and innovative sound art.","Classics of literature, exciting dramas, entertaining stories and innovative sound art. There are great stories, strong voices and fine sounds here - radio works from Deutschlandfunk and Deutschlandfunk Kultur."
https://www.hoerspielundfeature.de/hoerspielmagazin-06-20-portrait-volkan-t-podcast-dlf-b38182b7-100.html,Hörspielmagazin 06/ 20 - Portrait Volkan T(Podcast),2020,DLF/DLF Kultur,Classics,"Murrenhoff, Sarah",medium,first named figure in description,"Classics of literature, exciting dramas, entertaining stories and innovative sound art.","Classics of literature, exciting dramas, entertaining stories and innovative sound art. There are great stories, strong voices and fine sounds here - radio works from Deutschlandfunk and Deutschlandfunk Kultur."
https://www.hoerspielundfeature.de/hoerspielmagazin-06-20-neues-aus-der-welt-der-akustischen-100.html,Neues aus der Welt der akustischen Kunst,2020,DLF/DLF Kultur,Benjamin Maack,"Küchler, Sabine",medium,first named figure in description,"In this issue we present the radio work of the month: “If it still works, it can’t be that bad” by Benjamin Maack.","In this issue we present the radio work of the month: “If it still works, it can’t be that bad” by Benjamin Maack. We critically examine the new productions in June and get to know the musician, performer and radio-work maker Volkan T."
https://www.hoerspielundfeature.de/40-jahre-freie-republik-wendland-ausgrabung-einer-utopie-100.html,Ausgrabung einer Utopie,2020,DLF/DLF Kultur,The Free Republic of Wendland,Rosa Hannah Ziegler,medium,curated title override,"In May 1980, the utopia became reality for a few days: the anti-nuclear movement proclaimed the Free Republic of Wendland.","In May 1980, the utopia became reality for a few days: the anti-nuclear movement proclaimed the Free Republic of Wendland. Today, archaeologists are digging for remnants of this primal moment of the alternative scene into which the author was born."
https://www.hoerspielundfeature.de/tagebuecher-eines-radikalen-kuenstlers-im-schatten-des-100.html,Im Schatten des amerikanischen Traums,2020,DLF/DLF Kultur,David Wojnarowicz,Jean-Claude Kuner,medium,role/name phrase in description,New York artist David Wojnarowicz has never had so much attention.,"New York artist David Wojnarowicz has never had so much attention. In the 1980s he was part of the New York underground. Today his radical, political art is more in demand than ever, and not just in the USA."
https://www.hoerspielundfeature.de/jane-eyre-teil-1-wiederholung-100.html,Jane Eyre (1/3),2026,DLF/DLF Kultur,Charlotte Brontë,dem gleichnamigen Roman von Charlotte Brontë,high,portrait phrase,Archiv Hörspiel nach Charlotte Brontë Jane Eyre (1/3) Porträt der britischen Schriftstellerin Charlotte Brontë (1816-1855) © imago stock&people Nach dem gleichnamigen Roman von Charlotte Brontë | 05.03.2023 Link kopieren/teilen Der Link wurde in die Zwischenablage kopiert.,Jane Eyre (1/3) - radio work based on Charlotte Brontë • Classic • A novel about female self-determination: It tells the life story of a woman in the 19th century who fights for her freedom and autonomy - successfully despite much resistance.
https://www.hoerspielundfeature.de/albatros-100.html,Albatros,2026,DLF/DLF Kultur,Love,Mario Willms,medium,first named figure in description,"Love story • Robert, without a permanent home but with a positive attitude towards life, moves through Berlin at night and tells his life story: of involuntary fame, of the ethos of the homeless, of love and other afflictions.","Love story • Robert, without a permanent home but with a positive attitude towards life, moves through Berlin at night and tells his life story: of involuntary fame, of the ethos of the homeless, of love and other afflictions."
https://www.hoerspielundfeature.de/feature-bruder-eine-geschichte-in-drei-teilen-100.html,BRUDER. Eine deutsch-litauische Geschwistergeschichte ,2022,DLF/DLF Kultur,Lithuania,Jurate Braginaite,medium,first named figure in description,"For both of them it took them from Lithuania to Germany, for him back and forth to prison.","For both of them it took them from Lithuania to Germany, for him back and forth to prison. Their lives were different: at 36, he saw the inside of more prison cells than he could count."
https://www.hoerspielundfeature.de/wolfgang-ein-leben-auf-20000-kassetten-100.html,Wolfgang – Ein Leben auf 20.000 Kassetten	,2025,DLF/DLF Kultur,After,Christian Collet,medium,first named figure in description,"After the death of Berlin bank employee Wolfgang Seelbinder, radio archivist Christian Collet came across his life story - recorded on 20,000 cassettes.","After the death of Berlin bank employee Wolfgang Seelbinder, radio archivist Christian Collet came across his life story - recorded on 20,000 cassettes."
https://www.hoerspielundfeature.de/amerika-der-traeume-100.html,Amerika der Träume ,2023,DLF/DLF Kultur,Thomas David,Thomas David,medium,role/name phrase in description,"Shortly before Auster's 75th birthday on February 3rd, feature writer Thomas David visited the writer in New York and spoke to him about his “America of dreams.”.","Shortly before Auster's 75th birthday on February 3rd, feature writer Thomas David visited the writer in New York and spoke to him about his “America of dreams.”."
https://www.hoerspielundfeature.de/generation-u-100.html,Generation U,2026,DLF/DLF Kultur,Ukraine,Inga Lizengevic,medium,first named figure in description,"350,000 children have also fled Ukraine to Germany since 2022.","350,000 children have also fled Ukraine to Germany since 2022. After three and a half years, many are wondering where their future lies. Some long for home despite the war."
https://www.hoerspielundfeature.de/erzaehlen-wie-es-weitergeht-100.html,"Erzählen, wie es weitergeht",2026,DLF/DLF Kultur,"Einsamkeit Erzählen, wie es weitergeht 50",Jürgen Becker,medium,about phrase,"Hörspiel über Einsamkeit Erzählen, wie es weitergeht 50:51 Minuten Bedeutet Erleben den ständigen Abgleich mit dem bereits Erlebten?",Literature • Who are we when we are alone? How do our memories guide our consciousness? The radio work by Büchner Prize winner Jürgen Becker sharpens our awareness of processes of experience.
https://www.hoerspielundfeature.de/heimgesucht-100.html,Heimgesucht,2025,DLF/DLF Kultur,Johannaberg Heimgesucht,Silas Degen,medium,first named figure in description + full-name expansion,"In the Johannaberg children's health home near Detmold, children who were deported had to experience homesickness, fear and violence.","In the Johannaberg children's health home near Detmold, children who were deported had to experience homesickness, fear and violence. Decades later, a group of contemporary witnesses set out on a journey."
https://www.hoerspielundfeature.de/doku-drops-6-old-tapes-100.html,doku drops 6: Old Tapes,2025,DLF/DLF Kultur,They,Zusammenstellung und Moderation: Judith Geffert und Ingo Kottkamp,medium,first named figure in description,"They lie dormant in attics, in drawers and on old hard drives: recordings that haven't been listened to for a long time.","They lie dormant in attics, in drawers and on old hard drives: recordings that haven't been listened to for a long time. In our short documentaries, the dust is wiped off the cassette cover and half-forgotten voices come to life again."
https://www.hoerspielundfeature.de/hoerspiel-des-monats-september-2025-der-afrik-100.html,Der Afrik,2026,DLF/DLF Kultur,Sven Recker,dem gleichnamigen Roman von Sven Recker,medium,role/name phrase in description,Hörspiel des Monats September 2025 Der Afrik Der Autor Sven Recker hat hinter die Idylle des badischen Weindorfs Pfaffenweiler geblickt.,"From the Black Forest to Algeria and back. An exiled outsider wants to take revenge on his home village, the wine village of Pfaffenweiler in Baden, which lured him to Algeria with false promises."
https://www.hoerspielundfeature.de/warum-vergessen-wir-dinge-100.html,Warum vergessen wir Dinge?,2025,DLF/DLF Kultur,Forgetting and memory,"Braun, Babette",medium,curated title override,There are reasons why we can't remember everything and forgetting can sometimes even be really useful.,There are reasons why we can't remember everything and forgetting can sometimes even be really useful.
https://www.hoerspielundfeature.de/hoerspiel-des-monats-juni-2025-schwebende-bruecken-100.html,Schwebende Brücken,2026,DLF/DLF Kultur,Floating Bridges,Maike Wetzel,medium,first named figure in description,The radio work “Floating Bridges” was chosen as the radio work of the month for June 2025 by the Academy of Performing Arts.,The radio work “Floating Bridges” was chosen as the radio work of the month for June 2025 by the Academy of Performing Arts.
https://www.hoerspielundfeature.de/konsum-und-konkurs-abschiedstour-durchs-warenhaus-2-6-100.html,Damenabteilung,2025,DLF/DLF Kultur,Das Warenhaus,Manuel Gogos und Christoph Spittler,high,opening named biographical sentence,"Das Warenhaus ist ein eigener Kosmos, der Ort bürgerlichen Konsums.","The authors get lost in the women's section. In Troisdorf near Cologne, 150 former Hertie saleswomen are meeting for a revival. The branch closed 40 years ago."
https://www.hoerspielundfeature.de/kindheit-und-jugend-alleestrasse-100.html,Alleestraße,2026,DLF/DLF Kultur,Growing,Hörspiel von Roland E. Koch,medium,first named figure in description,"Growing up in the Ruhr area in the 60s and 70s: cramped conditions, the speechlessness of a middle-class nuclear family, the violence in the internally damaged post-war society.","Growing up in the Ruhr area in the 60s and 70s: cramped conditions, the speechlessness of a middle-class nuclear family, the violence in the internally damaged post-war society."
https://www.hoerspielundfeature.de/hoerspiel-ueber-koeln-die-stadt-und-die-stimmen-100.html,Die Stadt und die Stimmen,2025,DLF/DLF Kultur,Köln Die Stadt,Hörstück von Karl-Heinz Stevens mit Texten von Jürgen Becker,medium,about phrase + full-name expansion,Archiv Hörspiel über Köln Die Stadt und die Stimmen 49:43 Minuten Wie klingt Köln?,"""Out and about in the city that I think I know well. Soon I realize that I'm wrong. What I still know are memories of the city."" (Jürgen Becker)."
https://www.hoerspielundfeature.de/ein-mongolisches-roadmovie-rueckkehr-der-zauberfloete-100.html,Rückkehr der Zauberflöte,2024,DLF/DLF Kultur,Anne-Katrin Probst,Mario Bandi,high,opening named biographical sentence,Anne-Katrin Probst was born in Ulan Bator.,"Anne-Katrin Probst was born in Ulan Bator. Her parents returned to the GDR from their relief mission for socialist Mongolia when she was two years old. It is full of images, sounds, stories from a magical land, beautiful and terrible at the same time."
https://www.hoerspielundfeature.de/also-muss-ich-ueberleben-100.html,Also muss ich überleben!,2026,DLF/DLF Kultur,Savita Wagner,Manfred Bonson,medium,first named figure in description,"She doesn't just want to watch: When war breaks out, Savita Wagner goes to Ukraine to help.","She doesn't just want to watch: When war breaks out, Savita Wagner goes to Ukraine to help. As a medic at the front, she saves many wounded people. Until she is fatally hit by shrapnel."
https://www.hoerspielundfeature.de/wer-war-anne-frank-100.html,Wer war Anne Frank?,2025,DLF/DLF Kultur,Anne Frank,"Voss, Regina",medium,first named figure in description,"Anne Frank became world famous primarily because of her diary, which she kept in the secret annex in Amsterdam.","Anne Frank became world famous primarily because of her diary, which she kept in the secret annex in Amsterdam. But Anne also wrote stories."
https://www.hoerspielundfeature.de/herzbefellt-lyrischer-nachruf-auf-friederike-mayroecker-100.html,"HERZBEFELLT, ein Nachrufen",2025,DLF/DLF Kultur,Frieda Paris,Frieda Paris,medium,role/name phrase in description,Poetry • The young author Frieda Paris writes an obituary for the famous Friederike Mayröcker.,Poetry • The young author Frieda Paris writes an obituary for the famous Friederike Mayröcker. About an intimate creative process and a poetic discussion.
https://www.hoerspielundfeature.de/krimi-die-vier-soehne-des-dr-march-100.html,Die vier Söhne des Dr. March,2024,DLF/DLF Kultur,Ein Hausmädchen,Brigitte Aubert,medium,generic protagonist phrase,Ein Hausmädchen findet das Tagebuch eines Triebtäters.,"The housemaid Jeanie comes across the diary of a sex offender. The murderer is one of her employer's four sons. In the middle of her research, she finds herself caught up in a sadistic hunt."
https://www.hoerspielundfeature.de/schiessbuden-haben-noch-immer-einen-reiz-fuer-mich-100.html,Schießbuden haben noch immer einen Reiz für mich,2026,DLF/DLF Kultur,Ré Soupault,Hörstück mit unveröffentlichten Texten von Ré Soupault von Andra Joeckle,high,role phrase names subject,The artist Ré Soupault cycles through a post-war Germany in ruins.,"The artist Ré Soupault cycles through a post-war Germany in ruins. Like the country, Ré is also on the move. Andra Joeckle stages the German-French artist's logbook, and we pedal along."
https://www.hoerspielundfeature.de/zwischen-allen-stuehlen-3-3-100.html,Zwischen allen Stühlen (3/3),2026,DLF/DLF Kultur,Victor Klemperer,Victor Klemperer,medium,named subject action,"Contemporary document • The last chapter of a bourgeois humanist's life: Victor Klemperer keeps a constant diary, writing about personal tragedies and his everyday life in the GDR.","Contemporary document • The last chapter of a bourgeois humanist's life: Victor Klemperer keeps a constant diary, writing about personal tragedies and his everyday life in the GDR."
https://www.hoerspielundfeature.de/zwischen-allen-stuehlen-2-3-100.html,Zwischen allen Stühlen (2/3),2026,DLF/DLF Kultur,Contemporary,Victor Klemperer,medium,first named figure in description,"Contemporary document • ""I have been disrespected more than a dog.","Contemporary document • ""I have been disrespected more than a dog. They are now trying to get me by all means possible. What will happen tomorrow?"" The philologist Victor Klemperer records his life in the young GDR."
https://www.hoerspielundfeature.de/die-tagebuecher-des-victor-klemperer-teil-5-100.html,Zeugnis ablegen (2/6),2024,DLF/DLF Kultur,Contemporary,Victor Klemperer,medium,first named figure in description,"Contemporary document • ""I have the impression that an explosion is imminent.","Contemporary document • ""I have the impression that an explosion is imminent. I expect pogroms, ghetto, money and house confiscation. Rather: I expect nothing."" Klemperer meticulously documents his everyday life under National Socialism."
https://www.hoerspielundfeature.de/flog-ein-vogel-federlos-100.html,Flog ein Vogel federlos,2024,DLF/DLF Kultur,Magersucht Flog ein Vogel federlos 76,Christine Nagel,medium,about phrase,"Archiv Hörspiel über Magersucht Flog ein Vogel federlos 76:10 Minuten Ein nahezu stummes Mädchens, entzieht sich durch Essensverweigerung den gesellschaftlichen Normen und Ängsten und spricht nur noch mit sich selbst in ihrem Tagebuch.","Literature • A small town in the mid-80s. A perfect family in their little world. Chernobyl, rearmament and environmental destruction have no place there. Then the daughter disappears into herself."
https://www.hoerspielundfeature.de/tagebuch-wh-100.html,Tagebuch 1985–1989,2026,DLF/DLF Kultur,Sándor Márai,Sándor Márai,medium,role/name phrase in description,"Literary document • The diaries of the writer Sándor Márai are the record of a great love and at the same time a merciless reflection on the last things: loneliness, illness, death.","Literary document • The diaries of the writer Sándor Márai are the record of a great love and at the same time a merciless reflection on the last things: loneliness, illness, death."
https://www.hoerspielundfeature.de/liebe-in-zeiten-der-schichtarbeit-dlf-c483e783-100.html,Liebe in Zeiten der Schichtarbeit,2023,DLF/DLF Kultur,Leipzig,"Raabe, Marcel; Waltz, Manuel",medium,first named figure in description,The clearing out of a house in a former working-class district of Leipzig unearths a notebook.,"The clearing out of a house in a former working-class district of Leipzig unearths a notebook. It's full of scribbled vows of love, cooking recipes and failed attempts at dating."
https://www.hoerspielundfeature.de/meine-liebe-aenne-wh-100.html,Meine liebe Änne!,2023,DLF/DLF Kultur,Ricarda Bethke,Ricarda Bethke,high,autobiographical description uses author,Autobiography • Only after her mother's death did Ricarda Bethke find out about her forced sterilization in 1942.,"Autobiography • Only after her mother's death did Ricarda Bethke find out about her forced sterilization in 1942. Using letters and documents, the author traces a life that maintains silence after the injustice she suffered."
https://www.hoerspielundfeature.de/elterntagebuecher-aus-zwei-jahrhunderten-erinnern-und-100.html,Erinnern und verklären,2023,DLF/DLF Kultur,Every,Almut Schnerring und Sascha Verlan,medium,first named figure in description,"""Every great time requires great and tough people, great in ability, character and faith.","""Every great time requires great and tough people, great in ability, character and faith. We want to educate you for this..."" (for Hans-Martin, 1939). - record the thoughts and feelings that come to them after the arrival of their child, form a memory book, a guide for the adolescents."
https://www.hoerspielundfeature.de/freistil-natur-an-autorin-100.html,Natur an Autorin - Autorin an Natur,2024,DLF/DLF Kultur,Nature Writing,Elke Heinemann,high,opening named biographical sentence,Nature Writing ist mehr als Naturlyrik.,Nature writing is more than nature poetry. It is the literary response to the age of the Anthropocene. Author Elke Heinemann succeeds in a self-experiment in the tradition of Henry David Thoreau's “Walden”.
https://www.hoerspielundfeature.de/ein-deutsch-deutsches-seniorenhaus-und-seine-geschichten-100.html,Zeitenwende,2022,DLF/DLF Kultur,West,Heike Tauch,medium,first named figure in description,West and East biographies meet in a facility for seniors.,West and East biographies meet in a facility for seniors. A place of expected stories? What people tell about their lives is much richer and more complex.
https://www.hoerspielundfeature.de/hoerspiel-des-monats-mai-2025-lele-100.html,LÉLÉ,2026,DLF/DLF Kultur,A man,Sathyan Ramesh,medium,generic protagonist phrase,A man writes a thank you letter.,"A man writes a thank you letter. ""Lélé"" is the fictional exchange of letters between two people who couldn't be more different and couldn't live either."
https://www.hoerspielundfeature.de/hoerspiel-ost-west-frauenbilder-schubladen-100.html,Schubladen,2025,DLF/DLF Kultur,Biographies,She She Pop,medium,first named figure in description,"Biographies • Six women – three who grew up in the East, three in the West of Germany – open their drawers.","Biographies • Six women – three who grew up in the East, three in the West of Germany – open their drawers. By showing and comparing letters, diaries, photos and sounds, they want to get to know each other better."
https://www.hoerspielundfeature.de/hoerspiel-des-monats-oktober-2024-kein-koenig-in-israel-100.html,Kein König in Israel,2026,DLF/DLF Kultur,"Jewish identity, the writer Jossl Brenner",Maxim Biller,medium,about phrase,"Maxim Biller's documentary fiction about Jewish identity, the writer Jossl Brenner, who was murdered more than 100 years ago, and the anti-Jewish pogroms in Palestine in 1921.","Maxim Biller's documentary fiction about Jewish identity, the writer Jossl Brenner, who was murdered more than 100 years ago, and the anti-Jewish pogroms in Palestine in 1921."
https://www.hoerspielundfeature.de/hauptsache-hoerspiel-folge-dlf-649e2aee-100.html,Hauptsache Hörspiel - Folge 25,2024,DLF/DLF Kultur,Folge,"Steger, Hanna/ Malotki, Max von",low,curated title fallback,"When two clever writers write letters to each other for years, it's relatively logical that it can turn into a very entertaining book.","When two clever writers write letters to each other for years, it's relatively logical that it can turn into a very entertaining book."
https://www.hoerspielundfeature.de/feature-briefe-an-mich-schelander-100.html,Briefe an mich,2024,DLF/DLF Kultur,What,Esther Schelander,medium,first named figure in description,“What shaped my sexuality?” The author asks herself this based on letters that she has written to herself since her youth.,"“What shaped my sexuality?” The author asks herself this based on letters that she has written to herself since her youth. She looks for answers in the pop culture relics of the nineties, in BRAVO magazines, Hollywood films and pop songs."
https://www.hoerspielundfeature.de/der-schatten-des-meisters-teil-2-auf-goethes-spuren-100.html,Der Schatten des Meisters (2/2),2026,DLF/DLF Kultur,Goethe und Lenz werden in,"dem Roman ""Der rote Domino"" von Marc Buhl",medium,source-material by named subject,Geheime Briefe von Goethe und Lenz werden in Petersburg gestohlen.,Literary expert Udo Stahl follows the trail of the missing student Bettina B. Secret letters between Goethe and Lenz were stolen from an archive here. What does the missing doctoral student know about stolen art?
https://www.hoerspielundfeature.de/wirklichkeit-im-radio-mein-partner-hansipiepchen-100.html,Mein Partner Hansipiepchen,2024,DLF/DLF Kultur,Letters,Charlotte Niemann und Matthias Niemann,medium,first named figure in description,Letters to the children that are never answered.,Letters to the children that are never answered. Our series “Reality on the Radio” is dedicated to “Types” these months.
https://www.hoerspielundfeature.de/strafkolonie-der-frauen-politische-gefangene-in-belarus-berichten-dlf-91c85c1b-100.html,Strafkolonie der Frauen,2024,DLF/DLF Kultur,Contact with the outside world,"Lizengevic, Inga",medium,named subject action,Contact with the outside world is hardly possible.,"Contact with the outside world is hardly possible. If relatives pass on information, they and the inmates are threatened with reprisals. Lukashenko's regime is making political prisoners disappear."
https://www.hoerspielundfeature.de/strafkolonie-der-frauen-100.html,Strafkolonie der Frauen,2024,DLF/DLF Kultur,Contact with the outside world,Inga Lizengevic,medium,named subject action,Contact with the outside world is hardly possible.,"Contact with the outside world is hardly possible. If relatives pass on information, they and the inmates are threatened with reprisals. Lukashenko's regime is making political prisoners disappear."
https://www.hoerspielundfeature.de/goodbye-stranger-teil-2-100.html,Korallenpilz,2024,DLF/DLF Kultur,Felizitas Stilleke,Podcastserie von Felizitas Stilleke und Conrad Rodenberg,medium,first named figure in description + full-name expansion,Felizitas and Conrad's fathers were also absent during their lifetime and before the illness.,Felizitas and Conrad's fathers were also absent during their lifetime and before the illness. But where were they all this time when they weren't with their children?
https://www.hoerspielundfeature.de/jedes-jahr-hat-er-viel-zu-tun-159-gibt-es-den-100.html,Gibt es den Weihnachtsmann wirklich?,2022,DLF/DLF Kultur,Jedes Jahr,Mit Patricia und Merle,high,opening named biographical sentence,Jedes Jahr hat er viel zu tun Gibt es den Weihnachtsmann wirklich?,"Even if you can't always really see him, all children know that he exists. But how do you actually recognize the real Santa Claus?"
https://www.hoerspielundfeature.de/frauenstimmen-moegen-sie-emily-dickinson-100.html,Mögen Sie Emily Dickinson?,2023,DLF/DLF Kultur,Emily Dickinson,"Kai Grehn, nach Briefen und Gedichten von Emily Dickinson",high,manual override,A radio work based on letters and poems by Emily Dickinson.,"Only seven of her poems were published during her lifetime, but Emily Dickinson's estate includes almost 1,800 texts. It was also long considered an insider tip in Germany."
https://www.hoerspielundfeature.de/ernst-ludwig-kirchner-inside-out-hw-100.html,Ernst Ludwig Kirchner – Inside Out,2023,DLF/DLF Kultur,Ernst Ludwig Kirchner,Elke Heinemann,high,title names subject,Ernst Ludwig Kirchner – Inside Out,"Experimental documentary fiction • The audio picture collages excerpts from Ernst Ludwig Kirchner's diaries and sketchbooks with witness statements and letters to his friend, doctor and collector Dr. farmer."
https://www.hoerspielundfeature.de/feature-lisa-der-nerd-100.html,"Lisa, der Nerd und die Unsichtbaren",2023,DLF/DLF Kultur,Programming first,Esther Schelander,medium,named subject action,"“Programming first had to be made male,” writes computer historian Nathan Ensmeger.","“Programming first had to be made male,” writes computer historian Nathan Ensmeger. Because in the beginning, programming was a woman's job."
https://www.hoerspielundfeature.de/reihe-wirklichkeit-im-radio-gar-nicht-so-einfach-sich-am-100.html,"Gar nicht so einfach, sich am Leben vorbeizuschleifen ",2020,DLF/DLF Kultur,Original,Andreas Schroth und Gabriele Thaler,medium,first named figure in description,"Original sound from 1981: Erich Graf, 85 years old, is the last scissor grinder in Berlin.","Original sound from 1981: Erich Graf, 85 years old, is the last scissor grinder in Berlin. He goes whistling through the backyards and offers his services. His memories go back to the imperial era."
https://www.hoerspielundfeature.de/der-dichter-richard-o-moore-leben-ist-leben-tod-ist-tod-100.html,Leben ist Leben – Tod ist Tod,2021,DLF/DLF Kultur,Richard O.,Martina Groß,medium,first named figure in description,How can the work of Richard O.,How can the work of Richard O. What characterizes his poetic legacy? And what did he experience as a contemporary witness to the literary movement of the San Francisco Renaissance in the 1940s?
https://www.hoerspielundfeature.de/das-feature-aufraeumen-oder-der-abschied-von-der-dissidenz-100.html,Aufräumen oder Der Abschied von der Dissidenz,2001,DLF/DLF Kultur,Classics,Lutz Rathenow,medium,first named figure in description,"Classics of literature, exciting dramas, entertaining stories and innovative sound art.","Classics of literature, exciting dramas, entertaining stories and innovative sound art. There are great stories, strong voices and fine sounds here - radio works from Deutschlandfunk and Deutschlandfunk Kultur."
https://www.hoerspielundfeature.de/pitch-deine-doku-idee-100.html,Pitch' Deine Doku-Idee,2026,DLF/DLF Kultur,Pitch,,low,curated title fallback,Do you have an idea for a radio documentary?,"Do you have an idea for a radio documentary? Deutschlandfunk and Deutschlandfunk Kultur are looking for exciting topics for political, social and cultural formats."
