source_url,title,source,short_description,extraction_method
https://hoerspiele.dra.de/detailansicht/1356662,Brasil,DRA,"Im Jahre 1500 wurde Brasilien für die portugiesische Krone in Besitz genommen. In den folgenden Jahrhunderten - 1889 wurde das Land Republik - bedienten sich die Kolonisatoren aus seinen Vorräten: sie schleppten schwarze Sklaven, Europa, das Christentum nebst Barock ins Land, sie schleppten Gold, Diamanten, Kaffee heraus.",html:dra
https://hoerspiele.dra.de/detailansicht/1356564,Das unheilvolle Porträt,DRA,"Hans Magnus Enzenberger setzt die Reihe seiner Hörspieladaptionen der Weltliteratur fort mit einem Text des großen französischen Aufklärers Denis Diderot (1713-1784). ""Das kleine Stück beruht auf einem fragmentarischen Text von Diderot, der erst 1953 aufgefunden und veröffentlicht worden ist.",html:dra
https://hoerspiele.dra.de/detailansicht/1356916,Die verlorenen Spuren (2. Teil),DRA,"Vorlage: Die verlorenen Spuren (Roman, spanisch) Übersetzung: Anneliese Botond Bearbeitung (Wort): Heinz von Cramer Komposition: Heinz von Cramer Technische Realisierung: Günther Kasper, Gabriele Röhrig",html:dra
https://hoerspiele.dra.de/detailansicht/1356785,Marienbader Briefe,DRA,"Am 22. März 1832 starb Johann Wolfgang v. Goethe. Acht Jahre vor seinem Tod, während der Sommerferien im böhmischen Marienbad, hatte sich der berühmte Mann, mit immerhin schon 74 Jahren, in die 19jährige Ulrike v. Levetzow verliebt.",html:dra
https://hoerspiele.dra.de/detailansicht/1349346,Emma Goldmann - Die gefährlichste Frau der Welt,DRA,"Es ist die Lebensgeschichte einer der großen Frauen der internationalen Arbeiterbewegung und eine der faszinierendsten und menschlichsten Persönlichkeiten unter den Anarchisten der Jahrhundertwende: Sie kämpfte in Amerika für den 8-Stunden-Tag, für erträgliche Arbeitsbedingungen, für Geburtenkontrolle, für die Rechte der Frau und gegen Aufrüstung und Krieg.",html:dra
https://hoerspiele.dra.de/detailansicht/1356959,Tagebuch meiner Töne,DRA,"Pierre Henry war der erste professionelle Komponist, der das Komponieren im traditionellen Sinne (das Schreiben von Partituren) aufgab und sich konsequent der ""Kunst im Zeitalter der technischen Reproduzierbarkeit"" verschrieb: in der ""musique concrète"", die er zusammen mit Pierre Schaeffer begründete und deren führender Vertreter er bis heute geblieben…",html:dra
https://hoerspiele.dra.de/detailansicht/1357042,"""Nachwort eines Zauberers"" nach dem Hörspiel 'Cagliostro - Porträt eines Schriftstellers' von Karl Richard Tschon",DRA,Nachwort,html:dra
https://hoerspiele.dra.de/detailansicht/1356998,Biographie und Liebe,DRA,"Die Malerin Marion Froude hat berühmte Männer in Ost und West porträtiert und die unzugänglichen Prominenzen dazu gebracht, ihr zu sitzen. Dabei ist sie meist knapp bei Kasse.",html:dra
https://hoerspiele.dra.de/detailansicht/1357148,Fortsetzung einer Flucht - Ein autobiographisches Hörspiel,DRA,"Es gibt noch immer einige Tonband-besessene Autoren, die durch ihre Arbeit beweisen, daß die Möglichkeiten des Originaltonhörspiels längst nicht ausgeschöpft sind. Diesmal hat er ein O-Ton-Novum geschaffen: eine Autobiographie (Urform der epischen Mitteilung).",html:dra
https://hoerspiele.dra.de/detailansicht/1366276,Das Kranke Dorf oder: Vier Briefe aus L.,DRA,"Ein junger Mann gerät in ein Haus, das von Ratten überfallen wird. In dieser Geschichte prallt Wirklichkeit und Traum, Leben und Tod, Vernunft und Wahnsinn hart aufeinander.",html:dra
https://hoerspiele.dra.de/detailansicht/1369519,Ein Leben auf der Flucht vor der Koralle,DRA,"Ruth Frau, einst gefeierter Filmstar, später auf die schiefe Bahn geraten, ist ein Comeback gelungen. Sie ist wieder ""voll da"": Junge Regisseure arbeiten mit ihr, und die Jugend verehrt sie als ""irgendwie schrillen"" Kultstar.",html:dra
https://hoerspiele.dra.de/detailansicht/1369551,Mein Leben,DRA,"Johann Gottfried Seume, 1763 in einem Dorf in Sachsen geboren - Bauernsohn, hochbegabt, vom Pfarrer entdeckt, von einem Adligen gefördert, zur Schule und zur Universität geschickt, damit er Theologie studiere und Pfarrer werde: Der Universität entlaufen, der Heimat entlaufen, von den Hessen zwangsrekrutiert und als Soldat nach Amerika verkauft; heimkehrend…",html:dra
https://hoerspiele.dra.de/detailansicht/1369714,... is a dangerous number,DRA,"'Is a dangerous number' ist ein Porträt des Dramatikers, Kritikers und Dichters Amiri Baraka (LeRoi Jones). In Auszügen aus einem mehrstündigen Interview gibt Baraka Auskunft über sein wechselvolles Leben.",html:dra
https://hoerspiele.dra.de/detailansicht/1370391,"Vom Enden einer Liebe, einer Frau",DRA,"""Das Hörspiel basiert auf Texten, die den 17 Briefen entnommen sind, welche Susette Gontard zwischen 1798 und 1800 an Friedrich Hölderlin geschrieben hat, nachdem dieser wegen seiner Beziehung zu Susette von Jakob Gontard aus seiner Hofmeister-Stelle entfernt und des Hauses verwiesen worden war.",html:dra
https://hoerspiele.dra.de/detailansicht/1370564,"Hörspielwerkstatt - ""Wichtig ist auch die durchkomponierte Pause...""",DRA,"blendet man aus, blendet man die nächste Szene ein, schaffen wir Übergänge oder lassen wir's einfach hart aufhören? An sich war man damals doch auf die elegantere Form des Übergehens, des Fließens eingestellt und hat dadurch plötzlich dem Komponisten gesagt, 'da muß dir doch was einfallen!' und wenn's nur 'n Akzent wäre.",html:dra
https://hoerspiele.dra.de/detailansicht/1370331,Das Porträt,DRA,"Irgendwann Mitte der Fünfziger Jahre betritt ein Mann das Pariser Atelier des Bildhauers Alberto Giacometti. Er ist eben aus New York herübergekommen, um ein Porträt für die ""Art Review"" zu schreiben.",html:dra
https://hoerspiele.dra.de/detailansicht/1370867,John Cage,DRA,"Unter den zeitgenössischen Komponisten, die die Entwicklung des Hörspiels als autonome akustische Kunstform geprägt haben, ist John Gage der große Veteran. Ein Veteran, der seine Fähigkeit zur Erneuerung der akustischen Spielformen des Radios bis in jüngste Arbeiten erweist.",html:dra
https://hoerspiele.dra.de/detailansicht/1370870,Der Ohrenblick,DRA,"In der Dokumentation ""Der Ohrenblick"" erinnert sich Luc Ferrari gemeinsam mit seiner langjährigen Gefährtin und Mitarbeiterin Brunhild Meyer an die wichtigsten Stationen seiner Arbeit als Komponist und Hörspielmacher von der musique concrète zur anekdotischen Musik, wie Luc Ferrai die Methode seiner Tonbandkompositionen nennt, in denen die Realität den Ton…",html:dra
https://hoerspiele.dra.de/detailansicht/1370868,Mauricio Kagel,DRA,"Mauricio Kagel, 1931 in Buenos Aires geboren und seit den fünfziger Jahren in Köln lebend- arbeitete als Komponist und Regisseur schon früh im Grenzbereich von Musik, Sprache, Szene und Film und nutzte seit den sechziger Jahren die kreativen Möglichkeiten der Studio-Elektronik.",html:dra
https://hoerspiele.dra.de/detailansicht/1371042,Oktober-Nächte/Les nuits d'octobre,DRA,"In zehn Variationen wird das Leben Gérard de Nervals bis zu seinem Selbstmord umrissen; der zunehmende Wahn des Dichters, exemplifiziert an seiner Sprache, steht im Mittelpunkt des Hörspiels.",html:dra
https://hoerspiele.dra.de/detailansicht/1371169,"Lieber Piet, liebe Sandra",DRA,"Kurz vor dem Abitur ir dem Abitur ist ihr nichts Besseres eingefallen, als sich in Piet zu verlieben. Aber was tun, damit Piet es auch erfährt? Truck, der Sandra seit Jahren anhimmelt, Truck, das Ass in Deutsch...",html:dra
https://hoerspiele.dra.de/detailansicht/1371171,Von Herren und Knechten,DRA,"Lieber Herr Fecht (Komma, Absatz) ich hoffe (Komma) Sie haben sich in Ihrem neuen Heim gut eingelebt (Punkt) Nach Ihrem Auszug aus der Erdgeschoßwohnung in meinem Haus Erlenweg 19 gab es noch ein kleines Problem (Doppelpunkt) Sie haben nach erfolgter Renovierung der Wohnung die Gardinenschiene am Wohnzimmerfenster nicht wieder ordnungsgemäß befestigt…",html:dra
https://hoerspiele.dra.de/detailansicht/1371100,And what about me? Ein Porträt des Autors Raymond Federman,DRA,"Ein Porträt des Autors Raymond Federman als Version Nummer X der ebenso trivialen wie phantastischen Geschichte seines Lebens nach Selbstzeugnissen, Werkzitaten und Gesprächen erstellt von Herbert Kapfer",html:dra
https://hoerspiele.dra.de/detailansicht/1371173,"Amore, Amore",DRA,"Elsa, diplomierte Soziologin, arbeitet als ABrbeitet als ABM-Kraft in einer Versicherungsagentur. Neuerdings findet sie, von der Arbeit nachhause kommend, immer wieder dicke Briefe in ihrem Kasten, Briefe aus Catania in Sizilien.",html:dra
https://hoerspiele.dra.de/detailansicht/1371074,Die Courage des George Tabori,DRA,"Wenn George Tabori ein Stück schreibt oder inszeniert, sind die Bedenkenträger und Übelnehmer nicht weit. Das war so bei ""Kannibalen"", 1969 in Berlin, und 18 Jahre später war es noch immer so.",html:dra
https://hoerspiele.dra.de/detailansicht/1371238,Baal Babylon,DRA,"Der spanische Dichter Fernando Arrabal, geboren 1932 in Melilla in Spanisch-Marokko, hat mit ""Baal Babylon"" eine kunstvolle Autobiographie geschrieben. Sein Vater, ein Maler, wurde am Vorabend des spanischen Bürgerkriegs vom Militär verhaftet, möglicherweise von seiner Frau als 'Roter' denunziert.",html:dra
https://hoerspiele.dra.de/detailansicht/1371889,Mein Spaziergang nach Syrakus - Briefe an einen Freund (2. Teil: Annäherungen),DRA,"Über 180 Jahre, nachdem der Dichter Johann Gottfried Seume auf Schusters Rappen seinen berühmten ""Spaziergang nach Syrakus"" machte, brach der Berliner Autor Jürgen Liebing auf, mehrere Tausend Kilometer zu Fuß auf Seumes Spuren zurückzulegen, zu einem heutigen ""Spaziergang"" nach Syrakus in Sizilien.",html:dra
https://hoerspiele.dra.de/detailansicht/1371603,New York City,DRA,"""Ursprünglich wollte ich eine 'Audio-Kammersinfonie' schreiben, vergleichbar zu Dylan Thomas' 'Under Milk Wood' (1953) - ein liebevolles Portrait der Stadt, in der ich geboren wurde, aufwuchs und in der ich mein ganzes Leben gewohnt habe.",html:dra
https://hoerspiele.dra.de/detailansicht/1371888,Mein Spaziergang nach Syrakus - Briefe an einen Freund (1. Teil: Entfernungen),DRA,"Über 180 Jahre, nachdem der Dichter Johann Gottfried Seume auf Schusters Rappen seinen berühmten ""Spaziergang nach Syrakus"" machte, brach der Berliner Autor Jürgen Liebing auf, mehrere Tausend Kilometer zu Fuß auf Seumes Spuren zurückzulegen, zu einem heutigen ""Spaziergang"" nach Syrakus in Sizilien.",html:dra
https://hoerspiele.dra.de/detailansicht/1372064,Franz Kafka hört noch immer Radio und telefoniert mit schönen Frauen. Porträt eines Mannes vor dem Sterben,DRA,"""Wer hätte das gedacht, ein Jahrhundertereignis in unserer Familie"", läßt sich der Sohn eines Hundertjährigen vernehmen, für den sich die Medien interessieren.",html:dra
https://hoerspiele.dra.de/detailansicht/1372247,Fred von Hoerschelmann - Zum 10. Todestag des Hörspielautors,DRA,"Ein Essay anläßlich des 10. Todetages von Fred von Hoerschelmann, mit Ausschnitten aus vier seiner Hörspiele und zwei Interviews.",html:dra
https://hoerspiele.dra.de/detailansicht/1372252,Der Rundfunkmann Ernst Schnabel,DRA,"Ernst Schnabel, der Schriftsteller und Rundfunkautor, der literarische Förderer und Intendant des frühen Hamburger Rundfunks, starb im Januar diesen Jahres 72jährig in Berlin.",html:dra
https://hoerspiele.dra.de/detailansicht/1372270,Ein Schmuck für Momente - Helmut Käutner und das Hörspiel,DRA,"Daß Helmut Käutner zu den berühmtesten Regisseuren des deutschen Films gehört, ist allgemein bekannt. Daß er auch am Theater erfolgreich war, wissen nur einige. Daß er aber auch dem Nachkriegshörspiel wichtige Impulse gab, weiß kaum einer.",html:dra
https://hoerspiele.dra.de/detailansicht/1372504,Die Straße nach Lushoto. Tanzania - Notizen aus meinem Tagebuch,DRA,"""Die Straße nach Lushoto"" ist der eingestanden subjektive Versuch, das Problem der Zusammenarbeit Europäer - Afrikaner anhand des Entwicklungsprojektes LIDEP (Lushoto - Integrated Development Project) mit Gesprächen und Beobachtungen darzustellen.",html:dra
https://hoerspiele.dra.de/detailansicht/1372907,Lady sings the Blues. Billie Holiday erinnert sich,DRA,"Für viele ist Billie Holiday die Sängerin des Jazz überhaupt. Ein Name, der synonym ist mit allem, was der Jazz ausdrückt: Stolz, Leid, Zorn, Eleganz, Rassismus und Exzessivität.",html:dra
https://hoerspiele.dra.de/detailansicht/1372532,Anonyme Briefe,DRA,"Ein Hörspiel, das dem künstlerischen Nachwuchs gewidmet ist. Es führt in das Milieu einer Schauspielschule, und die Sorge der Eleven ist zugleich die Sorge der Jugend in unserer Zeit: den rechten Start in den gewählten Beruf zu finden.",html:dra
https://hoerspiele.dra.de/detailansicht/1373260,Briefe an Olga,DRA,"Seine ""Briefe an Olga"" hat der tschechische Dichter und Staatspräsident der CSFR, während seiner Gefängniszeit als Bürgerrechtler Ende der 70er und Anfang der 80er Jahre an seine Frau geschrieben.",html:dra
https://hoerspiele.dra.de/detailansicht/1374699,Familienpackung,DRA,"""Der Familienausflug oder Johann Christophs Leiden"", so würde der Hauptdarsteller wahrscheinlich seine Autobiographie betiteln. Seine Eltern haben ihn Johann Christoph genannt, und seine Schwester heißt Purzel, meistens sogar Purzelchen.",html:dra
https://hoerspiele.dra.de/detailansicht/1374444,Aus dem Tagebuch der Anne Frank,DRA,"Vorlage: Das Tagebuch der Anne Frank (Prosa) Bearbeitung (Wort): Gabriele Finger-Hoffmann, Bettina Wenke",html:dra
https://hoerspiele.dra.de/detailansicht/1374721,Der Autor Hartmut Geerken,DRA,"Porträt des Autors Hartmut Geerken im Anschluß an das Hörspiel ""kein roter faa, denn die Worte sind niemals gefallen"".",html:dra
https://hoerspiele.dra.de/detailansicht/1374736,Jean Anouilh zum 80. Geburtstag: Majestät des Boulevard - Porträt,DRA,"Mit einer Sondersendung würdigte die Hörspielabteilung des Bayerischen Rundfunks den französischen Dramatiker Jean Anouilh an seinem 80. Geburtstag. Zahlreiche seiner Dramen wurden auch für den Hörfunk bearbeitet, sie zählen wie ""Antigone"" inzwischen zu den Klassikern deutscher Hörspielgeschichte.",html:dra
https://hoerspiele.dra.de/detailansicht/1374916,Briefe an Franz Pawell,DRA,"Aus zwei Deutschlands ist wieder ein Deutschland geworden. In dieses neue Deutschland kommt Franz Pawell gefahren, einer, der unter dem alten Deutschland sehr gelitten hat.",html:dra
https://hoerspiele.dra.de/detailansicht/1375730,"Pioniere der Radiokunst (9. Folge:... ""Quer zum Betrieb der Kulturindustrie"")",DRA,"1931 schrieb eine Zeitschrift: ""In Frankfurt sitzen die Avantgardisten des Rundfunks... vieles von dem, was heute, man möchte sagen, genormter Bestandteil der deutschen Programme geworden ist, wurde hier entdeckt."" Künstlerischer Leiter des Südwestdeutschen Rundfunks in Frankfurt war zu jener Zeit Ernst Schoen.",html:dra
https://hoerspiele.dra.de/detailansicht/1375816,Bodo Katzenbergers Tagebuch,DRA,"Der Schüler Bodo Katzenberger hängt ziemlich durch. Seitdem sein Vater zu einer Freundin gezogen ist, ist die Stimmung kaputt. Die Mutter verkraftet die Situation einfach nicht.",html:dra
https://hoerspiele.dra.de/detailansicht/1375822,Porträt,DRA,"""Porträt"" von Irene Oppenheim: Ein Mann stirbt. - für seine Frau - für seine Tochter - für seine Enkelin - jede ist Zeuge seines Todes. - seinen Körper - sein Rasiermesser - seine Kleider - sein Dasein - das muß beseitigt werden.",html:dra
https://hoerspiele.dra.de/detailansicht/1375861,Vier Briefe aus Amerika,DRA,"Colorado/USA, Ende des letzten Jahrhunderts. Josef Kraus, der nach einem Zerwürfnis mit seinen Eltern, die gegen seine Heirat mit dem Dienstmädchen Katharina waren, von Bayern in die Staaten auswanderte, ist in der Fremde kein Glück beschieden.",html:dra
https://hoerspiele.dra.de/detailansicht/1375962,Per Einschreiben,DRA,"Das Hörspiel handelt von zwei Menschen, Elli und Karli, die sich lange Zeit, ohne persönliche Begegnung, nur Briefe schreiben, in ihrem Briefwechsel Heiratsabsichten äußern, zum Schluß aber Elli mit dem Briefträger befreundet ist.",html:dra
https://hoerspiele.dra.de/detailansicht/1376346,Das Tagebuch der Redegonda,DRA,"Der Konzeptspraktikant Dr. Gottfried Wehwald war ein junger Mann von guten Manieren, ja sogar einer gewissen Vornehmheit des Auftretens, die ihm selbst zumindest eine immerwährende stille Befriedigung zu gewähren schien.",html:dra
https://hoerspiele.dra.de/detailansicht/1375917,Walter Ruttmann - der Visionär bewegter Rhythmen,DRA,"Walter Ruttmann (1887-1941) hat in mehrfacher Hinsicht Film- und Rundfunkgeschichte geschrieben. In den zwanziger Jahren begründete er mit ""Lichtspiel OPUS 1"" den abstrakten Film, stellte die ersten farbigen Werbefilme her und wirkte mit seinen Produktionen stilbildend auf dem Gebiet der Montage in Film und Hörspiel.",html:dra
https://hoerspiele.dra.de/detailansicht/1376147,Das akustische Tagebuch,DRA,"DAS AKUSTISCHE TAGEBUCH ist eine Anthologie einiger Geräusche, die innerhalb der letzten fünfzehn Jahre in meiner Arbeit mit Tonbändern entstanden sind. Ich habe sie zu akustischen Landschaften zusammengefügt, bevölkert von menschlichen und nichtmenschlichen, natürlichen und imaginären Stimmen.",html:dra
https://hoerspiele.dra.de/detailansicht/1375863,C'era una volta il west oder Alte Briefe aus Amerika,DRA,"Weil ein Dienstmädchen ein Kind von ihm bekam, ist der junge Karl nach Amerika geschickt worden. Von dort schreibt er ungelenke Briefe an seine Eltern in Bayern, deren Inhalt gar nicht so recht passen will zum Wildwestpathos und zur Wildtöterromantik der damaligen Zeit.",html:dra
https://hoerspiele.dra.de/detailansicht/1377165,Ein Cäsar wäre ich sehr gerne gewesen - Monolog eines Mörders,DRA,"Als Lehrer lebte er mit seiner Familie u.a. in Radelstetten, einem Dorf am Rande des Schwäbischen Alb, danach als Hauptlehrer in Stuttgart-Degerloch.",html:dra
https://hoerspiele.dra.de/detailansicht/1377516,Anti. Ein Rainer-Werner-Fassbinder-Porträt,DRA,"Das Porträt eines experimentellen Filme-Machers mit den Mitteln des Hörspiels konnte nicht konventionell sein. Also wurde mit den neuesten verfügbaren Techniken (Sampling) ebenso gearbeitet wie mit den modernen Verfahren des harten Schnitts, der Collage und Montage.",html:dra
https://hoerspiele.dra.de/detailansicht/1377586,Und der Haifisch.... Mackie Messer erzählt aus seinem Leben. Porträt Wolf Kaiser,DRA,"Weitere Informationen Wolf Kaiser, der am 26.10.1916 in Frankfurt am Main geboren wurde, wuchs in der Schweiz auf, studierte Chemie und Physiologie, arbeitete als Kellner und nahm von 1939 - 41 Schauspielunterricht bei Margarethe Wellhoener in Berlin.",html:dra
https://hoerspiele.dra.de/detailansicht/1377511,"""Ich war irgendwie der erste Existentialist""",DRA,"Mit aggressiven Auftritten - zunächst im Zürcher ""Cabaret Voltaire"" 1916, und nach Ende des Ersten Weltkriegs in Berlin - erregte der Schriftsteller Richard Huelsenbeck Aufsehen.",html:dra
https://hoerspiele.dra.de/detailansicht/1377773,Tagebuch einer heimlichen Symmetrie,DRA,"""Kleine Laboratoriumsexplosionen werden bei der Natur des Stoffes, mit dem wir arbeiten, nie zu vermeiden sein"". - Ein kleines Trostwort von Sigmund Freud an seinen Schüler und angehenden Kollegen Carl Gustav Jung.",html:dra
https://hoerspiele.dra.de/detailansicht/1377781,Zazie und der lange Kerl im Autobus S,DRA,"Raymond Queneau, dieser französische Allround-Schriftsteller, ist in Deutschland vor allem durch das Buch und den Film ""Zazie in der Métro"" bekannt. Auch die Stilübungen"" erfreuen sich großer Beliebtheit.",html:dra
https://hoerspiele.dra.de/detailansicht/1378082,"Das wilde Geheul unserer täglichen Arbeit oder Komm heraus, du Schönheit von Mülheim (3. Teil: Briefe an Irina - Eine Erinnerung)",DRA,Aus dem Ruhrgebiet des Bertolt Brecht. Eine historische Reportage Siehe Teil 2,html:dra
https://hoerspiele.dra.de/detailansicht/1378087,Der verliebte Antierotiker - Ein unbekanntes Kapitel aus dem Leben des Dichters Paul Scheerbart (1. Teil),DRA,"""Der Schriftsteller Paul Scheerbart (1863-1915), der vom Leben im Glashaus und der Vereinigung mit Himmelskörpern träumte, gab sich in seinen Büchern als entschiedener Verächter der Erotik aus.",html:dra
https://hoerspiele.dra.de/detailansicht/1377966,Die lange Weile der Briefe danach,DRA,"Bis nach Ermenoville soll er gewallfahrtet sein, der ""Kohlenbaron"" Levin von Alversfeldt, zum letzten Asyl seines großen Vorbildes Jean-Jacques Rousseau. Der knallharte Frühkapitalist ist ach so zart besaitet in seiner Schwärmerei für sein Idol.",html:dra
https://hoerspiele.dra.de/detailansicht/1378286,Andy Warhol: Das Tagebuch (1976),DRA,"""Im Herbst 1976 begannen Andy und ich mit unseren allmorgendlichen Telefongesprächen. Vordergründig ging es darum, festzuhalten, was er getan hatte, wo er am Vortag gewesen war und wieviel Bargeld er ausgegeben hatte.",html:dra
https://hoerspiele.dra.de/detailansicht/1378202,Autobiographie einer Leiche,DRA,"Genau wissen wir nur, daß Brodskys Frau Linda tot ist und aus dem Grab heraus ein Buch geschrieben hat - falls Brodsky die Wahrheit sagt. Falls nicht, müssen wir uns an die Medien halten; Presse, Funk, Film und Theater haben die Geschichte im Griff.",html:dra
https://hoerspiele.dra.de/detailansicht/1378287,Andy Warhol: Das Tagebuch (1977),DRA,"""Im Herbst 1976 begannen Andy und ich mit unseren allmorgendlichen Telefongesprächen. Vordergründig ging es darum, festzuhalten, was er getan hatte, wo er am Vortag gewesen war und wieviel Bargeld er ausgegeben hatte.",html:dra
https://hoerspiele.dra.de/detailansicht/1378288,Andy Warhol: Das Tagebuch (1978),DRA,"""Im Herbst 1976 begannen Andy und ich mit unseren allmorgendlichen Telefongesprächen. Vordergründig ging es darum, festzuhalten, was er getan hatte, wo er am Vortag gewesen war und wieviel Bargeld er ausgegeben hatte.",html:dra
https://hoerspiele.dra.de/detailansicht/1378289,Andy Warhol: Das Tagebuch (1979),DRA,"""Im Herbst 1976 begannen Andy und ich mit unseren allmorgendlichen Telefongesprächen. Vordergründig ging es darum, festzuhalten, was er getan hatte, wo er am Vortag gewesen war und wieviel Bargeld er ausgegeben hatte.",html:dra
https://hoerspiele.dra.de/detailansicht/1378290,Andy Warhol: Das Tagebuch (1980),DRA,"""Im Herbst 1976 begannen Andy und ich mit unseren allmorgendlichen Telefongesprächen. Vordergründig ging es darum, festzuhalten, was er getan hatte, wo er am Vortag gewesen war und wieviel Bargeld er ausgegeben hatte.",html:dra
https://hoerspiele.dra.de/detailansicht/1378292,Andy Warhol: Das Tagebuch (1982),DRA,"""Im Herbst 1976 begannen Andy und ich mit unseren allmorgendlichen Telefongesprächen. Vordergründig ging es darum, festzuhalten, was er getan hatte, wo er am Vortag gewesen war und wieviel Bargeld er ausgegeben hatte.",html:dra
https://hoerspiele.dra.de/detailansicht/1378293,Andy Warhol: Das Tagebuch (1983),DRA,"""Im Herbst 1976 begannen Andy und ich mit unseren allmorgendlichen Telefongesprächen. Vordergründig ging es darum, festzuhalten, was er getan hatte, wo er am Vortag gewesen war und wieviel Bargeld er ausgegeben hatte.",html:dra
https://hoerspiele.dra.de/detailansicht/1378296,Andy Warhol: Das Tagebuch (1986),DRA,"""Im Herbst 1976 begannen Andy und ich mit unseren allmorgendlichen Telefongesprächen. Vordergründig ging es darum, festzuhalten, was er getan hatte, wo er am Vortag gewesen war und wieviel Bargeld er ausgegeben hatte.",html:dra
https://hoerspiele.dra.de/detailansicht/1378291,Andy Warhol: Das Tagebuch (1981),DRA,"""Im Herbst 1976 begannen Andy und ich mit unseren allmorgendlichen Telefongesprächen. Vordergründig ging es darum, festzuhalten, was er getan hatte, wo er am Vortag gewesen war und wieviel Bargeld er ausgegeben hatte.",html:dra
https://hoerspiele.dra.de/detailansicht/1378295,Andy Warhol: Das Tagebuch (1985),DRA,"""Im Herbst 1976 begannen Andy und ich mit unseren allmorgendlichen Telefongesprächen. Vordergründig ging es darum, festzuhalten, was er getan hatte, wo er am Vortag gewesen war und wieviel Bargeld er ausgegeben hatte.",html:dra
https://hoerspiele.dra.de/detailansicht/1378294,Andy Warhol: Das Tagebuch (1984),DRA,"""Im Herbst 1976 begannen Andy und ich mit unseren allmorgendlichen Telefongesprächen. Vordergründig ging es darum, festzuhalten, was er getan hatte, wo er am Vortag gewesen war und wieviel Bargeld er ausgegeben hatte.",html:dra
https://hoerspiele.dra.de/detailansicht/1378297,Andy Warhol: Das Tagebuch (1987),DRA,"""Im Herbst 1976 begannen Andy und ich mit unseren allmorgendlichen Telefongesprächen. Vordergründig ging es darum, festzuhalten, was er getan hatte, wo er am Vortag gewesen war und wieviel Bargeld er ausgegeben hatte.",html:dra
https://hoerspiele.dra.de/detailansicht/1378354,Meine Seele war schwarz von Fliegen (1. Teil),DRA,"In der Früh öffneten sie unseren Viehwaggon. Und wir erfuhren, daß wir in Dresden sind. Sie stellten uns auf, und drei Wachsoldaten führten uns durch die Stadt. Ich sah Häuser, wie ich sie noch nie im Leben gesehen hatte.",html:dra
https://hoerspiele.dra.de/detailansicht/1378358,Tagebuch eines Autobiographen,DRA,"Ein Portrait wird entworfen und zugleich wieder dekonstruiert: Es ist der biographische Versuch des Komponisten und Hörspielmachers Luc Ferrari, der sich auf eine magnetophonische Reise ins eigene Gedächtnis, in das Labyrinth seiner Biographie begibt und sich an die Ahnen, die Kindheit, den Krieg und die deutsche Okupation erinnert.",html:dra
https://hoerspiele.dra.de/detailansicht/1381519,Der Wind geht gen Mittag und kommt herum zur Mitternacht,DRA,"Belgrad ist übervoll vom Schatten aller zerstörten Städte, aber die meisten, die düsteren Schatten sind die von Sarajevo: Schatten des Todes; wohin wir auch gehen, getrennt oder gemeinsam durch die Stadt laufen, die teils lebt - durch die Straßendemonstrationen -, teils tot ist: durch die Leichen der unsrigen und anderer.",html:dra
https://hoerspiele.dra.de/detailansicht/1381497,Bruchstücke aus dem Tagebuch eines Dorfküsters,DRA,"""Steen Steensen Blicher zählte zweiundvierzig Jahre, als er - aus Geldmangel - seine erste Erzählung veröffentlichte, die ihn bald bekannt machen sollte: die 'Bruchstücke aus dem Leben eines Dorfküsters', Aufzeichnungen aus den Jahren 1708 - 1753, die er einer europäischen Mode folgend, 'gefunden, durchgesehen und herausgegeben' zu haben vorgab.",html:dra
https://hoerspiele.dra.de/detailansicht/1381401,Reise in den Klang der Worte. Porträt des Hörspiel-Regisseurs Jörg Jannings,DRA,"Ein Porträt des Hörspiel-Regisseurs Jörg Jannings, collagiert aus Selbstaussagen über Lebens- und Schaffensstationen und Hörbeispielen aus seinen erfolgreichen Funk-Inszenierungen, zum Beispiel seine Hörspiel-Realisierungen von Texten George Taboris.",html:dra
https://hoerspiele.dra.de/detailansicht/1381516,Sehr selten habe ich geweint,DRA,"""Weinen ist kein Ausweg, solange man in den Dingen steht. Erst wenn ich wieder bei Euch bin, im Ausruhen und Überwinden, werden wir sehr viel weinen müssen... Hier hat auch vor den traurigsten Bildern das Weinen keinen Sinn, und das, Mitleid ist gemein, wenn es an die Stelle von Hilfe und Tat tritt.",html:dra
https://hoerspiele.dra.de/detailansicht/1381590,Briefe an die Königin der Nacht,DRA,"Warum beantwortest Du meine Briefe nicht?"" Dieser Stoßseufzer kommt von Georg Daniel Bratt, einem Außenseiter. Aber er hat diese Rolle bewußt gewählt, denn er ist mit seiner ungeheuren Phantasie und Kreativität vollauf beschäftigt.",html:dra
https://hoerspiele.dra.de/detailansicht/1381670,Der Hang zur Einsilbigkeit,DRA,"Kordes Oeuvre umfaßt bereits drei Romane, zwei Prosagedichtsammlungen, vier Short-Story-Bände, eine Novelle und eine Kalauer-Kollektion. Aber bekannt ist er als Schriftsteller immer noch nicht, obwohl er gelegentlich als Geheimtip gehandelt wurde.",html:dra
https://hoerspiele.dra.de/detailansicht/1381923,"Ich tippe nur, was ich im Kopf habe",DRA,"Mehr als 50 Hörspiele von Karl-Heinz Bölling, Jahrgang 1947, wurden seit Mitte der achtziger Jahre in (fast) allen Sendern der ARD produziert. ""Getippt"" hat der in Dortmund-Aplerbeck lebende Autor sicher weitaus mehr.",html:dra
https://hoerspiele.dra.de/detailansicht/1381820,Futschlinien (1. Teil: Der Reiseschriftsteller Richard Huelsenbeck),DRA,"Als Dadaist in Zürich und Berlin machte er Literaturgeschichte, als Reiseschriftsteller kennen ihn nur wenige: Richard Huelsenbeck (1892-1974), bereits in den Zwanziger Jahren als Schiffsarzt und Korrespondent für verschiedene Zeitungen in Asien, Afrika und Amerika bekannt.",html:dra
https://hoerspiele.dra.de/detailansicht/1381821,Futschlinien (2. Teil: Der Emigrant Richard Huelsenbeck),DRA,"Als Dadaist in Zürich und Berlin machte er Literaturgeschichte, als Reiseschriftsteller kennen ihn nur wenige: Richard Huelsenbeck (1892-1974), bereits in den Zwanziger Jahren als Schiffsarzt und Korrespondent für verschiedene Zeitungen in Asien, Afrika und Amerika bekannt.",html:dra
https://hoerspiele.dra.de/detailansicht/1384864,Das schlechteste Hörspiel der Welt oder Eine Biographie über Niemand,DRA,"Wieviele Sprachen braucht der Mensch, um seine Sehnsucht und sein Glück, sein Unglück und seine Ängste zu beschreiben? Für jede Seele mindestens eine, sagt John von Düffel und führt seinen Dichter mit starker Mutterbindung und heftigem Ehrgeiz um Nichts in seiner Liebe zu einem Mann durch alle Stationen klassischer Theaterdramaturgie.",html:dra
https://hoerspiele.dra.de/detailansicht/1385344,Die innere Biografie des Robert Lax (3. Teil: Journals),DRA,"""Journals"" nennt Sigrid Hauff den dritten Teil der 'inneren Biographie'. Vergewaltigt vom Leben in einer modernen Großstadt zieht sich Lax auf eine griechische Insel zurück.",html:dra
https://hoerspiele.dra.de/detailansicht/1385008,Im Ohrensaal,DRA,"""Manche Wahnsysteme sind so geräumig wie Häuser. Die Kranken bewegen sich darin, souverän wie langjährige Bewohner, deren Gesundung einer Vertreibung gleichkäme. Die Schriftstellerin und Zeichnerin Unica Zürn hat viele Jahre ihres Lebens im Drehtürsystem zwischen psychiatrischen Anstalten verbracht.",html:dra
https://hoerspiele.dra.de/detailansicht/1389829,Berlin - Ein akustisches Tagebuch,DRA,"Die Stadt, in der die Autorin des vorliegenden Features seit fast 20 Jahren lebt. Täglich umgibt sie hier die ""akustische Umweltverschmutzung"", das ""Berliner Grundrauschen"".",html:dra
https://hoerspiele.dra.de/detailansicht/1386162,Berlinisches Tagebuch,DRA,"Von Mitte 1989 bis Mitte 1990 hat Mayako Kubo abwechselnd in Berlin und Rom gelebt. Sie hat in dieser Zeit vor und nach dem Mauerfall Tagebuch geführt, und diese Notizen macht sie zum Ausgangspunkt für kurze Klavierstückchen.",html:dra
https://hoerspiele.dra.de/detailansicht/1385931,Erinnerungen an das Jahr Achtunddreißig,DRA,"Wer ist dieser Pereira, der erklärt, berichtet, eine Art Beichte ablegt? Und wem erzählt er die Geschichte des Sommers im Jahre 1938, die sich in Lissabon abgespielt hat?",html:dra
https://hoerspiele.dra.de/detailansicht/1390079,Briefe an den Kaiser,DRA,"Drei Bremer Ereignisse vom 6. März 1901: Kaiser Wilhelm II. besucht Bremen, Arbeitsloser Johann Dietrich Weiland hat einen epileptischen Anfall, dem Kranken fliegt dabei ein gerade aufgelesenes Stück Altmetall aus der Hand - in die Richtung des Kaisers.",html:dra
https://hoerspiele.dra.de/detailansicht/1392442,Das Leben des Karl Valentin (3. Teil),DRA,"Die Couplets, die am Anfang von Valentins Bühnenkarriere standen, sind stark von seinem Vorbild Karl Maxstadt beeinflußt, einem hochdotierten Vortragskünstler von großer Popularität.",html:dra
https://hoerspiele.dra.de/detailansicht/1392441,Das Leben des Karl Valentin (2. Teil),DRA,Karl Valentin tritt im Frühjahr 1902 in die Münchner Varietéschule ein und erprobt sich mit höchst wechselhaftem Erfolg als Salonhumorist. Nach dem Tod des Vaters steckt er viel Geld und seine ganze Hoffnung in ein selbstgebautes Orchestrion mit 20 Instrumenten.,html:dra
https://hoerspiele.dra.de/detailansicht/1392444,Das Leben des Karl Valentin (5. Teil),DRA,"Liesl Karlstadt als Partnerin des bekannten Komikers. 'Partnerin' ist nur ein schlichter Sammelbegriff für das, was sie bald für Karl Valentin wurde: Koautorin, Koregisseurin, Geliebte, Organisatorin, Psychiaterin, Souffleuse.",html:dra
https://hoerspiele.dra.de/detailansicht/1392429,Das Leben des Karl Valentin (1. Teil),DRA,"Am 4. Juni 1882 schenkt Maria Johanna Fey, geb. Schatte, einem Sohn das Leben, der sechs Tage darauf im katholischen München evangelisch auf den Namen Valentin Ludwig getauft wird und später schließlich als Karl Valentin (sprich: Falentin, denn nach K.V.",html:dra
https://hoerspiele.dra.de/detailansicht/1392443,Das Leben des Karl Valentin (4. Teil),DRA,"Im Jahre 1909 fällt Karl Valentin die etwas unscheinbare Soubrette Elisabeth Wellano auf, der er anrät, sich aufs komische Fach zu verlegen. Er schreibt Couplets für sie, erfindet - in Anlehnung an Karl Maxstadt - für sie den Namen Liesl Karlstadt.",html:dra
https://hoerspiele.dra.de/detailansicht/1392445,Das Leben des Karl Valentin (6. Teil),DRA,"Valentin hatte viele Berührungspunkte mit den Volkssängern. Doch im selben Maße wie er sie verehrte - er trug eine umfangreiche Privatsammlung mit Programmzetteln, Artikeln und Plakaten zusammen - konnte er sie auch verspotten.",html:dra
https://hoerspiele.dra.de/detailansicht/1392446,Das Leben des Karl Valentin (7. Teil),DRA,"Die Tatsache, daß Valentin von den ""Drei-Quartl-Privatiers"" gleichermaßen geschätzt wurde wie von den Intellektuellen, Studenten und so unterschiedlichen Autoren wie Thomas Mann, Bert Brecht und Hermann Hesse, zeigt, daß er ebenso zu den Volkssängern gehörte wie er sich von ihnen entfernt hatte.",html:dra
https://hoerspiele.dra.de/detailansicht/1392447,Das Leben des Karl Valentin (8. Teil),DRA,"Diese Folge ist einem relativ ereignisreichen Jahr in Valentins Leben gewidmet: dem Jahr 1922. Relativ ereignisreich deshalb, weil Valentin ein an äußeren Begebenheiten eher armes Leben geführt hat.",html:dra
https://hoerspiele.dra.de/detailansicht/1392449,Das Leben des Karl Valentin (10. Teil),DRA,"Valentin hat drei Komödien geschrieben, die mehr als einen Akt umfassen, und alle drei sind Militärstücke: ""Die Raubritter vor München"", ""Das Brillantfeuerwerk oder Ein Sonntag in der Rosenau"" und ""Ritter Unkenstein"".",html:dra
https://hoerspiele.dra.de/detailansicht/1392448,Das Leben des Karl Valentin (9. Teil),DRA,"1922 oder 1923 haben Brecht und Valentin einen Film gedreht. Er entstand auf einem Speicher in der Münchner Tengstraße und ist so konfus geraten, daß die cineastische Fachwelt sich bis heute nicht darüber einig ist, ob es sich um ein abgeschlossenes Werk oder ein Fragment handelt.",html:dra
https://hoerspiele.dra.de/detailansicht/1392450,Das Leben des Karl Valentin (11. Teil),DRA,"Karl Valentin war der einzige Volkssänger, der die Bedeutung des neuen Mediums Film sofort erkannt hatte. Dennoch geriet ihm die Beschäftigung mit diesem Medium von Beginn an - erst finanziell, später oft genug künstlerisch - zu seinem Schaden.",html:dra
https://hoerspiele.dra.de/detailansicht/1392451,Das Leben des Karl Valentin (12. Teil),DRA,"Im März 1934 wandte sich Valentin an den Spezialisten für anatomische Plastik, Emil Eduard Hammer, um ihm seine Idee vorzutragen, im Keller des Hotels Wagner ein Panoptikum zu eröffnen: ""Das Panoptikum müßte, wenn es in der Kunststadt München Zugkraft haben soll, hochoriginell und humoristisch ausgestaltet, mit kleinem Irrgarten, Lachkabinett…",html:dra
https://hoerspiele.dra.de/detailansicht/1392452,Das Leben des Karl Valentin (13. Teil),DRA,"Im Hause Färbergraben 33 eröffnete Valentin in München im Juni 1939 erneut eine Spielstätte nach seinem Gustus - die ""Ritterspelunke"". Im November stand die Uraufführung des ""Ritter Unkenstein"", Valentins letzter Komödie, auf dem Spielplan.",html:dra
https://hoerspiele.dra.de/detailansicht/1392453,Das Leben des Karl Valentin (14. Teil),DRA,"Kaum war der Krieg vorbei, war Valentin wieder voller neuer Pläne. München war zerbombt, aber er war sicher, bald wieder eine Singspielhalle eröffnen zu können. Nach offizieller Lesart ist er an einer Erkältung gestorben.",html:dra
https://hoerspiele.dra.de/detailansicht/1393594,Aus dem Tagebuch eines Trinkers,DRA,"""5.8.: Mit Person, an die ich mich nicht erinnern kann (Henriette? Hans?) irgendwie über Land gegangen. Wir liefen bergab durch Gärten hindurch. Wir legten uns nach reiflicher Überlegung an den Straßenrand und versuchten zu sterben.",html:dra
https://hoerspiele.dra.de/detailansicht/1393596,Ihr Lieben viel zu weit Entfernten,DRA,"Am 31. August 1942 wird die siebzehnjährige Pariser Jüdin Louise Jacobson verhaftet, weil sie keinen gelben Stern trägt, und nach Fresnes gebracht, wo junge Mädchen wegen Diebstahl, Prostitution oder Landstreicherei inhaftiert sind.",html:dra
https://hoerspiele.dra.de/detailansicht/1394148,Leben sammeln. Die Tagebücher des Victor Klemperer (1918-1932) (2. Teil: Die Jahre 1920-1925),DRA,"Klemperer ist ordentlicher Professor in Dresden. Er bringt den Elektriken technisches Französisch bei, das er selbst nicht perfekt beherrscht. Zu seinen Literaturvorlesungen erscheint ""ein halbes Dutzend Mädeln und ältlicher Volsschullehrer"".",html:dra
https://hoerspiele.dra.de/detailansicht/1394149,Leben sammeln. Die Tagebücher des Victor Klemperer (1918-1932) (3. Teil: Die Jahre 1926-1932),DRA,"Beim Spiel gegenseitiger Empfehlungen und kleiner Rankünen im Wissenschaftsbetrieb hält Klemperer gut mit. Lange teilt er die völkischen Vorurteile seines Standes. Trotzdem gehört er nicht dazu, ist weder rechts noch links.",html:dra
https://hoerspiele.dra.de/detailansicht/1395063,"Anne Sexton - ""Ich bin wie ein lebender Stein...""",DRA,"Bis hin zur Selbstzerstörung erkundete sie die Innenwelt des Wahnsinns, inszenierte den Exzeß, forschte unerbittlich nach den Wurzeln ihrer Identität. Rückhaltlos sezierte Anne Sexton die eigene physische und psychische Gebrochenheit.",html:dra
https://hoerspiele.dra.de/detailansicht/1398880,Die Jagd nach dem Täter (27. Folge: Briefe von fremder Hand),DRA,Kriminalhörspiel nach einer wahren Begebenheit in Portugal,html:dra
https://hoerspiele.dra.de/detailansicht/1401599,Porträt einer Kongruenz,DRA,"Im Collageverfahren werden die verschiedensten Äußerungen unseres gesellschaftlichen und politischen Lebens nebeneinandergestellt, zusammengezogen und ausgerichtet auf einen neuralgischen Punkt: die Anfechtung und Gefährdung demokratischer Grundprinzipien.",html:dra
https://hoerspiele.dra.de/detailansicht/1403139,Briefe nach Luzern,DRA,Vorlage: Briefe nach Luzern (Schauspiel) Bearbeitung (Wort): Gerhard Prager,html:dra
https://hoerspiele.dra.de/detailansicht/1403993,Der einzigartige Anonyme,DRA,"Weitere Informationen Robert Cahen, einer der produktivsten und bedeutendsten französischen Video-Künstler, studierte Ende der sechziger Jahre elektro-akustische Komposition zusammen mit Michel Chion am Conservatoire National Supérieur de Musique, Paris, in der Klasse von Pierre Schaeffer.",html:dra
https://hoerspiele.dra.de/detailansicht/1405456,Die Aspern-Briefe,DRA,"Clara Claremont, die Geliebte Byrons, hatte im hohen Alter einen Amerikaner als ""Zimmerherrn"" bei sich, der den Versuch machte, literarische Dokumente aus ihrer Vergangenheit zu erwerben, und dabei unversehens die Liebe ihrer alternden Nichte angetragen bekam.",html:dra
https://hoerspiele.dra.de/detailansicht/1404357,Ladykiller. Versuch einer Würdigung,DRA,"Paris - auf dem Motorrad ist er hinter ihr her, will Fotos schießen. Dann der Crash - er läuft zum Wrack, fotografiert, macht das große Geld. Die Erinnyen treten auf: Er schläft nicht mehr, hat Alpträume.",html:dra
https://hoerspiele.dra.de/detailansicht/1412213,Mein Flug über den Ozean (1. Teil),DRA,"Lindbergh steht vor der größten Herausforderung seines Lebens. Am 20. Mai des Jahres 1927 setzt er zu dem Flug an, der ihn weltberühmt und in den Olymp der Luftfahrer eingehen lassen sollte: die aufsehenerregende Überquerung des Atlantiks ohne Zwischenstopp, ein Direktflug von New York nach Paris...",html:dra
https://hoerspiele.dra.de/detailansicht/1412214,Mein Flug über den Ozean (2. Teil),DRA,"Lindbergh steht vor der größten Herausforderung seines Lebens. Am 20. Mai des Jahres 1927 setzt er zu dem Flug an, der ihn weltberühmt und in den Olymp der Luftfahrer eingehen lassen sollte: die aufsehenerregende Überquerung des Atlantiks ohne Zwischenstopp, ein Direktflug von New York nach Paris...",html:dra
https://hoerspiele.dra.de/detailansicht/1412215,Mein Flug über den Ozean (3. Teil),DRA,"Lindbergh steht vor der größten Herausforderung seines Lebens. Am 20. Mai des Jahres 1927 setzt er zu dem Flug an, der ihn weltberühmt und in den Olymp der Luftfahrer eingehen lassen sollte: die aufsehenerregende Überquerung des Atlantiks ohne Zwischenstopp, ein Direktflug von New York nach Paris...",html:dra
https://hoerspiele.dra.de/detailansicht/1412216,Mein Flug über den Ozean (4. Teil),DRA,"Lindbergh steht vor der größten Herausforderung seines Lebens. Am 20. Mai des Jahres 1927 setzt er zu dem Flug an, der ihn weltberühmt und in den Olymp der Luftfahrer eingehen lassen sollte: die aufsehenerregende Überquerung des Atlantiks ohne Zwischenstopp, ein Direktflug von New York nach Paris...",html:dra
https://hoerspiele.dra.de/detailansicht/1412217,Mein Flug über den Ozean (5. Teil),DRA,"Lindbergh steht vor der größten Herausforderung seines Lebens. Am 20. Mai des Jahres 1927 setzt er zu dem Flug an, der ihn weltberühmt und in den Olymp der Luftfahrer eingehen lassen sollte: die aufsehenerregende Überquerung des Atlantiks ohne Zwischenstopp, ein Direktflug von New York nach Paris...",html:dra
https://hoerspiele.dra.de/detailansicht/1412221,Mein Flug über den Ozean (6. Teil),DRA,"Lindbergh steht vor der größten Herausforderung seines Lebens. Am 20. Mai des Jahres 1927 setzt er zu dem Flug an, der ihn weltberühmt und in den Olymp der Luftfahrer eingehen lassen sollte: die aufsehenerregende Überquerung des Atlantiks ohne Zwischenstopp, ein Direktflug von New York nach Paris...",html:dra
https://hoerspiele.dra.de/detailansicht/1415190,Tagebuch,DRA,"Ein Wort Strindbergs, das die Autorin zitiert, deutet darauf hin, daß die innere Gefährdung, die von einer mit der Macht gepaarten Ideologie ausgeht, schlimmer und nachhaltiger sein mag als die äußere Bedrohung.Peter Lembach, Altkommunist, unter Hitler verfolgt, soll nach dem Krieg als Intendant eine Ostberliner Bühne übernehmen.",html:dra
https://hoerspiele.dra.de/detailansicht/1415198,Berlin und Scherl,DRA,"Am 4. November 1883, vor 80 Jahren, verließen die Boten das Haus der Druckerei Büxenstein mit der ersten Nummer des ""Berliner Lokal-Anzeiger"". Es war eine Sensation für Berlin, denn der Lokal-Anzeiger wurde auf der Straße - verschenkt.",html:dra
https://hoerspiele.dra.de/detailansicht/1415202,Tagebuch der Eva Heyman,DRA,Tagebuch der Eva Heyman,html:dra:row:title
https://hoerspiele.dra.de/detailansicht/1415239,Nun komm' ich als Richter,DRA,"[...] Der Journalist Georg Zivier hat aber - naturgemäß - nicht nur den Prozeßverlauf beobachtet, nicht nur die Reaktionen und das Verhalten der Angeklagten, sondern auch das seiner Kollegen und seiner näheren Umwelt.",html:dra
https://hoerspiele.dra.de/detailansicht/1417417,Zwischen allen Stühlen (2. Teil),DRA,"Über den Preis seiner Erfolge reflektiert Klemperer im Tagebuch. Hier hält er den inneren Zwiespalt fest, sein Schwanken zwischen Hoffnung und Angst, zwischen Opportunismus und Rebellion, seine wachsenden Zweifel am Wert des eigenen Engagements.",html:dra
https://hoerspiele.dra.de/detailansicht/1418105,Pension Spreewitz (Erinnerungen),DRA,Pension Spreewitz (Erinnerungen),html:dra:row:title
https://hoerspiele.dra.de/detailansicht/1417478,Goethe in Dachau,DRA,"Die Dichter und Denker, haben die uns noch etwas zu sagen an der Grenzscheide zwischen Leben und Tod? Was für einen Sinn hat das, was wir ""Kulturerbe"" nennen? Diese Fragen stellt Anna Seghers 1948 in ihrem Vorwort zu ""Goethe in Dachau"".",html:dra
https://hoerspiele.dra.de/detailansicht/1418159,Tagebuch eines sentimentalen Killers,DRA,"Midlife-Crises und Pensionierung eines Profikillers fallen sozusagen zusammen: der melancholische Held, ein alternder Macho, ist unglücklich verliebt und beherzigt dummerweise eine der Regeln seines Metiers nicht: das vollkommene Desinteresse an der Biographie seines aktuellen Opfers.",html:dra
https://hoerspiele.dra.de/detailansicht/1418153,Tagebuch eines Verführers,DRA,"Einen Schöngeist, einen Ästheten nennt sich Johannes, der Held im ""Tagebuch eines Verführers"". Er lebt nur im Augenblick und für den Genuß. Er scheut jede Bindung, meint immer nur sich selbst und wird deshalb stets in die eigene Isolierung zurückgeworfen.",html:dra
https://hoerspiele.dra.de/detailansicht/1423425,Kimmerlingers Abenteuer,DRA,"Irgendwo im Gebirge hat der Kimmerlinger gelebt, der gräfliche Oberjäger Kimmerlinger, wenn man genau sein will. Er ist ein Original gewesen, und er hat seinen eigenen Humor und einen hellen Verstand gehabt und dazu eine Menschenkenntnis, um die ihn mancher beneidet hätte.",html:dra
https://hoerspiele.dra.de/detailansicht/1427146,Seine Rolle finden,DRA,"In Europa heißt er David Hirsch, in Amerika David Hurst, und geboren ist er als Heinrich Theodor Hirsch. Als ihm 1935 ein Junge in einem Berliner Hinterhof sagte, er dürfe nicht mehr mit ihm spielen, weil er, David, Jude sei, war dies: ""mein Anfang mit der Religion"".",html:dra
https://hoerspiele.dra.de/detailansicht/1427158,Tagebuch 1985-1989,DRA,"Die letzten Tagebücher des Autors sind das Protokoll einer großen Liebe und gleichzeitig einer schonungslosen Betrachtung der letzten Dinge: Tod, Krankheit, Einsamkeit. Der größte Teil der Tagebuch-Aufzeichnungen erzählt von den letzten Monaten mit seiner Frau Lola.",html:dra
https://hoerspiele.dra.de/detailansicht/1427972,Briefwechsel mit einem Kollegen,DRA,"Das Hörspiel ""verstehe ich als ein autobiographisch-dokumentarisches. Zwei Schriftstellerkollegen kommen auseinander. Der eine wird in der DDR inhaftiert. Nach einem Dutzend Jahren schreiben sie sich wieder.",html:dra
https://hoerspiele.dra.de/detailansicht/1427974,Briefe für eine Landkarte,DRA,"Der Text schildert in Monologen, Briefausschnitten und kurzen Dialogen das Leben einer jungen Jugoslawin, die ihre Heimat verlassen hat. Von ihrem Mann geschieden, ihrer kleinstädtischen Umwelt entfremdet, hofft sie anderswo bessere Verhältnisse vorzufinden.",html:dra
https://hoerspiele.dra.de/detailansicht/1428416,Wartheländisches Tagebuch,DRA,"Der Verfasser dieses ""Wartheländischen Tagebuchs"" - vom Hörspiel nur als auszugsweise Dokumentation wiedergegeben - war im II. Weltkrieg Bürgermeister in dem vom Nationalsozialismus beherrschten sog.",html:dra
https://hoerspiele.dra.de/detailansicht/1429651,(schreibt auf. unsere haut.) - PROJEKT RAF,DRA,"""Kampfzonen"" - Unter diesem Titel steht eine vierteilige Hörspielreihe, die an der Grenzerfahrung Krieg die alte Frage nach dem Verhältnis von Ästhetik und Moral, Parteinahme und Kunst neu zur Debatte stellt.",html:dra
https://hoerspiele.dra.de/detailansicht/1430360,Stille Bilder kann ich nicht malen,DRA,"Am 31. März wird der Maler Bernhard Heisig 75 Jahre alt. Im Gespräch mit der Hörfunkautorin Marina Leischner-Farschid nimmt er sich Zeit für eine Rückschau auf sein Leben, das stets streitbar und voller Widersprüche war.",html:dra
https://hoerspiele.dra.de/detailansicht/1430397,Der Todestrieb,DRA,"In Frankreich wurde für Jacques Mesrines Autobiographie ein eigenes Gesetz erlassen. Es besagt, daß niemand, der über seine Verbrechen Bücher schreibt, daraus Gewinn erzielen darf.",html:dra
https://hoerspiele.dra.de/detailansicht/1430815,"Wer hören will, wird fühlen",DRA,"Nathalie Sarraute wäre am 18. Juli 100 Jahre alt geworden. Eine ihrer letzten Aussagen über ihr Leben und den zu erwartenden Tod, über ihr Werk und wie sie es verstand, lautete: ""Wenn das, was ich mache, nicht schwierig ist, erregt und stimuliert es mich nicht.",html:dra
https://hoerspiele.dra.de/detailansicht/1432185,Ich spreche als Mensch,DRA,"Max Aub wird am 2. Juni 1903 in Paris geboren. Sein Vater ist Deutscher, seine Mutter Französin. Beide Eltern sind Juden, Aub aber wird konfessionslos erzogen. Bei Ausbruch des 1. Weltkriegs muss die Familie Frankreich verlassen und zieht nach Valencia.",html:dra
https://hoerspiele.dra.de/detailansicht/1431093,Ich bin so gierig nach Leben,DRA,"Ich bin jung, ich bin sinnlich, ich habe schreckliche Angst vor dem Altern. Warum soll ich denn nicht mein Leben genießen? In zehn oder zwanzig Jahren ist alles vorbei - wenn ich nicht sogar schon vorher sterbe, schrieb Brigitte Reimann mit 22 Jahren.",html:dra
https://hoerspiele.dra.de/detailansicht/1432481,Worpsweder Tagebuch,DRA,"Den verregneten Sommer 1978 verbrachte der Autor als Stipendiat im Atelierhaus in Worpswede. Es entstand ein Tagebuch, das Aufschluß gibt über die privaten und beruflichen Probleme eines Schriftstellers von heute, der zutreffender als ein ""Medien-Arbeiter"" zu bezeichnen wäre, erwies sich als ideale Grundlage für ein Hörspiel neuer Art.",html:dra
https://hoerspiele.dra.de/detailansicht/1433537,Tagebuch/Diario,DRA,"""Ich erinnere mich an Ottavia, die Spinnwebenstadt, an Chloe, wo sich die Menschen auf der Straße nicht kennen, an die Stadt Tamara, wo das Auge nichts sieht, außer Umrisse von Dingen, die andere Dinge bedeuten."" (aus: ""Tagebuch/Diario"").",html:dra
https://hoerspiele.dra.de/detailansicht/1433539,Edgar Varèse,DRA,"""Die Emanzipation der Akustischen Kunst im 20. Jahrhundert hat sich auf verschiedenen Wegen entwickelt - vor allem als Emanzipation der Geräusche und als Emanzipation von Stimme und klingender Sprache.",html:dra
https://hoerspiele.dra.de/detailansicht/1434071,Teresas Tagebuch,DRA,"Großpapa und Max stehen vor dem Thermometer. ""Was für eine Hitze"", stöhnt Großpapa, ""die typischen Hundstage."" ""Es ist sehr heiß, nicht gerade 337, aber immerhin 37 Grad, die typischen Hundstage eben"", schreibt Teresa in ihr Tagebuch.",html:dra
https://hoerspiele.dra.de/detailansicht/1434175,Peter Zwetkoff - Porträt des Komponisten als Hörspielmacher,DRA,"Am 15. April 1925 wurde Peter Zwetkoff als Sohn eines bulgarischen Vaters und einer österreichischen Mutter geboren und wuchs in Tirol auf. Die deutsche Besetzung Österreichs und der antifaschistische Widerstand dagegen waren die Erfahrungen, die Peter Zwetkoff geprägt haben und von der Mehrheit seiner Generation unterscheiden.",html:dra
https://hoerspiele.dra.de/detailansicht/1435644,Eismitte,DRA,"Weitere Informationen Werner Hofmeister, Ulrich Müller und Siegfried Rössert leben und arbeiten als Musiker- und Komponistenteam unter dem Namen ""48 nord"" in München. Zwei wesentliche Charakteristika kennzeichnen die Musik von 48 nord.",html:dra
https://hoerspiele.dra.de/detailansicht/1436245,Blitzlichter (2. Teil: Souveränität der Lächerlichkeit),DRA,"Ilse Aichinger erzählt auf eine eigenwillige Art und Weise ihr Leben. In kurzen Texten, beschreibt sie Filme - und diese Feuilletons werden zur Autobiographie der begeisterten Kinobesucherin.",html:dra
https://hoerspiele.dra.de/detailansicht/1436056,Auf der Suche nach dem Klanng - Atanasio Khyrsh und die Musik der Zukunft,DRA,In dieser internationalen Hörspielproduktion wird der ebenso erstaunlichen wie spannenden Biographie des bisher kaum bekannten zeitgenössischen Komponisten Atanasio Khyrsh nachgegangen.,html:dra
https://hoerspiele.dra.de/detailansicht/1436678,Zur Zeit - live,DRA,"""Zur Zeit"" ist eine Suche, eine Reise, der Versuch einer zu hörenden Standortbestimmung. Dabei spielt autobiographisch-dokumentarisches Klangmaterial aus den letzten 12 Jahren eine große Rolle.",html:dra
https://hoerspiele.dra.de/detailansicht/1436732,"""Leuchtkugeln aus Blut"" - Ein Thomas Harlan Porträt",DRA,"Sendung über Thomas Harlan, Autor der Trilogie ""Rosa - Die Akte Rosa Peham"" und ""Rosa - Die Reise nach Kulmhof 1 und 2""",html:dra
https://hoerspiele.dra.de/detailansicht/1436832,Koljas Briefe,DRA,"Eine alte Frau erzählt von einer frühen Liebe, für die es keinen Platz gab. Das Gegenüber, ein junger Rechtsanwalt, den sie sorgsam ausgewählt hat und für sein geduldiges Zuhören bezahlt, schweigt.",html:dra
https://hoerspiele.dra.de/detailansicht/1436805,Ich bin einsam wie...,DRA,"ich fürchte das warme Leben in mir zu erkälten an der eiskalten Geschichte des Tags..."" Friedrich Hölderlin. ""Diejenigen, welche ihre Natur von der Gemeinschaft fernhält...",html:dra
https://hoerspiele.dra.de/detailansicht/1437211,Blitzlichter (3. Teil: Augenblicke von Entschluss und Untergang),DRA,"Ilse Aichinger erzählt auf eine eigenwillige Art und Weise ihr Leben. In kurzen Texten, beschreibt sie Filme - und diese Feuilletons werden zur Autobiographie der begeisterten Kinobesucherin.",html:dra
https://hoerspiele.dra.de/detailansicht/1437210,Blitzlichter (1. Teil: Film und Verhängnis),DRA,"Ilse Aichinger erzählt auf eine eigenwillige Art und Weise ihr Leben. In kurzen Texten, beschreibt sie Filme - und diese Feuilletons werden zur Autobiographie der begeisterten Kinobesucherin.",html:dra
https://hoerspiele.dra.de/detailansicht/1437212,Blitzlichter (4. Teil: Entwurf einer Zukunft),DRA,"Ilse Aichinger erzählt auf eine eigenwillige Art und Weise ihr Leben. In kurzen Texten, beschreibt sie Filme - und diese Feuilletons werden zur Autobiographie der begeisterten Kinobesucherin.",html:dra
https://hoerspiele.dra.de/detailansicht/1437213,Blitzlichter (5. Teil: Journal des Verschwindens),DRA,"Ilse Aichinger erzählt auf eine eigenwillige Art und Weise ihr Leben. In kurzen Texten, beschreibt sie Filme - und diese Feuilletons werden zur Autobiographie der begeisterten Kinobesucherin.",html:dra
https://hoerspiele.dra.de/detailansicht/1437296,"Melville, der Rätselhafte",DRA,"Herman Melville, geboren 1819 in New York, begann 1841 als einfacher Matrose auf Walfangschiffen. Es folgten: Desertion, Aufenthalt bei einem von der Zivilisation völlig unberührten polynesischen Eingeborenenstamm, Meuterei an Bord eines Walfängers, Flucht aus einem Gefängnis in Tahiti, Dienst auf einem amerikanischen Kriegsschiff.",html:dra
https://hoerspiele.dra.de/detailansicht/1437268,The making of Roaratorio,DRA,"Ein irischer Circus über Finnegans Wake"", einem Schlüsselwerk der Akustischen Kunst, verband John Cage seine Erfahrungen mit Musik und Poesie, Lautdichtung und Naturlaut, Umweltklang und Tonbandmontage sowie seine Eingebundenheit in den Zen zu einer allumfassenden, klingenden Kosmogonie.",html:dra
https://hoerspiele.dra.de/detailansicht/1437351,Tagebuch eines sentimentalen Killers,DRA,"""Der einzige Grund, jemanden zu töten, ist ein Scheck über eine siebenstellige Summe. Steuerfrei."" - das sagt der Killer und er ist ein Profi.",html:dra
https://hoerspiele.dra.de/detailansicht/1437384,Nie wieder! (3. Teil: Briefe an Barbara),DRA,"Ein Vater schreibt Briefe an seine Tochter. Er ist Soldat im Zweiten Weltkrieg, weit weg. Er dient an der Ostfront, in der Ukraine. Barbara, an die sich die Briefe richten, lebt mit der Mutter in Amsterdam.",html:dra
https://hoerspiele.dra.de/detailansicht/1438374,Memorial,DRA,"Memorial heißt zur Erinnerung, heißt Mahnmal. Ein Erlebnisbericht von Günther Weisenborn über die Würdigung des antifaschistischen Widerstandes gegen Hitler.",html:dra
https://hoerspiele.dra.de/detailansicht/1440546,Ein Jahr mit Thomas Bernhard (2. Teil: Wegen 2 Minuten kann nicht gespielt werden),DRA,"""Man glaubt kaum, was man 600 Seiten lang liest. Tagebuch, Protokoll, Reporterprosa, die sich läutert zu Heldenehrung, sich im nächsten Satz verdunkelt zur Autorenbeschimpfung, Liebeserklärung und Kampfansage.",html:dra
https://hoerspiele.dra.de/detailansicht/1441137,"Zur Zeit - live, revisited",DRA,"""'Zur Zeit' ist eine Suche, eine Reise, der Versuch einer zu hörenden Standortbestimmung. Dabei spielt autobiographisch-dokumentatorisches Klangmaterial aus den letzten 12 Jahren eine große Rolle.",html:dra
https://hoerspiele.dra.de/detailansicht/1441250,Heim-Suchungen,DRA,"Die Finanzämter können bestätigen, dass die schwache Minderheit der freien Autoren ausgebeutet wird; denn ihre durchschnittliche Einkommensgröße rangiert auf einer Stufe mit den Hilfsarbeitern, ihre soziale Sicherheit weit darunter.",html:dra
https://hoerspiele.dra.de/detailansicht/1441212,Ein Porträt des plattdeutschen Autors Christian Holsten,DRA,Ein Porträt des plattdeutschen Autors Christian Holsten.,html:dra:row:title
https://hoerspiele.dra.de/detailansicht/1441789,Fortsetzung einer Biographie,DRA,"Die Autorin erzählt von einem sechszehnjährigen Mädchen, das weder auf mütterliche Tränen noch auf Schlägedes Vaters reagiert. Es ist auf stille Weise einfach renitent, gibt unverbindliche Auskünfte an die hinzugezogene Fürsorgerin, scheint eigentlich ein ""liebes"" Mädchen zu sein.",html:dra
https://hoerspiele.dra.de/detailansicht/1441334,Deiner fernen Wüste Trauer,DRA,"Kurz vor dem Ural bleibt eine Kutsche im Schneesturm stecken. Die Reisenden: die 21-jährige Fürstin Maria Wolkonskaja mit ihrer störrischen Kammerzofe. Im Gepäck hat Maria wenig mehr als die Erinnerungen an eine behütete Kindheit, Liebesgedichte von Alexander Puschkin und Melodien aus der Ukraine - vor ihr liegt die Strecke von 6500 Kilometern nach Sibirien.",html:dra
https://hoerspiele.dra.de/detailansicht/1442954,Ein weiter Weg (Teil 1: Aller Anfang ist Maloche),DRA,"Werdegang eines jungen Arbeiters zu einem kommunistischen Politiker. Als der junge Arbeiter Robert Hesse gegen die Arbeitsbedingungen in einem Sägewerk in der Pfalz protestiert, wird er entlassen.",html:dra
https://hoerspiele.dra.de/detailansicht/1442955,Ein weiter Weg (Teil 2: Heimfahrt ins gelobte Land),DRA,"Werdegang eines jungen Arbeiters zu einem kommunistischen Politiker. Robert Hesse, gewählt in den Soldatenrat seines Artillerieregiments, glaubt an die Möglichkeiten einer republikanischen Schutzwehr.",html:dra
https://hoerspiele.dra.de/detailansicht/1442956,Ein weiter Weg (Teil 3: Das Jahr 1923),DRA,"Werdegang eines jungen Arbeiters zu einem kommunistischen Politiker. Robert Hesse, nun Mitglied einer kommunistischen Betriebszelle einer Kohlengrube und Organisationsleiter, nimmt an den revolutionären Kämpfen gegen Inflation und Ruhrbesetzung teil.",html:dra
https://hoerspiele.dra.de/detailansicht/1442957,Ein weiter Weg (Teil 4: Schlesisches Zwischenspiel),DRA,"Vorlage: Alternative - Bilanz - Credo (Autobiographie) Bearbeitung (Wort): Rolf Gumlich Komposition: Bernd Wefelmeyer Dramaturgie: Ludwig Achtel Technische Realisierung: Hans-Jürgen Wollermann, Gunhild Baudach Regieassistenz: Hannelore Solter",html:dra
https://hoerspiele.dra.de/detailansicht/1442958,Ein weiter Weg (Teil 5: Wetterleuchten),DRA,Werdegang eines jungen Arbeiters zu einem kommunistischen Politiker.,html:dra
https://hoerspiele.dra.de/detailansicht/1442959,Ein weiter Weg (Teil 6: Und wenn es tausend Jahre wären),DRA,"Werdegang eines jungen Arbeiters zu einem kommunistischen Politiker. Die nationalsozialistische Justiz versucht ohne Erfolg, Robert Hesse zum Verrat an der KPD zu bewegen.",html:dra
https://hoerspiele.dra.de/detailansicht/1442960,Ein weiter Weg (Teil 7: Die lange Nacht),DRA,"Werdegang eines jungen Arbeiters zu einem kommunistischen Politiker. Robert Hesse geht durch das Martyrium der nationalsozialistischen Konzentrationslager, arbeitet in der kommunistischen Lagerleitung und wird schließlich in die Steinbrüche nach Flossenburg abgeschoben, wo er liquidiert werden soll.",html:dra
https://hoerspiele.dra.de/detailansicht/1442961,Ein weiter Weg (Teil 8: Ankunft in der Stunde Null),DRA,"Werdegang eines jungen Arbeiters zu einem kommunistischen Politiker. Robert Hesse kehrt im Frühjahr 1945 nach Leipzig zurück, widmet sich der Organisation und Zusammenfassung der antifaschistischen Kräfte, wird aber wegen dieser Tätigkeit von der amerikanischen Besatzungsmacht verfolgt.",html:dra
https://hoerspiele.dra.de/detailansicht/1443138,Zwei Briefe an Pospischiel (Teil 2: Der zweite Brief),DRA,"In die, wie es scheint, gesicherte Welt des Arbeiters Paul Pospischiel und seiner Familie und Kollegen dringt eine alarmierende Nachricht: Pospischiels Mutter teilt ihrem Sohn mit, daß sie jenen Mann entdeckt habe, der seinen Vater an die Nationalsozialisten verriet, und sie benennt auch einen Zeugen.",html:dra
https://hoerspiele.dra.de/detailansicht/1443137,Zwei Briefe an Pospischiel (Teil 1: Der erste Brief),DRA,"In die, wie es scheint, gesicherte Welt des Arbeiters Paul Pospischiel und seiner Familie und Kollegen dringt eine alarmierende Nachricht: Pospischiels Mutter teilt ihrem Sohn mit, daß sie jenen Mann entdeckt habe, der seinen Vater an die Nationalsozialisten verriet, und sie benennt auch einen Zeugen.",html:dra
https://hoerspiele.dra.de/detailansicht/1443189,Biographie einer Landschaft,DRA,"Zwei Oberschüler erhalten von der FDJ den Auftrag, Details eines 1933 in Mecklenburg verübten Fememordes zu erkunden. Dieser Auftrag soll zur weiteren Erhellung der örtlichen Geschichte der Arbeiterbewegung beitragen.",html:dra
https://hoerspiele.dra.de/detailansicht/1443207,Erwachen in Mississippi,DRA,"Die junge Schwarze Anne Moody berichtet in einem Monolog über ihre Eltern, Familie, Schule, ihre Arbeit als Hausangestellte bei ""weißen Familien"", die Diskriminierung von Schwarzen in Mississippi, ihren Weg zur Bürgerrechtsbewegung sowie ihre Hoffnungen und Erfolge mit der schwarzen und weißen Bürgerrechtsbewegung.",html:dra
https://hoerspiele.dra.de/detailansicht/1443224,Briefe in die Ferne,DRA,Das auf späteren Profit ausgerichtete Hilfsangebot eines westdeutschen Konzerndirektors und die aufrichtige Solidaritätsbekundung einer Arbeiterfamilie aus der DDR nach Vietnam in Briefen nach Kriegsende.,html:dra
https://hoerspiele.dra.de/detailansicht/1443211,Die letzte Seite im Tagebuch,DRA,"Der Alltag einer 17jährigen Oberschülerin: Sie reibt sich an ihrer Umwelt - das ist für sie vor allem Elternhaus und Schule. Dazu kommt eine unglückliche Liebesgeschichte, ein Berufswunsch, der nicht sofort in Erfüllung geht, - alles normale, durchschnittliche Probleme.",html:dra
https://hoerspiele.dra.de/detailansicht/1443355,Briefe an Anne,DRA,"Ein Student aus der DDR beginnt sein fünfjähriges Studium in Charkow (Sowjetunion). In Briefen an seine Freundin in Leipzig werden seine ersten Begegnungen, Eindrücke, Erfahrungen mit der Sowjetunion lebendig.",html:dra
https://hoerspiele.dra.de/detailansicht/1443344,Briefe aus New York,DRA,Eine aus Deutschland in die USA eingewanderte 50jährige Frau sucht als Lektorin in New York Arbeit und eine eigene Wohnung. Sie erfährt die schwierigen Bedingungen auf dem Arbeitsmarkt und Wohnungsmarkt und die daraus resultierenden Auswirkungen auf die zwischenmenschlichen Beziehungen.,html:dra
https://hoerspiele.dra.de/detailansicht/1443399,Das Tagebuch der Eva Forest,DRA,"Das Hörspiel verwendet Originaltagebuchaufzeichnungen der in einem spanischen Gefängnis einsitzenden Antifaschistin Eva Forest, der Frau des spanischen Dramatikers Alfonso Sastre.",html:dra
https://hoerspiele.dra.de/detailansicht/1443441,"Jürgen Gundlach, Produktionsdirektor der LPG Kotelow",DRA,"Jürgen Gundlach, Produktionsdirektor der LPG Kotelow, wird von einem Autor über seine Arbeit befragt. Der Autor und Mitarbeiter von Gundlach äußern sich über dessen fehlerlose und vorbildliche Arbeit.",html:dra
https://hoerspiele.dra.de/detailansicht/1443482,Erinnerungen an Rüdiger Kremer,DRA,"Weitere Informationen Peter Dahl, geboren 1942, studierte Germanistik und Soziologie. Er arbeitete als Journalist bei Nachrichtenagenturen, Zeitungen und Zeitschriften (""konkret"", ""pardon"").",html:dra
https://hoerspiele.dra.de/detailansicht/1443438,"Gertrud Westphal, Dreherin im VEB Büromaschinenwerk Sömmerda",DRA,"Die Dreherin Gertrud Westphal aus dem VEB Büromaschinenwerk Sömmerda, ihr Brigadier und ihr Ehemann berichten über ihren vorbildlichen Arbeitseinsatz.",html:dra
https://hoerspiele.dra.de/detailansicht/1443439,"Willi Stachelhaus, Brigadier im VEB Kranbau Eberswalde",DRA,Der Brigadier Willi Stachelhaus im Kranbau Eberswalde berichtet über sein Engagement im Arbeitsalltag.,html:dra
https://hoerspiele.dra.de/detailansicht/1443485,Der Fliegerpfeil,DRA,"In seinem Tagebuch aus dem ersten Weltkrieg notiert Robert Musil: ""Das Schrapnellstück oder der Fliegerpfeil auf Tenna: Man hört es schon lange. Ein windhaft pfeifendes oder windhaft rauschendes Geräusch.",html:dra
https://hoerspiele.dra.de/detailansicht/1443955,Ryôan-Ji oder Die Gärten der Leere / Just to rolywholyover,DRA,"""Ryôan-Ji oder Die Gärten der Leere"" ist eine Reflexion über die bildnerischen Arbeiten von John Cage. Sie stehen in einem rhizomatischen Beziehungsgeflecht zu seinen musikalischen, poetischen und vom Geist des Zen durchdrungenen Werken.",html:dra
https://hoerspiele.dra.de/detailansicht/1443954,Mushroom Talk,DRA,John Cage (5.9.1912-12.8.1992) zählt zu den vielseitigsten und wegweisenden Künstlerpersönlichkeiten des 20. Jahrhunderts.,html:dra
https://hoerspiele.dra.de/detailansicht/1444158,Erinnerungen,DRA,"Weitere Informationen Ein quicker Moderator begrüßt die Zuhörer einer Live-Diskussion. ""Das heutige Thema unserer Sendereihe 'Zeitgeschichte für Zeitgenossen' ist die Frage nach einer notwendig gewordenen Neurezeption der Geschichte von den Bremer Stadtmusikanten.",html:dra
https://hoerspiele.dra.de/detailansicht/1444026,Wie eine Staubwolke von Noten,DRA,"""Der Versuch eines Autors, in die 'geschlossene Gesellschaft' eines Konzertorchesters Einlaß zu finden. Das Instrument Orchester wird in seine Bestandteile zerlegt. Hinter diesen Bestandteilen steht der einzelne Musiker, seine Arbeit mit einem bestimmten Instrument.",html:dra
https://hoerspiele.dra.de/detailansicht/1444843,Das Handwerk des Lebens (1. Teil: 1935-1939),DRA,"""Es ist die Geschichte eines Mannes, dem es äußerst schwer fiel zu leben, und seines Kampfes, einen Platz im Leben zu finden, oder sterben zu können, damit er genug zu leben und genug zu sagen habe."" Das literarische Tagebuch als eine Form der existenziellen Vergewisserung: Cesare Pavese hat von 1935, der Zeit seiner Verbannung im Faschismus, bis 1950 sein…",html:dra
https://hoerspiele.dra.de/detailansicht/1444869,Blitzlichter (Langfassung),DRA,"Ilse Aichinger erzählt auf eigenwillige Art und Weise ihr Leben. Knapp, existenziell - eine ganz andere Autobiographie, die sich im Wesentlichen über Kinobesuche definiert.",html:dra
https://hoerspiele.dra.de/detailansicht/1444844,Das Handwerk des Lebens (2. Teil: 1939-1950),DRA,"""Es ist die Geschichte eines Mannes, dem es äußerst schwer fiel zu leben, und seines Kampfes, einen Platz im Leben zu finden, oder sterben zu können, damit er genug zu leben und genug zu sagen habe."" Das literarische Tagebuch als eine Form der existenziellen Vergewisserung: Cesare Pavese hat von 1935, der Zeit seiner Verbannung im Faschismus, bis 1950 sein…",html:dra
https://hoerspiele.dra.de/detailansicht/1445045,Blagomir Alexiev - Ein Porträt,DRA,"Ein Porträt des Autors Blagomir Alexiev, der mit dem Karl-Sczuka-Förderpreis des SWR ausgezeichnet wurde. Blagomir Alexiev, geboren 1954 in Varna/Bulgarien, beendete seine Ausbildung 1973 in Sofia, arbeitete dort 1977 bis 1984 als Musiker und von 1984 bis 1997 als Toningenieur im Studio der Nationalen Theater- und Filmakademie.",html:dra
https://hoerspiele.dra.de/detailansicht/1445261,Porträt einer verfilmten Landschaft,DRA,"Fremdenverkehrsort ihrer steirischen Heimat ""Ramsau am Dachstein"", Ihr Hörstück hat sie nachträglich aus jenem Material aufgebaut, das ""bis auf wenige Interviews und Statements dem Schnitt zum Opfer fiel"".",html:dra
https://hoerspiele.dra.de/detailansicht/1445980,Verurteilt oder Christa Palms Briefe in den Knast,DRA,"Januar 1963 wird Manfred Gillich bei einem Einbruch in ein Pelzgeschäft gestellt und in U-Haft genommen. Zu dieser Zeit arbeitet seine Verlobte, Christa Palm, als Serviererin in einer Kölner Gaststätte, die von der Mutter des Inhaftierten betrieben wird.",html:dra
https://hoerspiele.dra.de/detailansicht/1446234,Exakte Vision. Helen Hessels Jules und Jim,DRA,"""Exakte Vision"" erzählt die Geschichte einer Legende gewordenen Liebesbeziehung. Helen Hessel ist die Frau zwischen den Schriftstellern Franz Hessel und Henri-Pierre Roché, sie lernte die beiden engen Freunde 1912 in Paris kennen.",html:dra
https://hoerspiele.dra.de/detailansicht/1446549,Le Rêveur Au Sourire Passager,DRA,"Leo Küpper, geboren 1935, studierte Komposition und Musikwissenschaft. 1967 gründete er in Brüssel ein eigenes Studio, ""Studio de Recherches et de Structurations Electroniques Auditives"".",html:dra
https://hoerspiele.dra.de/detailansicht/1446756,Schlußball (1. Teil: Erinnerungen aus Neu-Spuhl),DRA,Schlußball (1. Teil: Erinnerungen aus Neu-Spuhl),html:dra:row:title
https://hoerspiele.dra.de/detailansicht/1446878,48 PS. Zur Biographie der Autos,DRA,"In unserem Hörspiel soll die Biographie eines Autos akustisch aufgezeichnet werden. Wir haben einen Wagen der Mittelklasse gewählt, weil diese Größenklasse sowohl von Arbeitern als auch von Angestellten bevorzugt gekauft wird.",html:dra
https://hoerspiele.dra.de/detailansicht/1446910,The Retreat Diaries - Tagebuch eines Rückzugs,DRA,"""'Das Tagebuch eines Rückzugs' ist kein chronologisches Tagebuch.",html:dra
https://hoerspiele.dra.de/detailansicht/1446943,Fanny,DRA,"Am 25. Februar 1881 ist Fanny Mayer in Basel dem Hilferuf ihres Bruders gefolgt und nach einer qualvollen Winterreise auf den Feldberg gekommen. Sie findet ein Neugeborenes vor, dessen Mutter gestorben ist, und sie verspricht, ihrem Bruder so lange beizustehen, bis er jemanden gefunden hat, der sich um das Kind und das Gasthaus kümmert.",html:dra
https://hoerspiele.dra.de/detailansicht/1446946,"Im Zug der Zeit oder Wo geht's lang, Genosse Stalin? (2. Teil: Von Moskau in den Krieg)",DRA,"Georgi Dimitroff ist einer der wenigen herausragenden kommunistischen Führer des 20. Jahrhunderts, deren Ruhm sowohl im Osten als auch im Westen zumindest in Teilen bis heute überdauert hat.",html:dra
https://hoerspiele.dra.de/detailansicht/1447208,Außer Briefe schreiben kann man hier nichts,DRA,"Dem Hörspiel, das von der Geschichte des 14jährigen Schülers Markus handelt, liegt ein authentischer Fall zugrunde. Markus gilt allgemein als ein ""aufsässiger Junge"". Er fügt sich nicht den gültigen Erziehungsnormen, beharrt auf seinen eigenen Wegen.",html:dra
https://hoerspiele.dra.de/detailansicht/1447246,Trem Pàssaro,DRA,"Die brasilianische Komponistin Denise Garcia, die in São Paulo bei Willy Corrèa de Oliviera und in Detmold und München Komposition für instrumentale Musik studierte, beschäftigt sich seit den 90er Jahren zunehmend mit elektroakustischer Musik.",html:dra
https://hoerspiele.dra.de/detailansicht/1447238,Das einzig Sichere ist das Wagnis,DRA,"Als Felix Jackson, alias Felix Joachimson, 1992 90-jährig in Kalifornien stirbt, gehört er zu den wenigen Emigranten, die es im amerikanischen TV-Business geschafft haben.",html:dra
https://hoerspiele.dra.de/detailansicht/1447271,Reden in der Dämmerung,DRA,Paul wurde in den letzten Tages des Zweiten Weltkrieges als Schüler zur Verteidigung des Heimatorts eingesetzt. Dabei kamen mehrere Klassenkameraden ums Leben. Nun erinnert er sich des Nachts dieser Geschehnisse.,html:dra
https://hoerspiele.dra.de/detailansicht/1447446,"Hilde Duwe, Arbeiterin im VEB Alwo in Brandenburg",DRA,Arbeiterinnen eines Textilbetriebes erklären sich aus Dankbarkeit und Anerkennung für ihre engagierte Kollegin Hilde Duwe zu einer Sonderschicht zugunsten einer Solidaritätsaktion für Vietnam bereit.,html:dra
https://hoerspiele.dra.de/detailansicht/1447582,Der Vortrag,DRA,"In einer Tagebuchgeschichte beschreibt eine vierzehnjährige Schülerin ihre Enttäuschung, als sie entdeckt, dass ihr Vater als Schüler bei weitem nicht das Vorbild war, als welches er sich in seinen Moralpredigten immer darstellt.",html:dra
https://hoerspiele.dra.de/detailansicht/1447448,"Irene Richter, Schichtmeister im VEB Kunstseidenwerk ""Siegfried Rädel"" in Pirna",DRA,"Irene Richter, Schichtmeister im VEB Kunstseidenwerk ""Siegfried Rädel"" in Pirna, erinnert sich an ihren Werdegang von der Arbeiterin bis zur Meisterin und den damit verbundenen Anforderungen.",html:dra
https://hoerspiele.dra.de/detailansicht/1447447,"Siegfried Pilling, Meister im Fritz-Heckert-Werk in Karl-Marx-Stadt",DRA,"Verschiedene Menschen schildern den vorbildlichen Arbeitseinsatz von Siegfried Pilling, Meister im Fritz-Heckert-Werk in Karl-Marx-Stadt.",html:dra
https://hoerspiele.dra.de/detailansicht/1447450,Keine Irrfahrt für Odysseus oder Erinnerungen eines gewissen Kautz,DRA,"Als der Soldat Otto Kautz aus dem Zweiten Weltkrieg zurückkehrt, lebt seine Frau und ihr gemeinsamer Sohn mit dem Lehrer des Ortes zusammen. Seinen Lebensunterhalt verdient er als Erfasser von bei den Bauern der Umgebung versteckten Lebensmitteln, die er für die Versorgung der Menschen requiriert.",html:dra
https://hoerspiele.dra.de/detailansicht/1447451,"Lieselotte Kullmann, Textilarbeiterin im VEB Buntgarnwerke Leipzig-Markleeberg",DRA,"Mitarbeiter loben den vorbildlichen Arbeitseinsatz ihrer Kollegin Lieselotte Kullmann, Textilarbeiterin im VEB Buntgarnwerke Leipzig-Markkleeberg.",html:dra
https://hoerspiele.dra.de/detailansicht/1447662,Dero ergebenster Lessing,DRA,"Schilderung der Jahre Gotthold Ephraim Lessings in Wolfenbüttel: seine finanzielle Not, die Ehe mit Eva König, der Tod von Frau und Kind und der ständige Streit mit dem Hof in Briefen, Schriften und anderen Dokumenten.",html:dra
https://hoerspiele.dra.de/detailansicht/1447613,Alles Humbug,DRA,"Ein junger begüterter Mann aus den Vereinigten Staaten wirft dem Amerikaner, Manager und Allerweltskerl Barnum unseriöse Geschäfte vor. Barnum hat dem staunenden und zahlenden Publikum die angebliche Amme Washingtons, eine Seejungfrau und die ""Schwedische Nachtigall"" präsentiert.",html:dra
https://hoerspiele.dra.de/detailansicht/1447948,Rudi ist tot,DRA,"Portraitiert wird das Leben des Gewerkschafts-, SED- und Wirtschaftsfunktionärs (O-Ton) Rudi Rubbel, der vor kurzer Zeit bei einem Unfall ums Leben gekommen ist. Seine Karriere als Funktionär nach dem Zweiten Weltkrieg wird anhand von (O-Ton) N.",html:dra
https://hoerspiele.dra.de/detailansicht/1447707,Und morgen geht's weiter,DRA,"Portrait des Gießereiingenieurs, Kandidaten der SED-Bezirksleitung und designierten Parteisekretärs seines Betriebes Horst Trute, Jahrgang 1944, aus Wernigerode.",html:dra
https://hoerspiele.dra.de/detailansicht/1448012,"Damals, als ich heimkam",DRA,"Der junge, kriegsverwundete Rondell versucht sich im ersten Nachkriegssommer wieder in der einst gewohnten Umgebung seiner erzgebirgischen Heimat zurechtzufinden, Lebensmittel zu organisieren, der allgemeinen Zerstörung zu entfliehen.",html:dra
https://hoerspiele.dra.de/detailansicht/1448573,Der letzte Penny,DRA,"""Woran wirst du denken, wenn du stirbst?"" Die Frage nach dem letzten Gedanken ist die Frage nach einem Leben: dem des Autors. Die fünf Figuren sind zugleich Menschen, die dieses Leben bestimmten und Variationen seiner selbst.",html:dra
https://hoerspiele.dra.de/detailansicht/1448675,"""Sehr verehrter Heinz Rühmann...""",DRA,"Sie sind der beliebteste deutsche Schauspieler des vergangenen Jahrhunderts."" Im Nachlass des Schauspielers finden sich zahlreiche Fanbriefe, die Rühmann aufbewahrte. Sie belegen eindrucksvoll, wie sehr sich das Publikum seinem Star anvertraut, sich ihm öffnet, ja mitunter hingibt.",html:dra
https://hoerspiele.dra.de/detailansicht/1448805,Das türkische Rezept oder Leichenschmaus mit Erinnerungen (mit Musikwalzer),DRA,"""Das türkische Rezept"" stammt, handgeschrieben, von einem Mann, der damals, in dunkler Vergangenheit (1938) vom Fleck weg verhaftet wurde. Nun ist ein Konditor den Überresten des Kochbuchs auf der Spur - bis zu einem eigenen, jähen Tod.",html:dra
https://hoerspiele.dra.de/detailansicht/1448840,Tagebuch einer Anpassung,DRA,"Lehrer Graversen entschließt sich, ein Tagebuch zu führen. Was zunächst wie ein Bericht über seine Ehekrise und ein paar Frauengeschichten aussieht, stellt sich am Ende als die Geschichte eines Opportunisten dar, der sich verurteilt, indem er sich rechtfertigt.",html:dra
https://hoerspiele.dra.de/detailansicht/1448839,Das Tagebuch des Benjamin Gniebel,DRA,"Der Autor erzählt die Geschichte der Familie Gniebel, die jahrelang ein ruhiges, harmonisches Leben geführt hat, bis plötzlich Sohn Paul entdeckt, daß seine Schwester Hilde ein Verhältnis zu einem verheirateten Mann hat.",html:dra
https://hoerspiele.dra.de/detailansicht/1448841,"Tagebuch einer Liebe oder Jetzt erzählen wir uns eine Geschichte, in der jetzt immerzu jetzt bleibt",DRA,"In West-Berlin, in der S-Bahn am Morgen lernen sie sich kennen, Veronika und Jens; sie auf dem Weg in die Buchhandlung, in der sie arbeitet, und er, verheiratet, auf dem Weg zur Universität.",html:dra
https://hoerspiele.dra.de/detailansicht/1449067,Die Erinnerungen von Ludolf Ursleu dem Jüngeren (1. Teil),DRA,"Der bedeutende Gesellschaftsroman der 28jährigen Ricarda Huch schildert (sieben Jahre vor Thomas Mann) die Schicksale einer hanseatischen Patrizierfamilie, greift das Thema Liebe kontra Wirklichkeit auf.",html:dra
https://hoerspiele.dra.de/detailansicht/1449069,Die Erinnerungen von Ludolf Ursleu dem Jüngeren (2. Teil),DRA,Vorlage: Erinnerungen von Ludolf Ursleu dem Jüngeren (Roman) Bearbeitung (Wort): Barbara Bondy Komposition: Harro Torneck Regieassistenz: Michaela Lange,html:dra
https://hoerspiele.dra.de/detailansicht/1449433,Sympathetic Streams,DRA,"""Komponisten haben oft ein ähnliches Problem mit Sound wie mancher Maler mit der akademischen Malerei: Man kann auch übertrainiert sein. Das Aufregende an der Auseinandersetzung bildender Künstler mit Sound ist ihre Naivität gegenüber dem, was sie produzieren."" (Terry Fox) Der Mann, der das sagt, ist einer der stillen Stars der Kunstszene.",html:dra
https://hoerspiele.dra.de/detailansicht/1449453,Die Mimen kommen,DRA,"Die Theaterferien beginnen und die Mimen gehen wie jedes Jahr nach Griechenland. Dort erzählen sie sich dann, wie die Vergangenheit war, geben an, sind eifersüchtig. Ein vergnügliches Stück über das Leben ""neben der Bühne"".",html:dra
https://hoerspiele.dra.de/detailansicht/1450550,Ediths Tagebuch,DRA,Die Geschichte einer Ehe und einer jungen Frau im Amerika in der zweiten Hälfte des 20. Jahrhunderts: Edith Howland zieht mit ihrem Mann Brett und dem Sohn Cliff von New York aufs Land.,html:dra
https://hoerspiele.dra.de/detailansicht/1450729,...und Respekt vor zu Erziehenden,DRA,"06'47 (O-Ton) Gisela Steineckert (mehrfach) über Publikumsreaktionen auf die Ursendung ihres Hörspiels ""Die letzte Seite im Tagebuch"" / über Erziehung von Jugendlichen und dem Generationskonflikt zwischen Eltern und Jugendlichen / zur Reflexion ihrer Erziehung durch ihre Tochter / zu ihrem Umgang mit Jugendlichen /Dazwischen Einspiel mehrerer…",html:dra
https://hoerspiele.dra.de/detailansicht/1462397,Zum 50. Geburtstag des rheinischen Hörspiels,DRA,Zum 50. Geburtstag des rheinischen Hörspiels.,html:dra:title
https://hoerspiele.dra.de/detailansicht/1458120,Früher - das ist heute noch,DRA,"Bei Recherchen in dem Kölner Stadtteil Kalk wurde ein Projektgruppe der Hörspielabteilung zufällig mit Frau B. Man war nach Inweisen an sie herangetreten, weil sie das Viertel kennen sollte; schließlich wohnte sie seit über fünfzig Jahren sogar in ein und demselben Haus.",html:dra
https://hoerspiele.dra.de/detailansicht/1466628,Gerhard Rühm,DRA,"Dem Hörspiel liegt ein Stück einer Zeitungsmeldung zugrunde, nach der ein Mann ausgeraubt und entkleidet in einer Winternacht auf einer Landstraße vergeblich von Autofahrern Hilfe erwartet und schließlich erfriert.",html:dra
https://hoerspiele.dra.de/detailansicht/1466033,Die Sinnlichkeit der Mikrokosmen,DRA,"Seit langem führt er ein akustisches Tagebuch. Der 1947 in Hamburg geborene Klangkomponist und frühere Werbetexter Asmus Tietchens experimentiert seit Mitte der 60er Jahre mit Tonbandgeräten, elektronischen Klangerzeugern und konkretem Klangmaterial.",html:dra
https://hoerspiele.dra.de/detailansicht/1466641,Mauricio Kagel,DRA,Der Hörspielmacher Mauricio Kagel wird von WDR-Redakteur Klaus Schöning vorgestellt. Der in Köln lebende argentinische Komponist Mauricio Kagel gehört zu den kreativsten Produzenten des neuen Hörspiels.,html:dra
https://hoerspiele.dra.de/detailansicht/1466804,"""Ich schreibe für mich und Fremde""",DRA,"""Eine Rose ist eine Rose ist eine Rose"" lautet der berühmteste Satz von Gertrude Stein (1874-1946), eine der am meisten parodierten oder zitierten Satzstrukturen der Literaturgeschichte.",html:dra
https://hoerspiele.dra.de/detailansicht/1470878,Schürflizenz für ins Grab mitgenommene Geheimnisse,DRA,"Durch den Verlust von Robert Musils Wiener Nachlass gegen Ende des Zweiten Weltkriegs, durch die Vernichtung seiner Bibliothek, seiner Familienpapiere, seiner gesamten Korrespondenz bis 1938, seines Foto- und Zeitungsausschnitt-Archivs, aufgrund der Zerstreuung seiner exilierten Freunde über die ganze Welt war die Situation für den Biographen ziemlich…",html:dra
https://hoerspiele.dra.de/detailansicht/1470897,Strahlungen,DRA,"rundlage dieser Hörspielkammeroper sind Texte aus Ernst Jüngers ""Strahlungen"", wobei ein Zentrum die ""Pariser Tagebücher"" sind. Während der deutschen Okkupation Frankreichs war Jünger von Februar 1941 bis zur Befreiung im August 1944 als Hauptmann im deutschen Stabsquartier in Paris.",html:dra
https://hoerspiele.dra.de/detailansicht/1472057,Dschaudars Abenteuer,DRA,"Günter Eich hat seine Funkfassung dieser Erzählung als autobiographisch konzipierte Rahmenerzählung von Dschaudars Mutter aufgebaut, in die dann zwei untereinander verquickte Geschichten eingeschlossen sind.",html:dra
https://hoerspiele.dra.de/detailansicht/1475970,"Eine Bank und drei Stühle, eine Gestalt in Schwarz mit gelbem Hut und im Vordergrund eine schwarze Katze. Der Himmel blassgrün.",DRA,"Der Briefwechsel zwischen dem Maler Vincent van Gogh (1853-1890) und seinem Bruder Theo (1857-1890) dauerte insgesamt 18 Jahre. Keinem anderen Menschen hat sich Vincent so vorbehaltlos geöffnet wie seinem als Kunsthändler tätigen Bruder, ohne dessen Hilfe ein Überleben als Maler nicht möglich gewesen wäre.",html:dra
https://hoerspiele.dra.de/detailansicht/1478889,"Pleiten, Pech und Pflaumbaum (1. Teil: Das Dübelübel)",DRA,"Marco Pflaumbaum ist zwar erst zwölf Jahre alt, fängt aber vorsorglich schon damit an, seine Memoiren zu schreiben. Ereignisreich ist Marcos Leben allemal, und dafür sorgen nicht zuletzt Vater, Mutter und Opa Pflaumbaum, die allesamt ein Händchen fürs Desaster haben.",html:dra
https://hoerspiele.dra.de/detailansicht/1478890,"Pleiten, Pech und Pflaumbaum (2. Teil: Der Wortschatzsucher)",DRA,"Marco Pflaumbaum ist zwar erst zwölf Jahre alt, fängt aber vorsorglich schon damit an, seine Memoiren zu schreiben. Ereignisreich ist Marcos Leben allemal, und dafür sorgen nicht zuletzt Vater, Mutter und Opa Pflaumbaum, die allesamt ein Händchen fürs Desaster haben.",html:dra
https://hoerspiele.dra.de/detailansicht/1478891,"Pleiten, Pech und Pflaumbaum (3. Teil: Der geheime Hund)",DRA,"Marco Pflaumbaum ist zwar erst zwölf Jahre alt, fängt aber vorsorglich schon damit an, seine Memoiren zu schreiben. Ereignisreich ist Marcos Leben allemal, und dafür sorgen nicht zuletzt Vater, Mutter und Opa Pflaumbaum, die allesamt ein Händchen fürs Desaster haben.",html:dra
https://hoerspiele.dra.de/detailansicht/1478893,"Pleiten, Pech und Pflaumbaum (5. Teil: Das chinesische Weihnachtsfest)",DRA,"Marco Pflaumbaum ist zwar erst zwölf Jahre alt, fängt aber vorsorglich schon damit an, seine Memoiren zu schreiben. Ereignisreich ist Marcos Leben allemal, und dafür sorgen nicht zuletzt Vater, Mutter und Opa Pflaumbaum, die allesamt ein Händchen fürs Desaster haben.",html:dra
https://hoerspiele.dra.de/detailansicht/1479014,"""Es geht nicht darum, sich kennenzulernen, sondern sein Leben zu ändern.""",DRA,"Kurz nach dem Zweiten Weltkrieg betrat der Schriftsteller und Philosoph Jean-Paul Sartre die öffentliche Bühne. Ohne Rücksicht auf die Zeremonien des Geistes verwandelte er das Wort und das Denken in eine Streitmacht, wie seit der Aufklärung nicht mehr geschehen - und erst recht nach Sartre nicht.",html:dra
https://hoerspiele.dra.de/detailansicht/1479675,Tagebuch eines Landlebens oder Kein Mord in der Leiblstraße,DRA,"Der bayerische Bilderbogen eines Schriftstellers, der Edgar Allan Poe und Jean Paul liebt. Also mit Zügen einer Kriminalgeschichte, aber auch mit Tagebuchnotizen, mit Liebe, Poesie, Ohnmacht, Verkleidung, Politik.",html:dra
https://hoerspiele.dra.de/detailansicht/1479791,Chemie der Erinnerungen,DRA,"Mit seinen ersten Erfolgen auf den Gebieten der Gedächtnisübertragung und Erinnerungslöschung hat sich Prof. Hegewald das Ziel gesetzt, Geisteskranke durch partielle Gedächtnislöschung von den Auslösern ihrer Psychosen zu befreien.",html:dra
https://hoerspiele.dra.de/detailansicht/1480619,Bellas Briefe,DRA,"Seit ihre Eltern geschieden sind, hat sie alles doppelt, einmal bei Mama, einmal bei Papa. Nur ihre Puppe Bella nicht, die ist fast so alt wie sie und einmalig. Doch gestern hat Klara ihre Puppe auf der Bank im Park vergessen.",html:dra
https://hoerspiele.dra.de/detailansicht/1479751,Anonyme Briefe,DRA,Weitere Informationen Der skrupellose Immobilienmakler erhebt Anklage gegen Unbekannt: Er erhält anonyme Drohbriefe.,html:dra
https://hoerspiele.dra.de/detailansicht/1480757,Böses Spielzeug. Meira Ashers Warnungen vor der Realität,DRA,"Die Musikerin und Performance-Künstlerin Meira Asher stammt aus Israel, lebt seit einigen Jahren aber in Den Haag, wo sie am Institut für Sonologie arbeitet. In ihren Projekten hat sie Themen wie den Holocaust, den Israel-Palästina-Konflikt und jüngst das Phänomen der Kindersoldaten aufgegriffen.",html:dra
https://hoerspiele.dra.de/detailansicht/1503127,Briefe an Georges,DRA,"Elias Canetti hat neben seiner Ehefrau Veza, die er eher aus Freundschaft geheiratet hat, ständig irgendwelche Geliebten. Die unglückliche Veza öffnet ihr Herz dem jüngsten Canetti, ihrem Schwager Georges.",html:dra
https://hoerspiele.dra.de/detailansicht/1503154,Aus den Briefen von Paul Cézanne und Emile Bernard sowie aus den Briefen von Rainer Maria Rilke und Clara Westhoff,DRA,"Vorlage: Briefwechsel zwischen Cézanne und Bernard (Briefe, französisch), Briefwechsel zwischen Rilke und Westhoff (Briefe) Übersetzung: Hans Graber Technische Realisierung: Lutz Pahl, Barbara Zwirner Regieassistenz: Jakob Diehl",html:dra
https://hoerspiele.dra.de/detailansicht/1481393,Rot ist mein Name (2. Teil: Das Porträt),DRA,"Der Leichnam des Vergolders Fein Effendi liegt erschlagen auf dem Grunde eines Brunnens und wartet darauf, endlich gefunden zu werden. Kara, der nach zwölf Jahren Abwesenheit wieder nach Istanbul zurückgekehrt ist, wird von seinem Oheim beauftragt, Fein Effendis Verschwinden aufzuklären.",html:dra
https://hoerspiele.dra.de/detailansicht/1516597,Robert Schell - Porträt eines Arbeiters (2. Teil),DRA,Weitere Informationen Gesendet im Rahmen der 11. Wochen des Kinder- und Jugendhörspiels 1969,html:dra
https://hoerspiele.dra.de/detailansicht/1503925,Ein Tagebuch wird verbrannt,DRA,"Die siebzehnjährige Rosa Luxemburg, Mitglied der Zentrale der kommunistischen Partei, erhält den Auftrag, innerhalb weniger Stunden heimlich das Land zu verlassen, um der drohenden Verhaftung zu entgehen.",html:dra
https://hoerspiele.dra.de/detailansicht/1516598,Robert Schell - Porträt eines Arbeiters(3),DRA,Weitere Informationen Gesendet im Rahmen der 11. Wochen des Kinder- und Jugendhörspiels 1969,html:dra
https://hoerspiele.dra.de/detailansicht/1516596,Robert Schell - Porträt eines Arbeiters (1. Teil),DRA,Weitere Informationen Gesendet im Rahmen der 11. Wochen des Kinder- und Jugendhörspiels 1969,html:dra
https://hoerspiele.dra.de/detailansicht/1516600,Robert Schell - Porträt eines Arbeiters (4. Teil),DRA,Weitere Informationen Gesendet im Rahmen der 11. Wochen des Kinder- und Jugendhörspiels 1969,html:dra
https://hoerspiele.dra.de/detailansicht/1516634,Tagebuchblätter aus Hanoi: Aus dem Tagebuch der stellvertretenden Oberkommandierenden der Befreiungsarmee Südvietnams - Gujen Ti Din - einer bekannten Heerführerin des vietnamesischen Volkes,DRA,Weitere Informationen Produziert und gesendet anlässlich des II. Internationalen Festivals des Kinder- und Jugendhörspiels 1969,html:dra
https://hoerspiele.dra.de/detailansicht/1516870,Ohne Datum,DRA,"Ein Mann um die Dreißig hat einen Tumor in der Lunge; er weiß, dass er nur noch kurze Zeit zu leben hat: quälendes Warten, innere Auflehnung, scheinbare Unterordnung.",html:dra
https://hoerspiele.dra.de/detailansicht/1516638,Robert Schell - Porträt eines Arbeiters (5. Teil),DRA,Weitere Informationen Gesendet im Rahmen der 11. Wochen des Kinder- und Jugendhörspiels 1969,html:dra
https://hoerspiele.dra.de/detailansicht/1516635,"Tagebuchblätter aus Hanoi: Aus dem Tagebuch der jungen Lehrerin Pe Ha aus einem Rajong in Südvietnam, aufgeschrieben am 19. März 1961 - dem 11. Jahrestag der antiamerikanischen Demonstration in Saigon",DRA,Weitere Informationen Prouziert und gesendet anlässlich des II. Internationalen Festivals des Kinder- und Jugendhörspiels 1969,html:dra
https://hoerspiele.dra.de/detailansicht/1516639,Liebe Claudia,DRA,"Der Lebensweg Heiz Hoffmanns ist der Weg eines Arbeiterjungen zum General! Zu einem General, der die Armee der siegreichen deutschen Arbeiterklasse führt. Es ist der Weg eines Kommunisten, der sein ganzes Leben in den Dienst des Aufbaus einer friedensliebenden sozialistischen Gesellschaft gestellt hat.",html:dra
https://hoerspiele.dra.de/detailansicht/1516892,Heart Beat,DRA,"Eigentlich wollte sie ein ganz normales Familienleben. Mit Mann, Kindern, Haus und Garten. Doch sie hatte Neal Cassady geheiratet, den Beatnik und Frauenhelden, den Freund von Kerouac und Ginsberg.",html:dra
https://hoerspiele.dra.de/detailansicht/1517120,Erinnerungen einer Sängerin am Klavier,DRA,"Jenny Lind, die ""schwedische Nachtigall"" (1820-1887), gilt als die führende Koloratursängerin ihrer Zeit. Ihre Auftritte trugen Züge heutiger Rock-Konzert-Hysterien: Bei ihrem Gesang wurden Damen ohnmächtig und Herren besinnungslos und mussten aus den Opernhäusern getragen werden.",html:dra
https://hoerspiele.dra.de/detailansicht/1520159,Ich lese in Jasnas Tagebuch,DRA,Ana liest im Tagebuch ihrer 15jährigen Tochter Jasna und prüft im Dialog mit ihrem zweiten Ich ihr Verhalten und ihre Erziehungsmethoden ihrer Tochter gegenüber.,html:dra
https://hoerspiele.dra.de/detailansicht/1520170,Tagebuch einer Freundschaft,DRA,"Andrej hat ein kompliziertes, leicht in Extreme verfallendes Temperament. Einerseits möchte er gern zu den größten Rowdies, andererseits aber auch zu den besten Schülern der Klasse gehören.",html:dra
https://hoerspiele.dra.de/detailansicht/1519891,Polar,DRA,"Es gibt Augenblicke, Gesten, die zielen auf Ewigkeit. In ihnen kristallisiert sich Essentielles. Ihre bevorzugte Bühne ist das Kino. Und zuweilen leben von diesen Stilisierungen ganze Filme.",html:dra
https://hoerspiele.dra.de/detailansicht/1520407,Das Tagebuch des verschütteten Bergmanns Martino Tiff,DRA,"Gestalte wird eine große Metapher: Martino Tiff, einfacher Stollenarbeiter in einem Bergwerk der BRD, wird während eines Grubenunglücks verschüttet und eingeschlossen, und der Hörer wird im Verlauf des Stückes allmählich begreifen, dass Tiff eigentlich zeitlebens in der inhumanen Isolierung der Klassengesellschaft leben musste.",html:dra
https://hoerspiele.dra.de/detailansicht/1521963,600 Briefe von meinem Vermieter,DRA,"Mein Vermieter schreibt mir Briefe. Seitdem ich in meiner Wohnung lebe, seit zwölf Jahren. Immer pünktlich am Donnerstag liegt der Brief bei mir im Kasten. Wie in einer Litanei listet mein Vermieter in jedem dieser Briefe alle meine Vergehen auf.",html:dra
https://hoerspiele.dra.de/detailansicht/1522912,Des Eisenhans Erinnerungen oder Paraphrase über ein deutsches Thema,DRA,"Günter Kunerts Variation zum Grimm'schen Märchen ""Eisenhans"" könnte ein ""Scherzo more germanico"" genannt werden. Vom ursprünglichen Märchen übrig bleibt die Figur des Eisenhans, - hier eine Art Waldschrat, Märchenroboter oder antiker Pan, germanischer Poseidon - eine recht groteske deutsche Figur.",html:dra
https://hoerspiele.dra.de/detailansicht/1522914,Scherzo more germanico,DRA,"Vor Beginn der Funkerzählung von Kunert berichtet Dieter Hasselblatt, wie die Sendereihe der ""Eisenhans-Variationen"" entstand, welche Gedanken und Zielvorstellungen ihn bei der Vergabe der Funkaufträge beherrschten.",html:dra
https://hoerspiele.dra.de/detailansicht/1523220,Alles ist Gnade: Monologe nach dem Tagebuch eines Landpfarrers (3. Teil: 3. Monolog),DRA,"Vorlage: Tagebuch eines Landpfarrers (Journal d'un Curé de Campagne) (Roman, französisch) Bearbeitung (Wort): Leo Waltermann",html:dra
https://hoerspiele.dra.de/detailansicht/1523221,Alles ist Gnade: Monologe nach dem Tagebuch eines Landpfarrers (4. Teil: 4. Monolog),DRA,"Vorlage: Tagebuch eines Landpfarrers (Journal d'un Curé de Campagne) (Roman, französisch) Bearbeitung (Wort): Leo Waltermann",html:dra
https://hoerspiele.dra.de/detailansicht/1524689,Doktor Faustus (1. Teil),DRA,"1947 beendete Thomas Mann seinen Roman ""Doktor Faustus. Das Leben des deutschen Tonsetzers Adrian Leverkühn erzählt von einem Freunde"". 60 Jahre später realisiert hr2-Kultur sein Werk als zehnteilige Hörspielfassung.",html:dra
https://hoerspiele.dra.de/detailansicht/1524790,Briefe an Mathilda,DRA,Mit diesem Hörspiel setzt der Autor die Tradition der polnischen Gesellschaftskomödie fort.,html:dra
https://hoerspiele.dra.de/detailansicht/1524851,Doktor Faustus (4. Teil),DRA,"Am 27. April 1943 kündigte Thomas Mann im amerikanischen Exil seinem Sohn Klaus das neue Romanprojekt über eine syphilitische Komponistenfigur an: »Ich verfolge einen sehr alten Plan: eine Künstler- (Musiker-) und moderne Teufelsverschreibungsgeschichte aus der Schicksalsgegend Maupassant, Nietzsche, Hugo Wolf etc., kurzum das Thema der schlimmsten…",html:dra
https://hoerspiele.dra.de/detailansicht/1524863,Doktor Faustus (8. Teil),DRA,"Hinter dem fiktiven Komponisten Leverkühn verbirgt sich neben Manns eigener Biographie auch das Leben Friedrich Nietzsches. Um die erfundene genialische Musikerbiographie glaubhaft in der klassischen Moderne zu verorten, entscheidet sich Mann, von Theodor W.",html:dra
https://hoerspiele.dra.de/detailansicht/1524995,Die Sinnlichkeit der Mikrokosmen,DRA,"Seit langem führt er ein akustisches Tagebuch. Der 1947 in Hamburg geborene Klangkomponist und frühere Werbetexter Asmus Tietchens experimentiert seit Mitte der 60er Jahre mit Tonbandgeräten, elektronischen Klangerzeugern und konkretem Klangmaterial.",html:dra
https://hoerspiele.dra.de/detailansicht/1526212,Briefe und Hiebe,DRA,"Jans rustikale Erziehungsmethoden lösen eine scharfe briefliche Polemik mit Jeannette aus, in der sie beide ihre Zuneigung füreinander hinter Fachsimpelei verbergen. Uwe und Heiko fangen die Zuspitzung der Polemik ab, indem sie listig ein Wiedersehen zwischen Jan, Jeannette und der Gruppe herbeiführen.",html:dra
https://hoerspiele.dra.de/detailansicht/1526433,Porträt eines Helden,DRA,"Vater Neumann erklärt sich bereit, den BGL-Vorsitzenden, Wilfried Ohme, den er seit Jahren ""sehr gut kennt"" und mit dem er seit Jahren eng zusammenarbeitet, aus Anlass des 30. Jahrestages des FDGB in einem Artikel für die Betriebszeitung zu porträtieren, und muss plötzlich feststellen, wie schwer es ist, ein lebendiges Bild von einem Menschen zu…",html:dra
https://hoerspiele.dra.de/detailansicht/1527851,The Glenn Gould Trilogy,DRA,"Radio As Music: Der Kanadier Glenn Gould (1932-1982) war nicht nur ""der größte Pianist aller Zeiten"", als den ihn Thomas Bernhard in seinem Roman ""Der Untergeher"" apostrophiert hat, sondern auch ein visionärer Rundfunk- und Medien-Pionier.",html:dra
https://hoerspiele.dra.de/detailansicht/1528698,Weil irgendetwas das so will,DRA,"Wer Tagebuch schreibt, kennt das Ende der Geschichte nicht, der weiß nicht, welcher von den schreibend in die dahinstürzende Zeit gerammten Pfählen bleiben wird.",html:dra
https://hoerspiele.dra.de/detailansicht/1528798,Das Monster in uns,DRA,"Marion Aubert, die Autorin der SR/DKultur-Produktion ""DieStörenfriede"", gibt Auskunft darüber, wie sie arbeitet, ob sie dabei lacht, welche Literatur sie geprägt hat, weshalb sich in ihren Stücken die Erwachsenen oft wie Kinder benehmen - und andersherum - und warum sie in jedem Stück immer auch über ""das Monster in uns"" schreibt.",html:dra
https://hoerspiele.dra.de/detailansicht/1529838,Es wird Fragen geben - Ein west-östliches Tagebuch,DRA,"Hanna aus Ostberlin und Peter aus Köln erfahren, dass sie seit einer deutsch- deutschen Liebesaffäre zwischen Peters Vater und Hannas Mutter ein Halbgeschwi ster im jeweils anderen Teil Deutschlands haben.",html:dra
https://hoerspiele.dra.de/detailansicht/1530623,Longkamp,DRA,"Briefe, Notizen, Landkarten, aus denen ein Monolog entsteht - über die Frage, ""wie jemand heute da raus kommt"". Als Rolf Dieter Brinkmann Ende November 1972 für einige Wochen nach Longkamp, ein Dorf im Hunsrück, zieht, ist seine Flucht aus dem Lärm der Stadt zugleich ein Abschied vom Glauben an die Rebellion, an Pop und Untergrund.",html:dra
https://hoerspiele.dra.de/detailansicht/1530638,Ortiz destructs,DRA,"Raphael Montanez Ortiz, geboren 1934 in Brooklyn, New York City, ist Maler, Performer, Videokünstler und Aktionist und einer der Hauptinitiatoren der Destruktionskunst in den frühen 60er Jahren.",html:dra
https://hoerspiele.dra.de/detailansicht/1531821,Pariser Abende,DRA,"Roland Barthes schrieb ""Soirées de Paris"" in einem Zeitraum von etwa drei Wochen, zwischen dem 24. August und dem 17. September 1979. In einer Notiz nannte Barthes diesen Text auch ""Die vergeblichen Abende"".",html:dra
https://hoerspiele.dra.de/detailansicht/1534308,Am Anfang war der Blick,DRA,Im Mittelpunkt des Hörspiels steht die Kriegsfotografin Mathilda: Ein Porträt ihres rast- und ruhelosen Lebens nach ihrem Tode.,html:dra
https://hoerspiele.dra.de/detailansicht/1534447,NOA NOA,DRA,"Für die Fahrt zu Gauguins Hütte hatte Titi ""ihr schönstes Kleid angelegt, eine Blume hinterm Ohr, ihren mit einer Garnitur orangefarbener Muscheln geputzten Basthut aufgesetzt und das lange schwarze Haar aufgelöst über die Schultern hängen.",html:dra
https://hoerspiele.dra.de/detailansicht/1535345,Im Übergangskleid fehlen die gelben Achselhaare,DRA,"Er hat Fledermaus-Rufe auf einer Schallplatte hörbar gemacht, kämpfte für Stare, die Lautgedichte von Kurt Schwitters imitierten, um das Urheberrecht und erweckte in seinem Hörspiel ""Séance Vocibus Avium"" (BR 2008) elf ausgestorbene Vogelarten zu neuem Leben: Für das Stück, in dem Kollegen wie Annette Humpe, Namosh und Françoise Cactus die verschwundenen…",html:dra
https://hoerspiele.dra.de/detailansicht/1538642,"Die Gardine, die Landschaft, das Fenster und der Klangraum",DRA,"Beim Betrachten einer Gardine, so Oswald Egger, kann man wählen, wie man den Blick fokussiert: auf das Netz aus transparentem Gewebe oder auf die Landschaft dahinter. Interessant wird es, wenn man den Fokus wechselt.",html:dra
https://hoerspiele.dra.de/detailansicht/1538730,KLAUS KINSKI,DRA,"Klaus Kinski hat sein Leben lang Mythen verkörpert, unter anderen Marquis de Sade, Edgar Allan Poe, Jack the Ripper, Nosferatu, Woyzeck oder Aguirre, der ""Zorn Gottes"". Doch als er vor nunmehr 20 Jahren starb, am 23. November 1991, war er längst selbst zum Mythos geworden.",html:dra
https://hoerspiele.dra.de/detailansicht/1538602,Feldpost - Briefe deutscher Soldaten aus Afghanistan,DRA,"Seit fast zehn Jahren kämpfen deutsche Soldaten in Afghanistan in einem zermürbenden Krieg. Und bis heute haben Politiker und die Führung der Bundeswehr es nicht verstanden, den Menschen in Deutschland zu erklären, warum.",html:dra
https://hoerspiele.dra.de/detailansicht/1538732,Der Berater,DRA,"begleitet Michail Gorbatschow und dessen Familie in den Urlaub auf die Halbinsel Krim. Während der Präsident zuversichtlich in die Zukunft blickt, ahnt C. Kurz vor der Rückreise nach Moskau will eine Abordnung von Putschisten den Präsidenten zum Rücktritt zwingen.",html:dra
https://hoerspiele.dra.de/detailansicht/1538779,Buntschatten und Fledermäuse,DRA,"Als Axel zwei Jahre alt war, zog sich die Welt vor ihm zurück. Die Menschen um ihn herum hatten plötzlich verschleierte Gesichter. Er hörte ihre Worte, verstand aber den Sinn nicht - und schon gar nicht die emotionalen Zwischentöne.",html:dra
https://hoerspiele.dra.de/detailansicht/1538910,Hörspielraum: Das fünfte Element,DRA,"Mit ihren ""Hörspielraum""-Projekten begleitet Sylvia Rauer seit Jahren immer wieder besondere Hörspielproduktionen. Diesmal folgt sie Susanne Amatosero in eine geräuschmusikalische Zwischenwelt, die den Bogen zwischen Banalität und Zauber des Alltags schlägt.",html:dra
https://hoerspiele.dra.de/detailansicht/1539203,Alexander Kluge,DRA,"Mit dem Ich geht er knausrig um – Alexander Kluge, geboren 1932 in Halberstadt. Träger fast aller wichtigen Film- und Literaturpreise. Sein Ich tritt meist hinter oder neben die Kamera, wendet sich einem Thema oder einem Gast zu, stellt Fragen.",html:dra
https://hoerspiele.dra.de/detailansicht/1539804,Tolstois Befreiung,DRA,"Ivan Bunin (1870-1953), der 1933 als erster Russe den Literaturnobelpreis erhielt, verehrte Leo Tolstoi und nannte ihn seinen ""Gott"". 1937 publizierte er im Pariser Exil eine streitbare, sehr persönliche Hommage an den großen Schriftsteller: ""Tolstois Befreiung"".",html:dra
https://hoerspiele.dra.de/detailansicht/1540517,Ich muss auf einen Sprung weg,DRA,"Walter Spies (1895-1942), Maler und Musiker, ein universalinteressierter, früher ""Aussteiger"". Er hält sich in Künstlerkreisen in Dresden und Berlin auf, ist u.a. mit Oskar Kokoschka, mit Hans Jürgen von Wense befreundet, lebt mit dem Filmregisseur Friedrich W.",html:dra
https://hoerspiele.dra.de/detailansicht/1546930,Tristram Shandy,DRA,"Entgegen der Ankündigung des Titels, der eine fiktive Autobiographie erwarten läßt, erfährt der Leser nur wenig über das Leben des Titelhelden und Ich-Erzählers Tristram.",html:dra
https://hoerspiele.dra.de/detailansicht/1543429,Herr Molander schreibt seine Memoiren (5. Teil: Die hellblauen Briefe),DRA,Herr Molander schreibt seine Memoiren (5. Teil: Die hellblauen Briefe),html:dra:row:title
https://hoerspiele.dra.de/detailansicht/1548677,Wind und englisches Eichenholz,DRA,Gespräche und Erinnerungen in Dover,html:dra
https://hoerspiele.dra.de/detailansicht/1547800,Erinnerungen,DRA,"Eine Kleinstadt irgendwo in Deutschland. Das Glockenspiel im Kirchturm hatte einst einen herrlichen Klang. Jetzt ist es verstümmelt, denn im Kriege ist ein Ton beschädigt worden und ausgefallen.",html:dra
https://hoerspiele.dra.de/detailansicht/1543471,Es war einmal,DRA,Biographie einer Straße,html:dra
https://hoerspiele.dra.de/detailansicht/1549227,Der Landstörzerin Courasche abenteurlich Leben,DRA,"Auch der ""Trutz Simplex"" ist eine fiktive Autobiographie satirisch-simplicianischen Charakters, die sich im wesentlichen ebenfalls wie der ""Simplicissimus"" vor der Kulisse des nach Geschichtsquellen skizzierten Dreißigjährigen Krieges abspielt.",html:dra
https://hoerspiele.dra.de/detailansicht/1551082,Herzog zu vermieten,DRA,"Herzog Archibald von Tipperary, ein abgedankter Thronfolger, und Herzogin Elsa, leben im Ausland, haben kein Geld und halten unter Entbehrungen ihren Namen hoch.",html:dra
https://hoerspiele.dra.de/detailansicht/1552123,Rutkas Tagebuch,DRA,"weil man trotz all dieser Grausamkeiten leben will und den nächsten Tag erwartet"" (Rutka Laskier, Tagebucheintrag vom 20. Februar 1943). Im Jahr 2006 wurde in einem kleinen polnischen Verlag das Tagebuch des 13-jährigen jüdischen Mädchens Rutka Laskier (1929-1943) aus Bedzin veröffentlicht.",html:dra
https://hoerspiele.dra.de/detailansicht/1553559,Briefe an C.,DRA,"Im Sommer diesen Jahres wurde den Leipziger Hörspielfreunden von einer Handvoll Enthusiasten eine Novität geboten - Hörspiele unter freiem Himmel: 14 Tage lang. Ein Marathon mit mehreren Stücken am Abend, Themenschwerpunkten und einem Kinderprogramm.",html:dra
https://hoerspiele.dra.de/detailansicht/2543547,"Comeback - Porträt einer Frau, die singt",DRA,"""Mona Lehner hatte nach einer Karriere als Schauspielerin mit Chansons Erfolg gehabt. Nach einem Autounfall hatte sie sich zurückgezogen, und zehn Jahre lang war es still um sie gewesen.",html:dra
https://hoerspiele.dra.de/detailansicht/2903924,Porträt eines Nachmittags,DRA,"Mit dem ""Porträt eines Nachmittags"" verstößt Dieter Forte bewußt gegen die herkömmliche Hörspieldramaturgie: Die Hauptfigur des Spiels bleibt stumm. Offenbar handelt es sich um einen Mann, der sich die Stunden bis zur Abfahrt seines Zuges mit einem Stadtbummel vertreibt.",html:dra
https://hoerspiele.dra.de/detailansicht/2984068,Kommissar Freytag (2. Folge: Briefe aus Sydney),DRA,"Der junge Schauspieler Günter Westphal glaubt an ein Mißverständnis, als er das Haus nicht findet, in dem ihm ein möbliertes Zimmer angeboten worden war. Auch bringt er einen Überfall nicht in Zusammenhang mit seltsamen Vorfällen, die ihm an seinem neuen Wohnort widerfahren.",html:dra
https://hoerspiele.dra.de/detailansicht/3084543,Blitzlichter (Fassung von 2012),DRA,"Ilse Aichinger erzählt auf eigenwillige Art und Weise ihr Leben. Knapp, existenziell - eine ganz andere Autobiographie, die sich im Wesentlichen über Kinobesuche definiert.",html:dra
https://hoerspiele.dra.de/detailansicht/3104209,Hörspielraum: Erzähl von Ruanda,DRA,"Mit ihren 'HörspielRaum'-Projekten begleitet Sylvia Rauer seit Jahren besondere Hörspielproduktionen von Deutschlandradio Kultur. Diesmal beleuchtet sie, wie aus einem brisanten franco-afrikanischen Theaterhappening, der explosiven One-Man-Show des Ruanders Diogène Ntarindwa, ein Hörspiel für ein deutsches Publikum wird.",html:dra
https://hoerspiele.dra.de/detailansicht/3144432,Eine Welt mit Hindernissen. Die Klänge des Instituts für Feinmotorik,DRA,"Das Künstlerkollektiv ""Institut fuer Feinmotorik"" wurde durch seine Musik mit Plattenspielern bekannt. Auf diesen drehen sich allerdings keine Schallplatten – das Gerät selbst wird zum Instrument.",html:dra
https://hoerspiele.dra.de/detailansicht/3224373,Indianerland (1. Teil),DRA,"Im Jahre 1803 bietet sich dem Präsidenten der Vereinigten Staaten von Amerika, Thomas Jefferson, die Gelegenheit, das im Westen angrenzende Louisiana von Frankreich zu kaufen.",html:dra
https://hoerspiele.dra.de/detailansicht/3224376,Indianerland (2. Teil),DRA,"Im Jahre 1803 bietet sich dem Präsidenten der Vereinigten Staaten von Amerika, Thomas Jefferson, die Gelegenheit, das im Westen angrenzende Louisiana von Frankreich zu kaufen.",html:dra
https://hoerspiele.dra.de/detailansicht/3304676,"Ideen, in Tinte getaucht",DRA,"Weitere Informationen Jules Renard, 1864 in Châlons-du-Maine (Mayonne) geboren, wurde nur 46 Jahre alt. Renard war neben seiner Tätigkeit als Schriftsteller auch Bürgermeister des kleinen Ortes Chitry-les-Mines im Département Nièvre.",html:dra
https://hoerspiele.dra.de/detailansicht/3244305,Vom Betrügen und Betrogen werden (4. Teil: Das Tagebuch der Redegonda),DRA,"Ehebruch, großes Leid, Entsagung, Reue, heimliche Racheschwüre, Duelle im Morgengrauen – Arthur Schnitzler hat seinen Zeitgenossen tief in die Seele geschaut. Da ist ein junger Mann, erschüttert von Tod der einstigen Geliebten – dabei hatte er selbst ihr doch die Tür gewiesen.",html:dra
https://hoerspiele.dra.de/detailansicht/3485123,Boojum,DRA,"Ein Musiker blickt zurück auf sein Leben. Ungewöhnlicher ist die posthume Perspektive auf das eigene Spätwerk. ""Boojum"" - die SciFi-Memoiren des britischen Experimentalmusikers Ergo Phizmiz.",html:dra
https://hoerspiele.dra.de/detailansicht/3585170,Hansen,DRA,"Hansen - ""im Krieg gezeugt und im Frieden geboren"" - erzählt von den letzten Kriegsjahren und der ""Stunde Null"", von seinen Anfängen in der Welt, die er später als Reporter bereist - im Gepäck die Erinnerungen an die frühen Jahre.",html:dra
https://hoerspiele.dra.de/detailansicht/3585248,Orlando (3. Teil),DRA,"„Ich will die Biographie über Nacht revolutionieren!“ notierte sich Virginia Woolf spät im Jahr 1927 euphorisch ins Tagebuch und der Funke war gezündet. Begeistert stürzte sie sich in das „Projekt Orlando“, das zum „Rückgrat ihres Herbstes“ wurde, ein Buch, das sie leichthändig „vor dem Abendessen schreiben“ konnte.",html:dra
https://hoerspiele.dra.de/detailansicht/3585242,Orlando (1. Teil),DRA,"""Ich will die Biographie über Nacht revolutionieren!"" notierte sich Virginia Woolf spät im Jahr 1927 euphorisch ins Tagebuch und der Funke war gezündet. Begeistert stürzte sie sich in das ""Projekt Orlando"", das zum ""Rückgrad ihres Herbstes"" wurde, ein Buch, das sie leichthändig ""vor dem Abendessen schreiben"" konnte.",html:dra
https://hoerspiele.dra.de/detailansicht/3585247,Orlando (2. Teil),DRA,"„Ich will die Biographie über Nacht revolutionieren!“ notierte sich Virginia Woolf spät im Jahr 1927 euphorisch ins Tagebuch und der Funke war gezündet. Begeistert stürzte sie sich in das „Projekt Orlando“, das zum „Rückgrat ihres Herbstes“ wurde, ein Buch, das sie leichthändig „vor dem Abendessen schreiben“ konnte.",html:dra
https://hoerspiele.dra.de/detailansicht/3585252,Orlando (4. Teil),DRA,"„Ich will die Biographie über Nacht revolutionieren!“ notierte sich Virginia Woolf spät im Jahr 1927 euphorisch ins Tagebuch und der Funke war gezündet. Begeistert stürzte sie sich in das „Projekt Orlando“, das zum „Rückgrat ihres Herbstes“ wurde, ein Buch, das sie leichthändig „vor dem Abendessen schreiben“ konnte.",html:dra
https://hoerspiele.dra.de/detailansicht/3585254,Orlando (5. Teil),DRA,"„Ich will die Biographie über Nacht revolutionieren!“ notierte sich Virginia Woolf spät im Jahr 1927 euphorisch ins Tagebuch und der Funke war gezündet. Begeistert stürzte sie sich in das „Projekt Orlando“, das zum „Rückgrat ihres Herbstes“ wurde, ein Buch, das sie leichthändig „vor dem Abendessen schreiben“ konnte.",html:dra
https://hoerspiele.dra.de/detailansicht/3585258,Orlando (6. Teil),DRA,"„Ich will die Biographie über Nacht revolutionieren!“ notierte sich Virginia Woolf spät im Jahr 1927 euphorisch ins Tagebuch und der Funke war gezündet. Begeistert stürzte sie sich in das „Projekt Orlando“, das zum „Rückgrat ihres Herbstes“ wurde, ein Buch, das sie leichthändig „vor dem Abendessen schreiben“ konnte.",html:dra
https://hoerspiele.dra.de/detailansicht/3965199,Hörspielraum: Erinnerungen an einen Dämon,DRA,Hörspielraum: Erinnerungen an einen Dämon,html:dra:row:title
https://hoerspiele.dra.de/detailansicht/3965194,Hörspielraum: Einmal Chile - und zurück?,DRA,"Seit 1997 begleitet Sylvia Rauer mit ihren ""Hörspielräumen"" den Entstehungsprozess herausragender Hörspielproduktionen von Deutschlandradio Kultur. Diesmal folgt sie dem Stück einer jungen Autorin mit hispanisch-deutschen Wurzeln auf dem Weg zum Hörspiel.",html:dra
https://hoerspiele.dra.de/detailansicht/4025255,Memory (Folge: Erzwungenes Landleben – Erinnerungen an den Reichsarbeitsdienst),DRA,"Die Zeitzeugin berichtet von ihren Erfahrungen im Reichsarbeitsdienst. Von ungewohnter Kasernierung und frühem Aufstehen, von sexueller Belästigung und der Arbeit auf dem Land.",html:dra
https://hoerspiele.dra.de/detailansicht/4025257,Memory (Folge: Die Russen kommen! – Erinnerungen an das Kriegsende 1945),DRA,Die Zeitzeugen berichten vom Einmarsch der Russen in verschiedenen deutschen Regionen im Jahr 1945 und den damit verbundenen Vergewaltigungen deutscher Frauen.,html:dra
https://hoerspiele.dra.de/detailansicht/4085595,"""Sehr, sehr unviktorianisch""",DRA,"Bereits mit ihrem ersten Roman ""Die Fahrt hinaus"" (The Voyage Out, 1915) setzte sich Virginia Woolf über die literarischen Konventionen ihrer Zeit hinweg und veranlasste ihren Freund, den Schriftsteller Lytton Strachey, zu dem Ausruf: ""Oh, es ist sehr, sehr unviktorianisch!"" Das könnte als Motto über dem Leben von Virginia Woolf stehen, aber nur als eines…",html:dra
https://hoerspiele.dra.de/detailansicht/4105441,Abschied von den Eltern (3. Teil),DRA,Der Tod der Eltern wird für den Erzähler in Peter Weiss' autobiografischer Prosa Auslöser zur Auseinandersetzung mit dem eigenen Ich.,html:dra
https://hoerspiele.dra.de/detailansicht/4105439,Abschied von den Eltern (2. Teil),DRA,Der Tod der Eltern wird für den Erzähler in Peter Weiss' autobiografischer Prosa Auslöser zur Auseinandersetzung mit dem eigenen Ich.,html:dra
https://hoerspiele.dra.de/detailansicht/4166115,Lilith Parker: Insel der Schatten (1. Teil),DRA,"Aber ist der Inselspuk wirklich nur eine Erfindung geschäftstüchtiger Inselbewohner? Einmal wird Lilith von einer Krähe verfolgt und angegriffen, dann hört sie seltsame Geräusche.",html:dra
https://hoerspiele.dra.de/detailansicht/4166137,Lilith Parker: Insel der Schatten (2. Teil),DRA,"Die zwölfjährige Lilith Parker wundert sich. Irgendetwas stimmt nicht auf der Insel Bonesdale, wo ihr Vater sie einige Monate lang untergebracht hat. Dabei kennt Lilith ihre dort lebende Tante kaum.",html:dra
https://hoerspiele.dra.de/detailansicht/4205223,Ulrich Gerhardt - Ein Porträt,DRA,"Als Hörspielregisseur inszeniert Ulrich Gerhardt mit größtmöglicher Hingabe und ganz akribisch unterschiedliche Texte für aufmerksame Ohren. Er liebt die ""Grenzenlosigkeit"" des Studios, aber genauso begeistert sucht er sein Material in der Welt und baut Zufallsfunde nutzbringend aus.",html:dra
https://hoerspiele.dra.de/detailansicht/4205721,Nýey,DRA,"1963 entstand die vulkanische Insel Surtsey vor der Küste von Island. Nur eine kleine Gruppe von Wissenschaftlern darf das ""Neuland"" betreten. Südwestlich von Island ragt sie aus dem Wasser.",html:dra
https://hoerspiele.dra.de/detailansicht/4305864,Als Mariner im Krieg,DRA,Joachim Ringelnatz (1883-1934) hatte bereits vier Jahre seines Lebens als Seemann die Welt bereist und 1905 eigentlich die Seefahrt an den Nagel gehängt. Im Ersten Weltkrieg wurde er zum Kriegsdienst bei der Marine eingezogen.,html:dra
https://hoerspiele.dra.de/detailansicht/4325436,Borke-Beckett-Boom,DRA,"Borke trifft auf Beckett und es macht Boom: eine abstrakte literarische Idee von Samuel Beckett kommt in der Wirklichkeit an, Kunst trifft auf Leben, geschriebene Texte treffen auf spontan improvisierte Reime und Verse.",html:dra
https://hoerspiele.dra.de/detailansicht/4345542,Pontormos Sintflut,DRA,"Seit 1546 malt der Manierist Pontormo hinter einem Verschlag als Pendant zu den Sixtinischen Fresken Michelangelos an einem monumentalen ""Jüngsten Gericht"" für die Medici-Kirche San Lorenzo in Florenz.",html:dra
https://hoerspiele.dra.de/detailansicht/4746279,Die Geschichte meines Lebens - Die Tagebücher Ferdinand Benekes (1. Teil: Die Jahre 1792 bis Anfang 1794),DRA,"1774 war das Geburtsjahr des Bremer Kaufmannssohns Ferdinand Beneke. In Halle und Göttingen studierte er Jura. Um dem kleingeistigen Preußen zu entgehen, ließ er sich in Hamburg nieder, angezogenen von dem gesellschaftlichen Klima der freien hanseatischen Stadtrepublik.",html:dra
https://hoerspiele.dra.de/detailansicht/4765774,Die Gespräche des göttlichen Pietro Aretino (1. Teil),DRA,"Eine der sichersten Methoden, Unmut und Zorn auf sich zu ziehen, ist das Verfassen satirischer Schriften. Das hat der italienische Dichter Pietro Aretino, der 1492 in Perugia geboren und 1556 in Venedig begraben wurde, mehr als einmal am eigenen Leibe erfahren.",html:dra
https://hoerspiele.dra.de/detailansicht/4765782,Die Gespräche des göttlichen Pietro Aretino (2. Teil),DRA,"Eine der sichersten Methoden, Unmut und Zorn auf sich zu ziehen, ist das Verfassen satirischer Schriften. Das hat der italienische Dichter Pietro Aretino, der 1492 in Perugia geboren und 1556 in Venedig begraben wurde, mehr als einmal am eigenen Leibe erfahren.",html:dra
https://hoerspiele.dra.de/detailansicht/4806676,La vie en rose - Vom Leben und Überleben in Paris,DRA,"Er wollte eigentlich eine Unilaufbahn einschlagen. Jetzt arbeitet er in einem miesen ""Sauladen"" in der Vorstadt. Seit 20 Jahren lebt er in Paris, die Doktorarbeit ist immer noch nicht fertig, und mehr als 18 Quadratmeter Wohnfläche sind nicht drin.",html:dra
https://hoerspiele.dra.de/detailansicht/4806713,Mit anderen Augen,DRA,Taub sein von den Menschen.‹ … und von der Radiokunst! (Helmut Oehring)2011 erschien die Autobiografie »Mit anderen Augen« des Komponisten Helmut Oehring.,html:dra
https://hoerspiele.dra.de/detailansicht/4826032,"Leben und Ansichten von Tristram Shandy, Gentleman (1. Teil)",DRA,"Laurence Sternes Tristram Shandy ist ein einzigartiges Werk in der Literaturgeschichte: Erschienen zwischen den Jahren 1759 und 1767, experimentiert Sterne in diesem neunbändigen Roman selbstbewusst mit der Form.",html:dra
https://hoerspiele.dra.de/detailansicht/4826043,"Leben und Ansichten von Tristram Shandy, Gentleman (2. Teil)",DRA,"Laurence Sternes Tristram Shandy ist ein einzigartiges Werk in der Literaturgeschichte: Erschienen zwischen den Jahren 1759 und 1767, experimentiert Sterne in diesem neunbändigen Roman selbstbewusst mit der Form.",html:dra
https://hoerspiele.dra.de/detailansicht/4826048,"Leben und Ansichten von Tristram Shandy, Gentleman (5. Teil)",DRA,"Laurence Sternes Tristram Shandy ist ein einzigartiges Werk in der Literaturgeschichte: Erschienen zwischen den Jahren 1759 und 1767, experimentiert Sterne in diesem neunbändigen Roman selbstbewusst mit der Form.",html:dra
https://hoerspiele.dra.de/detailansicht/4826045,"Leben und Ansichten von Tristram Shandy, Gentleman (3. Teil)",DRA,"Laurence Sternes Tristram Shandy ist ein einzigartiges Werk in der Literaturgeschichte: Erschienen zwischen den Jahren 1759 und 1767, experimentiert Sterne in diesem neunbändigen Roman selbstbewusst mit der Form.",html:dra
https://hoerspiele.dra.de/detailansicht/4826046,"Leben und Ansichten von Tristram Shandy, Gentleman (4. Teil)",DRA,"Laurence Sternes Tristram Shandy ist ein einzigartiges Werk in der Literaturgeschichte: Erschienen zwischen den Jahren 1759 und 1767, experimentiert Sterne in diesem neunbändigen Roman selbstbewusst mit der Form.",html:dra
https://hoerspiele.dra.de/detailansicht/4826050,"Leben und Ansichten von Tristram Shandy, Gentleman (7. Teil)",DRA,"Laurence Sternes Tristram Shandy ist ein einzigartiges Werk in der Literaturgeschichte: Erschienen zwischen den Jahren 1759 und 1767, experimentiert Sterne in diesem neunbändigen Roman selbstbewusst mit der Form.",html:dra
https://hoerspiele.dra.de/detailansicht/4826049,"Leben und Ansichten von Tristram Shandy, Gentleman (6. Teil)",DRA,"Laurence Sternes Tristram Shandy ist ein einzigartiges Werk in der Literaturgeschichte: Erschienen zwischen den Jahren 1759 und 1767, experimentiert Sterne in diesem neunbändigen Roman selbstbewusst mit der Form.",html:dra
https://hoerspiele.dra.de/detailansicht/4826053,"Leben und Ansichten von Tristram Shandy, Gentleman (8. Teil)",DRA,"Laurence Sternes Tristram Shandy ist ein einzigartiges Werk in der Literaturgeschichte: Erschienen zwischen den Jahren 1759 und 1767, experimentiert Sterne in diesem neunbändigen Roman selbstbewusst mit der Form.",html:dra
https://hoerspiele.dra.de/detailansicht/4906744,Liliane Lijn: Glittering in the Sun/Crossing Map,DRA,"Liliane Lijn, 1939 in New York geboren, gehört seit Mitte der 60er-Jahren zu den herausragenden Protagonistinnen zeitgenössischer Kunst. Ihre Kindheit verbringt sie im vitalen Umfeld von sechs Sprachen.",html:dra
https://hoerspiele.dra.de/detailansicht/4826055,"Leben und Ansichten von Tristram Shandy, Gentleman (9. Teil)",DRA,"Laurence Sternes Tristram Shandy ist ein einzigartiges Werk in der Literaturgeschichte: Erschienen zwischen den Jahren 1759 und 1767, experimentiert Sterne in diesem neunbändigen Roman selbstbewusst mit der Form.",html:dra
https://hoerspiele.dra.de/detailansicht/4909404,Der verliebte Antierotiker - Ein unbekanntes Kapitel aus dem Leben des Dichters Paul Scheerbart (2. Teil),DRA,"""Der Schriftsteller Paul Scheerbart (1863-1915), der vom Leben im Glashaus und der Vereinigung mit Himmelskörpern träumte, gab sich in seinen Büchern als entschiedener Verächter der Erotik aus.",html:dra
https://hoerspiele.dra.de/detailansicht/4909405,Der verliebte Antierotiker - Ein unbekanntes Kapitel aus dem Leben des Dichters Paul Scheerbart (3. Teil),DRA,"""Der Schriftsteller Paul Scheerbart (1863-1915), der vom Leben im Glashaus und der Vereinigung mit Himmelskörpern träumte, gab sich in seinen Büchern als entschiedener Verächter der Erotik aus.",html:dra
https://hoerspiele.dra.de/detailansicht/4913095,SoundCard Washington,DRA,"Ihre Einwohner nennen Sie einfach DC. Die Hauptstadt der USA, der 1790 gegründete District of Columbia ist ein Viereck und misst 16x16 Kilometer, gehört keinem Bundesstaat an, sondern wird direkt vom US-Kongress verwaltet.",html:dra
https://hoerspiele.dra.de/detailansicht/4911046,"Hier Familie Hansen (38. Folge: Briefe, Briefe...)",DRA,"Die Familie Hansen, ein Künstlerhaushalt bestehend aus Omi, Vati, Mutti und den drei Kindern Claudia, Tom und Christine, lebt in der Stadt. Als Omi zu ihnen zieht, wird in ein Haus am Stadtrand umgezogen.",html:dra
https://hoerspiele.dra.de/detailansicht/4913331,Das Tagebuch von Adam und Eva,DRA,"Mark Twain schrieb in diesem Werk zwei Tagebücher, das von Adam und das von Eva. Die Eintragungen beginnen mit der ""Geburt"" von Eva, die aus der Rippe von Adam geschaffen wurde.",html:dra
https://hoerspiele.dra.de/detailansicht/4918583,Die Geschichte meines Lebens - Die Tagebücher Ferdinand Benekes (2. Teil: Die Jahre 1794 bis Anfang 1796),DRA,"1774 war das Geburtsjahr des Bremer Kaufmannssohns Ferdinand Beneke. In Halle und Göttingen studierte er Jura. Um dem kleingeistigen Preußen zu entgehen, ließ er sich in Hamburg nieder, angezogenen von dem gesellschaftlichen Klima der freien hanseatischen Stadtrepublik.",html:dra
https://hoerspiele.dra.de/detailansicht/4925297,Wie war’s in China?,DRA,Über 10 Jahre lang hat der französische Musiker Laurent Jeanneau in China gelebt. Dort faszinierte ihn vor allem der Reichtum an traditionellen Musikformen und Instrumenten.In einer Reihe von selbstverlegten CDs dokumentierte er Klänge der verschiedenen ethnischen Minderheiten im Reich der Mitte.,html:dra
https://hoerspiele.dra.de/detailansicht/4925993,Schwenkfutter,DRA,"Filmemacher Tim Fengler will über ›Snaps‹, den degradierten Kommissar Morten van de Jørgensen, ein Porträt drehen: ›Der Star in der Pampa‹. Kirsten Kleeberg, Leiterin der Polizeidirektion Frankfurt/ Oder, möchte das nicht zulassen.",html:dra
https://hoerspiele.dra.de/detailansicht/4931082,Die alte Tochter spricht mit dem jungen Vater,DRA,"Als ihre Mutter hochbetagt stirbt, findet die im letzten Kriegswinter geborene Autorin im Wäscheschrank unter den Küchenhandtüchern die Briefe, die ihr Vater nach seiner Einberufung zur Wehrmacht an seine Braut geschrieben hat.",html:dra
https://hoerspiele.dra.de/detailansicht/4932531,Ich stand abseits,DRA,"Dokumentarisches Hörstück, das unmittelbaren Einblick in die Situation schwer behinderter Menschen vermittelt. Man führte dazu im Anna-Stift in Hannover Gespräche mit solchen Kranken, von denen es vier Millionen in der Bundesrepublik gibt.",html:dra
https://hoerspiele.dra.de/detailansicht/4934264,Erinnerungen an eine Zeit vor dem LED-Regime,DRA,"Klingendes Licht – das ist kein Widerspruch. Theaterscheinwerfer, Neonröhren, Deckenfluter, Diaprojektoren, Stroboskope…, sie erzeugen nicht nur Helligkeit, sie tönen auch: leise und laut sowieso, sie surren in ganz verschiedenen Arten, ploppen, knallen zuweilen gar.",html:dra
https://hoerspiele.dra.de/detailansicht/4936976,Die Geschichte meines Lebens - Die Tagebücher Ferdinand Benekes (3. Teil: Das Jahr 1801),DRA,"1774 war das Geburtsjahr des Bremer Kaufmannssohns Ferdinand Beneke. In Hamburg ließ er sich als Jurist nieder, angezogenen von dem gesellschaftlichen Klima der freien hanseatischen Stadtrepublik.",html:dra
https://hoerspiele.dra.de/detailansicht/4939130,Meine Seele war schwarz von Fliegen (3. Teil),DRA,"In der Früh öffneten sie unseren Viehwaggon. Und wir erfuhren, daß wir in Dresden sind. Sie stellten uns auf, und drei Wachsoldaten führten uns durch die Stadt. Ich sah Häuser, wie ich sie noch nie im Leben gesehen hatte.",html:dra
https://hoerspiele.dra.de/detailansicht/4939129,Meine Seele war schwarz von Fliegen (2. Teil),DRA,"In der Früh öffneten sie unseren Viehwaggon. Und wir erfuhren, daß wir in Dresden sind. Sie stellten uns auf, und drei Wachsoldaten führten uns durch die Stadt. Ich sah Häuser, wie ich sie noch nie im Leben gesehen hatte.",html:dra
https://hoerspiele.dra.de/detailansicht/4937511,Das Paradies der kleinen Dinge,DRA,"Im Sommer 1842, wenige Wochen nach ihrer Hochzeit und dem Entschluss, im alten Pfarrhaus in Concord ein gemeinsames Leben anzufangen, beginnen Nathaniel Hawthorne und seine Frau Sophia ein gemeinsames Tagebuch.",html:dra
https://hoerspiele.dra.de/detailansicht/4939131,Meine Seele war schwarz von Fliegen (4. Teil),DRA,"In der Früh öffneten sie unseren Viehwaggon. Und wir erfuhren, daß wir in Dresden sind. Sie stellten uns auf, und drei Wachsoldaten führten uns durch die Stadt. Ich sah Häuser, wie ich sie noch nie im Leben gesehen hatte.",html:dra
https://hoerspiele.dra.de/detailansicht/4939845,Mutti und ich,DRA,"Sie heiratete nicht ihre große Liebe und sie zog drei Kinder groß. In der Küche hängt ein Kreuz und im Schlafzimmer ein Foto vom Papst. Die Radiojournalistin Marietta Schwarz hat den Menschen in ihrem Leben interviewt, den sie am besten kennt: ihre Mutter.",html:dra
https://hoerspiele.dra.de/detailansicht/4940862,Pellkantüffeln un Hering (1. Teil: Kinnertied in Pommern),DRA,"1911, zwei Jahre nach dem Tod des Verfassers, erschienen Franz Rehbeins autobiographische Aufzeichnungen ""Das Leben eines Landarbeiters"". Auf sehr anschauliche Weise, mit liebevoller Ausschmückung der Details und spürbarem sozialen Engagement berichtet Rehbein in diesem Buch über die ersten 28 Jahre seines Lebens.",html:dra
https://hoerspiele.dra.de/detailansicht/4940874,Pellkantüffeln un Hering (2. Teil: Herr un Knecht),DRA,"Im Alter von 14 Jahren nimmt Franz Rehbein Abschied von seiner Familie und fährt mit dem ""Sachsengängerzug"" in die westlichen Provinzen des Deutschen Reiches.",html:dra
https://hoerspiele.dra.de/detailansicht/4940875,Pellkantüffeln un Hering (3. Teil: De tweete Heimat),DRA,"Der dritte Teil der Hörspiel-Trilogie nach Franz Rehbeins autobiographischem Bericht endet mit jenem Ereignis, das seinem Leben als Landarbeiter ein jähes Ende setzt: Eine Dampfdreschmaschine reißt ihm 1895 den rechten Arm ab und macht ihn mit 28 Jahren zum Invaliden.",html:dra
https://hoerspiele.dra.de/detailansicht/4949493,Sehnsucht,DRA,"»Sehnsucht« – erstmals 1883 erschienen – erzählt vor dem Hintergrund des italienischen Befreiungskrieges gegen Österreich von Begehren, Verrat und Rache. »Und stets suche und reize ich die Risse der unverheilten Wunde«: Die 39-jährige Contessa Livia Serpieri blickt auf ihre vor 16 Jahren gescheiterte Liebe zurück.",html:dra
https://hoerspiele.dra.de/detailansicht/4951441,Der große Unbekannte (2. Teil: Das Porträt),DRA,"Wie es das Schicksal manchmal so will... eines schönen Tages läuft dem Schriftsteller Edgar Dickens, wohnhaft in London, eine völlig aufgelöste Frau in die Arme. Anscheinend ist sie auf der Flucht vor der Polizei.",html:dra
https://hoerspiele.dra.de/detailansicht/4954569,"Comeback – Porträt einer Frau, die singt",DRA,"""Mona Lehner hatte nach einer Karriere als Schauspielerin mit Chansons Erfolg gehabt. Nach einem Autounfall hatte sie sich zurückgezogen, und zehn Jahre lang war es still um sie gewesen.",html:dra
https://hoerspiele.dra.de/detailansicht/4954237,Meine Erinnerungen reißen mich in Stücke,DRA,"In einer wetterdüsteren Woche am Genfer See wird das Monster ""Frankenstein"" zum Leben erweckt. Am Genfer See trifft sich eine besondere Gesellschaft: Lord Byron, Percy Shelley, Mary Shelley, ihre Stiefschwester und ein befreundeter Arzt.",html:dra
https://hoerspiele.dra.de/detailansicht/4954716,Hölderlin. Geschichte einer Abschiebung,DRA,"Regisseur und Komponist Klaus Buhlert hat sich Briefe und Gedichte Hölderlins vorgenommen und in der ihm eigenen Art in unsere Zeit transportiert: Und zwar indem er einen zugewanderten Rapper im ""Deutsch-Test für Zuwanderer"" Hölderlins Gedichte wählen und in der mündlichen Prüfung zum Vortrag bringen lässt.",html:dra
https://hoerspiele.dra.de/detailansicht/4959106,Djati Luwih – schönes Land,DRA,"""Nicht mit Worten wollte ich Ball schildern – die Menschen dieser Insel, ihre Bräuche, ihre religiösen Riten, ihre Musik, die sie umgebenden Naturgeräusche – sondern in akustischen Bildern.",html:dra
https://hoerspiele.dra.de/detailansicht/4955843,1918 Abschied,DRA,1918 wurde zum Schicksalsjahr für viele Menschen in Europa. Grenzen wurden auf dem Schlachtfeld und auf dem Schachbrett verschoben. Das Elsass fand nach 48 Jahren deutscher Herrschaft zurück zu Frankreich.,html:dra
https://hoerspiele.dra.de/detailansicht/4963362,Der Hörspielautor Werner Buhss,DRA,"Werner Buhss, als Sohn eines Arztes und einer Neulehrerin am 14. Januar 1949 in Magdeburg auf die Welt gekommen, wuchs er in Frankfurt (Oder) auf und besuchte hier bis zur 11. Klasse die Erweiterte Oberschule.",html:dra
https://hoerspiele.dra.de/detailansicht/4962886,Akte 88 (9. Folge: Zweieinhalb Jahre Tibet),DRA,"»Akte 88« befasst sich mit den Verschwörungstheorien. Hitler hat sich nicht im Führerbunker erschossen, sondern ist geflohen. Bis heute gehört Hitlers vermeintliche Flucht zu den meist verbreiteten Verschwörungstheorien der Geschichte.",html:dra
https://hoerspiele.dra.de/detailansicht/4970577,False Memory,DRA,"Wie sehr können wir unserer Erinnerung trauen? Wissen wir wirklich noch genau, was vor 20 oder 30 Jahren an diesem einen besonderen Tag passiert ist? Oder können bestimmte Einflüsse dazu führen, dass wir uns an etwas ganz Falsches erinnern?",html:dra
https://hoerspiele.dra.de/detailansicht/4974424,Die Stadt und die Stimmen,DRA,"„Unterwegs in der Stadt, die ich gut zu kennen glaube. Bald weiß ich, dass ich mich täusche.Was ich noch kenne, sind Erinnerungen an die Stadt.“ (Jürgen Becker) Drei Jahre streift der Radiomacher Karl-Heinz Stevens mit Mikrofon und Audiorekorder durch Köln und zeichnet eine Vielzahl von Geräuschen und akustischen Erfahrungen auf.",html:dra
https://hoerspiele.dra.de/detailansicht/4975759,Erinnerungen einer Überflüssigen (1. Teil),DRA,"„Oft habe ich versucht, mir meine früheste Kindheit ins Gedächtnis zurückzurufen, doch reicht meine Erinnerung nur bis zu meinem fünften Lebensjahr und ist auch da schon teilweise ausgelöscht.“ So beginnt Christs bewegende Autobiografie, die sie 1912 mit der Unterstützung von Ludwig Thoma veröffentlichte.",html:dra
https://hoerspiele.dra.de/detailansicht/4975760,Erinnerungen einer Überflüssigen (2. Teil),DRA,"„Oft habe ich versucht, mir meine früheste Kindheit ins Gedächtnis zurückzurufen, doch reicht meine Erinnerung nur bis zu meinem fünften Lebensjahr und ist auch da schon teilweise ausgelöscht.“ So beginnt Christs bewegende Autobiografie, die sie 1912 mit der Unterstützung von Ludwig Thoma veröffentlichte.",html:dra
https://hoerspiele.dra.de/detailansicht/4976018,Hölderlin schüttelt mich,DRA,"»Ich gab mir mehr als andere Mühe, seine Launen zu ertragen, und während die wenigen seiner vormaligen Freunde, die ihn in seiner nun mehr als zwanzigjährigen Einsamkeit besuchten, nur ein paar Augenblicke verweilen mochten, sei es, dass ihr Mitleid zu rege wurde, dass sie von der Erscheinung eines so beklagenswerten geistigen Zerfalls sich zu tief…",html:dra
https://hoerspiele.dra.de/detailansicht/4979045,Zusammen Walden (1. Teil: Sparsamkeit),DRA,"Henry Thoreaus ""Walden"" ist nicht nur in den USA ein Klassiker. Das Buch beschreibt die Erfahrungen des Dichters, der sich im Alter von 27 Jahren Mitte des 19. Jahrhunderts in eine selbstgezimmerte Blockhütte in den Wald zurückzog.",html:dra
https://hoerspiele.dra.de/detailansicht/4980800,Zusammen Walden (2. Teil),DRA,"Henry David Thoreaus Klassiker und zugleich Handbuch für alle, die alternativen Lebensformen nachspüren, sollte als Schwarmhörspiel entstehen, um mit Weltliteratur gemeinsam der Frage nachzugehen: Wie können, wie sollen wir leben?",html:dra
https://hoerspiele.dra.de/detailansicht/4980801,Zusammen Walden (3. Teil),DRA,"Henry David Thoreaus Klassiker und zugleich Handbuch für alle, die alternativen Lebensformen nachspüren, sollte als Schwarmhörspiel entstehen, um mit Weltliteratur gemeinsam der Frage nachzugehen: Wie können, wie sollen wir leben?",html:dra
https://hoerspiele.dra.de/detailansicht/4980798,Zusammen Walden (1. Teil: Hast Du Schlösser in die Luft gebaut),DRA,"Henry David Thoreaus Klassiker und zugleich Handbuch für alle, die alternativen Lebensformen nachspüren, sollte als Schwarmhörspiel entstehen, um mit Weltliteratur gemeinsam der Frage nachzugehen: Wie können, wie sollen wir leben?",html:dra
https://hoerspiele.dra.de/detailansicht/4980802,Zusammen Walden (4. Teil),DRA,"Henry David Thoreaus Klassiker und zugleich Handbuch für alle, die alternativen Lebensformen nachspüren, sollte als Schwarmhörspiel entstehen, um mit Weltliteratur gemeinsam der Frage nachzugehen: Wie können, wie sollen wir leben?",html:dra
https://hoerspiele.dra.de/detailansicht/4983605,Überweben,DRA,"Dem Hörspiel liegen Briefe Etel Adnans, die damals Philosophy of the Arts am San Rafael College in Kalifornien unterrichtete, zugrunde. In zehn Montagsbriefen, verfasst 1968 an ihre Freundin Claire Paget in Beirut, geht es um die Kunst des sogenannten primitiven Webens bei der für ihre Forschungen auf diesem Feld bekannten Weberin Ida Grae.",html:dra
https://hoerspiele.dra.de/detailansicht/4983915,Das Hörspiel vom Hörspiel 2020,DRA,"1931 führte Friedrich Bischoff, damals Intendant in Breslau, bei der „Rundfunk-und Phonoschau Berlin“, dem Vorläufer der heutigen Funkausstellung, Ausschnitte aus neuen Hörspielproduktionen vor.",html:dra
https://hoerspiele.dra.de/detailansicht/4984462,Götterdämmerung in Nürnberg (1. Teil der vierteiligen Fassung),DRA,"Während der NS-Kriegsverbrecher-Prozesse hatte der amerikanische Gerichtspsychologe G.M. Gilbert Zugang zu allen Angeklagten. Seine Gespräche mit Herman Göring, Albert Speer oder Franz von Papen hielt er in seinem „Nürnberger Tagebuch“ fest.",html:dra
https://hoerspiele.dra.de/detailansicht/4984463,Götterdämmerung in Nürnberg (2. Teil der vierteiligen Fassung),DRA,"Während der NS-Kriegsverbrecher-Prozesse hatte der amerikanische Gerichtspsychologe G.M. Gilbert Zugang zu allen Angeklagten. Seine Gespräche mit Herman Göring, Albert Speer oder Franz von Papen hielt er in seinem „Nürnberger Tagebuch“ fest.",html:dra
https://hoerspiele.dra.de/detailansicht/4984473,Götterdämmerung in Nürnberg (3. Teil der vierteiligen Fassung),DRA,"Während der NS-Kriegsverbrecher-Prozesse hatte der amerikanische Gerichtspsychologe G.M. Gilbert Zugang zu allen Angeklagten. Seine Gespräche mit Herman Göring, Albert Speer oder Franz von Papen hielt er in seinem „Nürnberger Tagebuch“ fest.",html:dra
https://hoerspiele.dra.de/detailansicht/4984474,Götterdämmerung in Nürnberg (4. Teil der vierteiligen Fassung),DRA,"Während der NS-Kriegsverbrecher-Prozesse hatte der amerikanische Gerichtspsychologe G.M. Gilbert Zugang zu allen Angeklagten. Seine Gespräche mit Herman Göring, Albert Speer oder Franz von Papen hielt er in seinem „Nürnberger Tagebuch“ fest.",html:dra
https://hoerspiele.dra.de/detailansicht/4985363,Brief an meine Mutter,DRA,"Als Georges Simenon in seine Heimatstadt Lüttich kommt, um seine 90-jährige Mutter während ihrer letzten Tage zu begleiten, richten sich im Krankenhauszimmer zwei Augen von verwaschenem Grau auf ihn.",html:dra
https://hoerspiele.dra.de/detailansicht/4987036,Und sicher ist mit mir die Welt verschwunden,DRA,"Ein spektakulärer Abgang, ein finaler Akt des Widerstands steht am Anfang vom Ende der Stück-Serie, die Sibylle Berg mit ""Und sicher ist mit mir die Welt verschwunden"" abschließt.",html:dra
https://hoerspiele.dra.de/detailansicht/4987241,Interview mit einem Stern (1. Teil der vierteiligen Fassung),DRA,"Am 3. März 1951 startete Ernst Schnabel zu einem Flug um die Erde. Die Erledigungen der behördlichen Formalitäten hatten drei Monate in Anspruch genommen, er war gegen 99 Krankheiten geimpft worden, einschließlich der Pest.",html:dra
https://hoerspiele.dra.de/detailansicht/4987242,Interview mit einem Stern (2. Teil der vierteiligen Folge),DRA,"Am 3. März 1951 startete Ernst Schnabel zu einem Flug um die Erde. Die Erledigungen der behördlichen Formalitäten hatten drei Monate in Anspruch genommen, er war gegen 99 Krankheiten geimpft worden, einschließlich der Pest.",html:dra
https://hoerspiele.dra.de/detailansicht/4987245,Interview mit einem Stern (3. Folge der vierteiligen Fassung),DRA,"Am 3. März 1951 startete Ernst Schnabel zu einem Flug um die Erde. Die Erledigungen der behördlichen Formalitäten hatten drei Monate in Anspruch genommen, er war gegen 99 Krankheiten geimpft worden, einschließlich der Pest.",html:dra
https://hoerspiele.dra.de/detailansicht/4987246,Interview mit einem Stern (4. Folge der vierteiligen Fassung),DRA,"Am 3. März 1951 startete Ernst Schnabel zu einem Flug um die Erde. Die Erledigungen der behördlichen Formalitäten hatten drei Monate in Anspruch genommen, er war gegen 99 Krankheiten geimpft worden, einschließlich der Pest.",html:dra
https://hoerspiele.dra.de/detailansicht/4990645,Curtain Call!,DRA,"Eine Schauspielerin am Rande des Nervenzusammenbruchs! Morgen ist die Premiere von Tolstois Anna Karenina, und sie kann seit Wochen nicht mehr schlafen. Doch in dieser Nacht findet sie das Tagebuch ihrer Mutter und wird in einen alptraumhaften Bewusstseinsstrom aus Kindheitserinnerungen, Existenzängsten und Aufbegehren gerissen.",html:dra
https://hoerspiele.dra.de/detailansicht/4991273,Mögen Sie Emily Dickinson?,DRA,"Bis in die fünfziger Jahre des zwanzigsten Jahrhunderts musste Emily Dickinson (1830 – 1886) warten, bis ihre knapp 1800 Gedichte in einer Gesamtausgabe erscheinen konnten.",html:dra
https://hoerspiele.dra.de/detailansicht/4991479,Briefe aus der Hölle,DRA,"Auschwitz steht für eines der schrecklichsten Verbrechen der Menschheitsgeschichte und ist Teil der fast schon ritualisierten deutschen Erinnerungskultur. Bis heute allerdings kaum wahrgenommen sind schriftliche Quellen, die im Augenblick des Erlebens der erlittenen Hölle entstanden.",html:dra
https://hoerspiele.dra.de/detailansicht/4992864,Anne Lister (1. Teil),DRA,"Ein weiblicher Casanova, bereits zu Beginn des 19.Jahrhunderts? Ist sie ein emanzipatorisches Vorbild? Wo liegen neben allem bewundernswerten Mut und aller Selbstbehauptung die Ambivalenzen ihrer Person, und welche Rolle hat die gesellschaftliche Situation in ihrer Entwicklung dabei gespielt?",html:dra
https://hoerspiele.dra.de/detailansicht/4994495,"Rahel, damit sie mich kennen (7. Teil: ""Ich bin hier sehr wirksam"")",DRA,"Im März 1813 beginnen die Befreiungskriege. Rahels Verlobter Karl von Varnhagen tritt in den Armeedienst ein, ihr Freund Alexander von der Marwitz ebenfalls. Gemeinsam mit der Familie verlässt Rahel Berlin und flieht nach Prag.",html:dra
https://hoerspiele.dra.de/detailansicht/4994538,"Rahel, damit sie mich kennen (10. Teil: Die Pockenmaterie muss raus)",DRA,"Die Jahre sind nicht spurlos an Rahel vorüber gegangen. Rahel bleibt verschont, doch sie verliert ihren Lieblingsbruder Ludwig und viele ihrer Freunde. Briefe schreiben – ein Buch des Andenkens für ihre Freunde.In ihren letzten Lebensjahren stößt Heinrich Heine zu Rahels Salon.",html:dra
https://hoerspiele.dra.de/detailansicht/4995420,ULISSAS,DRA,"„Unter Clarice Lispectors Blick kommt das kleinste Ereignis zum Blühen, öffnet sich für das Gewöhnliche und offenbart einen Schatz, der genau in diesem Gewöhnlichen liegt.",html:dra
https://hoerspiele.dra.de/detailansicht/4996171,Die verschwundenen Bilder,DRA,"Jil darf in den Ferien mit ihrem Hund Klecks zu ihrer Mutter, einer Polizistin, nach Los Angeles. Im Feriencamp am Strand verirrt sie sich mit Klecks in einem Felsenlabyrinth und lernt dort den obdachlosen Jungen Luis kennen.",html:dra
https://hoerspiele.dra.de/detailansicht/4997012,Gäste (1. Teil der zweiteiligen Fassung),DRA,"Rückzug in die DemenzEine ältere Dame lebt in ihrer eigenen Welt der Erinnerungen, die sich immer weiter von der Wirklichkeit entfernt. Bis eines Nachmittags Gäste eintreffen.Eine junge Frau und ein soignierter älterer Herr - wer sind sie eigentlich und was wollen sie?",html:dra
https://hoerspiele.dra.de/detailansicht/4997013,Gäste (2. Teil der zweiteiligen Fassung),DRA,"Rückzug in die DemenzEine ältere Dame lebt in ihrer eigenen Welt der Erinnerungen, die sich immer weiter von der Wirklichkeit entfernt. Bis eines Nachmittags Gäste eintreffen.Eine junge Frau und ein soignierter älterer Herr - wer sind sie eigentlich und was wollen sie?",html:dra
https://hoerspiele.dra.de/detailansicht/5011318,Anne Lister (2. Teil),DRA,"Ein weiblicher Casanova, bereits zu Beginn des 19.Jahrhunderts? Ist sie ein emanzipatorisches Vorbild? Wo liegen neben allem bewundernswerten Mut und aller Selbstbehauptung die Ambivalenzen ihrer Person, und welche Rolle hat die gesellschaftliche Situation in ihrer Entwicklung dabei gespielt?",html:dra
https://hoerspiele.dra.de/detailansicht/5011335,Great Depressions,DRA,"Schroffe Felsen, ein Mammut, Nebelschwaden: Great Depressions verknüpft die individuelle Geschichte von der Depressionserkrankung des Darstellers Malte Scholz mit dem Neandertal.",html:dra
https://hoerspiele.dra.de/detailansicht/5012285,Mein lieber Wolf – Meine lieben fernen Mädels,DRA,Im Jahr 2010 findet die Leipziger Schauspielerin Ellen Hellwig im Nachlass ihrer Mutter Briefe des Vaters an die Mutter aus den Jahren 1945 bis 1952. Sie sind Teil der Korrespondenz von Wolfgang und Ellen Hellwig; geb.,html:dra
https://hoerspiele.dra.de/detailansicht/5012028,Kies,DRA,Zwei Jahre lang beobachtete und belauschte der Komponist François Sarhan sein Umfeld und sich selbst. Aus den scheinbar beiläufigen Elementen seines Alltags formt er eine vielschichtige Klangkomposition.In den Corona-Jahren 2020 und 2021 führte der Komponist François Sarhan ein Klangtagebuch.,html:dra
https://hoerspiele.dra.de/detailansicht/5011523,Aus den Erinnerungen des Zauberferkels Adalbert,DRA,Aus den Erinnerungen des Zauberferkels Adalbert,html:dra:row:title
https://hoerspiele.dra.de/detailansicht/5011319,Anne Lister (3. Teil),DRA,"Ein weiblicher Casanova, bereits zu Beginn des 19.Jahrhunderts? Ist sie ein emanzipatorisches Vorbild? Wo liegen neben allem bewundernswerten Mut und aller Selbstbehauptung die Ambivalenzen ihrer Person, und welche Rolle hat die gesellschaftliche Situation in ihrer Entwicklung dabei gespielt?",html:dra
https://hoerspiele.dra.de/detailansicht/5012924,Nachtwächter Spinning erzählt von gemeinsamen Erinnerungen,DRA,"Eva Rechlin begann mit ihren Geschichten vom ""Nachtwächter Spinning"" als Achtunddreißigjährige, im Frühjahr 1964. Erst im Laufe der folgenden sechs Jahre fiel ihr selber die Ähnlichkeit des Nachtwächters mit ihrem eigenen Vater auf, einem mecklenburgischen Landpastor.",html:dra
https://hoerspiele.dra.de/detailansicht/5015000,Achim Freyer trifft Don Giovanni am Checkpoint Charlie,DRA,"Achim Freyer prägt seit über 50 Jahren die Theaterwelt − als Regisseur, Maler, Bühnen- und Kostümbildner. Ähnlich umtriebig zeigt sich der Komponist und Klangkünstler Alvin Curran.",html:dra
https://hoerspiele.dra.de/detailansicht/5014677,Spiegeljahre (1. Teil),DRA,"Felix Huby, der Erfinder von Bienzle und Miterfinder von Schimanski, hat neben 700 Filmskripten zahlreiche Bücher geschrieben. Er gehört zur ""zweiten Generation"" des neuen deutschen Kriminalromans.",html:dra
https://hoerspiele.dra.de/detailansicht/5014678,Spiegeljahre (2. Teil),DRA,"Felix Huby, der Erfinder von Bienzle und Miterfinder von Schimanski, hat neben 700 Filmskripten zahlreiche Bücher geschrieben. Er gehört zur ""zweiten Generation"" des neuen deutschen Kriminalromans.",html:dra
https://hoerspiele.dra.de/detailansicht/5014997,Anne Lister - Eine erotische Biografie (Einteilige Fassung),DRA,"Ein weiblicher Casanova, bereits zu Beginn des 19.Jahrhunderts? Ist sie ein emanzipatorisches Vorbild? Wo liegen neben allem bewundernswerten Mut und aller Selbstbehauptung die Ambivalenzen ihrer Person, und welche Rolle hat die gesellschaftliche Situation in ihrer Entwicklung dabei gespielt?",html:dra
https://hoerspiele.dra.de/detailansicht/5014999,Die Polizey,DRA,Friedrich Schiller beschreibt um 1800 „die Polizey“ als eine von Verschwörung und Verbrechen geprägte Institution. Auch heute beobachten wir Skandale und Ungereimtheiten im Polizeiapparat.,html:dra
https://hoerspiele.dra.de/detailansicht/5016738,Timothy Truckle ermittelt (3. Folge: Spiel auf Leben und Tod),DRA,"Weitere Informationen Gert Prokop, (geboren 1932 in Richtenberg, Vorpommern; gestorben 1994 in Berlin) war Autor von Kriminalromamen, Science-Fiction und Kinderbüchern. Er zog 1950 nach Berlin, begann bei der Neuen Berliner Illustrierten (NBI) ein Volontariat und arbeitete später als Journalist.",html:dra
https://hoerspiele.dra.de/detailansicht/5017839,"Ein Käfer, der Erinnerungen frisst",DRA,"Mehrere Serverfarmen sind vom Annamox-Käfer befallen, die Daten aus der Terra-Cloud sind unwiederbringlich verloren – darunter alle Videos von Mikas verstorbener Mutter. „2035“ − Zehn Zukunftshörspiele von unterschiedlichen Autor:innen und Teams.„2035“ − Zehn Zukunftshörspiele von zehn unterschiedlichen Autor:innen und Teams.2022.",html:dra
https://hoerspiele.dra.de/detailansicht/5018259,Sweet Paris reloaded,DRA,"Textlicher Ausgangspunkt dieses musikalischen, von Jazz und Pop geprägten Hörstücks sind Briefe, die der 1955 in Sinzheim bei Baden-Baden geborene bildende Künstler Wolf Pehlke aus Paris in den Jahren 1979/1980 geschrieben hatte.",html:dra
https://hoerspiele.dra.de/detailansicht/5018550,"Herr Achternbusch, wie heißen Sie?",DRA,"Herbert Achternbusch hat sein Leben in 8 ½ kurzen Sätzen zusammengefasst: „Ich musste 1938 auf die Welt kommen, nachdem ich mir meine Eltern schon ausgesucht hatte. Meine Mutter war eine sportliche Schönheit vom Land, die sich nur in der Stadt wohlfühlte.",html:dra
https://hoerspiele.dra.de/detailansicht/5018659,I Am Glad You Asked Me This Question (1. Teil),DRA,"Weitere Informationen Bonaventure Soh Bejeng Ndikung, geboren 1977 in Yaoundé ist Kurator, Autor und promovierter Biotechnologe. Ndikung ist Professor an der Kunsthochschule Weißensee, Berlin, künstlerischer Leiter der niederländischen Ausstellung sonsbeek 20–24 und der 13. Rencontres de Bamako 2021.",html:dra
https://hoerspiele.dra.de/detailansicht/5018665,I Am Glad You Asked Me This Question (2. Teil),DRA,"Weitere Informationen Kamila Metwaly, 1984 in Warschau geboren, ist Musikjournalistin, elektronische Musikerin und Kuratorin in Berlin und Kairo.",html:dra
https://hoerspiele.dra.de/detailansicht/5020637,Childhood Stories Moskau,DRA,"Das Hörspiel versammelt die Erzählungen von jungen Russinnen und Russen, die zwischen 1980 und 1990 geboren sind. Ihre Erinnerungen spiegeln die all-mähliche Abkehr vom Westen, die wachsende Sorge und schließlich die Verzweiflung über den Krieg in der Ukraine.",html:dra
https://hoerspiele.dra.de/detailansicht/5026018,Schalter Licht Zimmer,DRA,"Der Frankfurter Pop-Produzent und Theaterkomponist Albrecht Kunze mixt live unter den Augen und Ohren von 7 Gästen im Stuttgarter SWR Podcast Studio 13 ein Hörstück, das sich um willkürliche und unwillkürliche Erinnerungen dreht.",html:dra
https://hoerspiele.dra.de/detailansicht/5026040,Genka haut ab (1. Teil),DRA,"Vorlage: Genka haut ab (Tagebuch eines Lausejungen) (Jugendbuch, russisch) Übersetzung: A. Bärta Regieassistenz: Diether-Joseph Wallimann",html:dra
https://hoerspiele.dra.de/detailansicht/5026041,Genka haut ab (2. Teil),DRA,"Vorlage: Genka haut ab (Tagebuch eines Lausejungen) (Jugendbuch, russisch) Übersetzung: A. Bärta Regieassistenz: Diether-Joseph Wallimann",html:dra
https://hoerspiele.dra.de/detailansicht/5026302,Dear alter Ego,DRA,"""Meine Arbeit besteht eher im Erkunden des Mediums Film als darin, ein vorgefasstes Ziel zu erreichen."" So beschreibt die Filmtheoretikerin und -pionierin, Maya Deren, ihren Antrieb.",html:dra
https://hoerspiele.dra.de/detailansicht/5026565,EM-Suite op. 42,DRA,Mit mannigfachen Materialien aus dem Text-Klangarchiv des 1980 gegründeten Ensemble Modern (EM) hat der in Büdingen (Wetterau) lebende Komponist und Musikologe Daniel Hensel (geboren 1978) ein facettenreiches Porträt dieser in Frankfurt am Main beheimateten Spitzenformation für Neue Musik gezeichnet.,html:dra
https://hoerspiele.dra.de/detailansicht/5026069,Taschi de le,DRA,Erinnerungen eines tibetischen Flüchtlingskindes,html:dra
https://hoerspiele.dra.de/detailansicht/5029345,Das Geheimnis der gelben Tapete,DRA,"Der Jubel ist groß, als Emilia, ihre Schwester Henriette und beider Eltern in ein großes Haus umziehen sollen. Es handelt sich um das Haus von Tante Treppchen und Tante Klößchen; die beiden rüstigen Damen wollen auf Weltreise gehen und brauchen ihr altes Heim nicht mehr.",html:dra
https://hoerspiele.dra.de/detailansicht/5029471,Flashback Crash (November-Reminiszenzen),DRA,"»Ich arbeite derzeit«, so der Kölner Komponist, Multiinstrumentalist und Improvisator Andreas Wagner (geboren 1962), »an einem musikalischen Puzzlespiel von Erinnerungen und Gedankensplittern, die allgemach das Bild verzerren und überdehnen!",html:dra
https://hoerspiele.dra.de/detailansicht/5029973,Mutter haben (1. Teil),DRA,"""Mutter haben"" geht der Frage nach, wie sich eine geschwächte matriarchale Linie innerhalb mehrerer Generationen auswirkt.",html:dra
https://hoerspiele.dra.de/detailansicht/5029982,Mutter haben (2. Teil),DRA,"""Mutter haben"" geht der Frage nach, wie sich eine geschwächte matriarchale Linie innerhalb mehrerer Generationen auswirkt.",html:dra
https://hoerspiele.dra.de/detailansicht/5031768,Kaf*KI,DRA,"(*fett: der Mensch* // regulär: die KI)In den dunklen Gängen von Kafkas literarischem Universum entsteht ein einzigartiges *na ja, übertreib mal nicht* Hörspielprojekt, das die Grenzen zwischen Mensch und Künstlicher Intelligenz verwischt.",html:dra
https://hoerspiele.dra.de/detailansicht/5031783,Voices of the Invisible,DRA,Seit den 1970er Jahren realisiert die US-amerikanische Komponistin Priscilla McLean einige signifikante elektroakustische Werke. Ihr musikalisches Konzept fokussiert die Wildnis und ist von Iannis Xenakis beeinflusst.,html:dra
https://hoerspiele.dra.de/detailansicht/5031872,Fühl dich umarmt,DRA,"Weitere Informationen Andreas Jungwirth, geboren 1967 in Linz, studierte in Wien Germanistik und Theaterwissenschaft sowie am Konservatorium Schauspiel. Seit 2000 lebt er als freiberuflicher Autor, erst in Berlin, und seit 2010 wieder in Wien.",html:dra
https://hoerspiele.dra.de/detailansicht/5032659,Mögen Sie Emily Dickinson?,DRA,"Bis in die fünfziger Jahre des zwanzigsten Jahrhunderts musste Emily Dickinson (1830 – 1886) warten, bis ihre knapp 1800 Gedichte in einer Gesamtausgabe erscheinen konnten.",html:dra
https://hoerspiele.dra.de/detailansicht/5033171,Dschinns (1. Teil),DRA,Dreißig Jahre hat Hüseyin Yılmaz in Deutschland hart gearbeitet. Er kam als Gastarbeiter aus der Türkei. Und nun erfüllt er sich endlich seinen Traum: eine Eigentumswohnung in Istanbul.,html:dra
https://hoerspiele.dra.de/detailansicht/5033172,Dschinns (2. Teil),DRA,Dreißig Jahre hat Hüseyin Yılmaz in Deutschland hart gearbeitet. Er kam als Gastarbeiter aus der Türkei. Und nun erfüllt er sich endlich seinen Traum: eine Eigentumswohnung in Istanbul.,html:dra
https://hoerspiele.dra.de/detailansicht/5035405,"Mein Sohn, Nephew and Bacsi! - Ephraim Kishon und Friedrich Torberg",DRA,"Beide hießen sie Ephraim, obwohl man einen von ihnen eher als Friedrich kannte, beide liebten guten Humor, waren in ihrer Jugend Wasserballer und stammten, der eine mehr, der andere etwas weniger, aus Ungarn.",html:dra
https://hoerspiele.dra.de/detailansicht/5036353,Mein Leben als Spam (4. Folge: Der totale Differenzvektor),DRA,"Die nahe Zukunft: KI ist zwar noch nicht richtig schlau, aber es reicht für eine Flut an gefakten Bildern, Texten und Stimmen. Spamfilter sind jetzt Staatsaufgabe. Daran arbeitet auch die junge Beamtin Miriam.",html:dra
https://hoerspiele.dra.de/detailansicht/5036350,Mein Leben als Spam (1. Folge: Chattie),DRA,"Die nahe Zukunft: KI ist zwar noch nicht richtig schlau, aber es reicht für eine Flut an gefakten Bildern, Texten und Stimmen. Spamfilter sind jetzt Staatsaufgabe. Daran arbeitet auch die junge Beamtin Miriam.",html:dra
https://hoerspiele.dra.de/detailansicht/5036352,"Mein Leben als Spam (3. Folge: Turing negative, living positive)",DRA,"Die nahe Zukunft: KI ist zwar noch nicht richtig schlau, aber es reicht für eine Flut an gefakten Bildern, Texten und Stimmen. Spamfilter sind jetzt Staatsaufgabe. Daran arbeitet auch die junge Beamtin Miriam.",html:dra
https://hoerspiele.dra.de/detailansicht/5036351,Mein Leben als Spam (2. Folge:Festnetz und Strafe),DRA,"Die nahe Zukunft: KI ist zwar noch nicht richtig schlau, aber es reicht für eine Flut an gefakten Bildern, Texten und Stimmen. Spamfilter sind jetzt Staatsaufgabe. Daran arbeitet auch die junge Beamtin Miriam.",html:dra
https://hoerspiele.dra.de/detailansicht/5036354,Mein Leben als Spam (5. Folge: Nett sein),DRA,"Die nahe Zukunft: KI ist zwar noch nicht richtig schlau, aber es reicht für eine Flut an gefakten Bildern, Texten und Stimmen. Spamfilter sind jetzt Staatsaufgabe. Daran arbeitet auch die junge Beamtin Miriam.",html:dra
https://hoerspiele.dra.de/detailansicht/5036355,Mein Leben als Spam (6. Folge: Allgemeine Erklärung der Maschinenrechte),DRA,"Die nahe Zukunft: KI ist zwar noch nicht richtig schlau, aber es reicht für eine Flut an gefakten Bildern, Texten und Stimmen. Spamfilter sind jetzt Staatsaufgabe. Daran arbeitet auch die junge Beamtin Miriam.",html:dra
https://hoerspiele.dra.de/detailansicht/5036356,Mein Leben als Spam (7. Folge: Im Schacht),DRA,"Die nahe Zukunft: KI ist zwar noch nicht richtig schlau, aber es reicht für eine Flut an gefakten Bildern, Texten und Stimmen. Spamfilter sind jetzt Staatsaufgabe. Daran arbeitet auch die junge Beamtin Miriam.",html:dra
https://hoerspiele.dra.de/detailansicht/5036357,Mein Leben als Spam (8. Folge: Vor der Tür),DRA,"Die nahe Zukunft: KI ist zwar noch nicht richtig schlau, aber es reicht für eine Flut an gefakten Bildern, Texten und Stimmen. Spamfilter sind jetzt Staatsaufgabe. Daran arbeitet auch die junge Beamtin Miriam.",html:dra
https://hoerspiele.dra.de/detailansicht/5041401,DYSTOPIA Sound Art Biennale 2024,DRA,"Es sieht nicht gut aus für die Welt. Das kann man heute überall lesen, sehen - und hören.",html:dra
https://hoerspiele.dra.de/detailansicht/5039191,Lélé,DRA,"Ein Mann schreibt einen Dankesbrief. „Lélé“ ist der erfundene Briefwechsel zwischen zwei Menschen, die unterschiedlicher nicht sein, und auch nicht leben könnten. Ein älterer Witwer bedankt sich für das Ergebnis einer Internetbestellung – ein maßgefertigtes Hundehalsband mit aufgesticktem Namen, „Oskarla“.",html:dra
https://hoerspiele.dra.de/detailansicht/5042232,Bite 5634,DRA,"Weitere Informationen Mariana Carvalho (São Paulo/Berlin) ist Performerin, Musikerin und Klangkünstlerin und arbeitet mit Stimmen, Interaktionen zwischen Körpern, (innerem) Hören, Beziehungen, Transduktion, Materialien, Mail Art und präpariertem Klavier.",html:dra
https://hoerspiele.dra.de/detailansicht/5044257,Srebrenica,DRA,Weitere Informationen Armin Smailovic widmet sich in seinen dokumentarischen Arbeiten vor allem Gesellschaften in Krisen- und Kriegsgebieten sowie den politischen Folgen von bewaffneten Konflikten.,html:dra
https://hoerspiele.dra.de/detailansicht/5048009,Jureks Reise,DRA,"Am 04.10.1957 eröffnete die Sowjetunion das Weltraumzeitalter mit dem Start des Sputniks, der rund 800 mal die Erde umrundete, bevor er beim Wiedereintritt in die Atmosphäre verglühte - so steht es in den Geschichtsbüchern.",html:dra
https://hoerspiele.dra.de/detailansicht/5048435,Mohnrot,DRA,Gefangen zwischen den Störgeräuschen der Vergangenheit und den Zwangsgedanken der Gegenwart. Gesucht wird ein Ausweg in die Freiheit. Der Ausweg soll eine Mutprobe sein. Eine Frau zurrt sich zwischen den Gleisen fest.,html:dra
https://hoerspiele.dra.de/detailansicht/5051469,ETTY (2. Teil),DRA,"Im zweiten Teil des Hörspielzweiteilers beschreibt die niederländische Jüdin Etty Hillesum die zunehmenden Restriktionen und Verfolgungen gegen jüdische Menschen, und sie schreibt offen über das tägliche Leben, das Unrecht und ihre eigenen Gefühle dazu.",html:dra
https://hoerspiele.dra.de/detailansicht/5051389,P R I N C E - FunkyPurpleAssoziationen,DRA,"Ausgehend von Prince' Geburt 1958 in Minneapolis entfaltet sich in dem Hörspiel ""P R I N C E - FunkyPurpleAssoziationen"" ein vielschichtiges Klangporträt eines Menschen, der als Ikone, als Hymnenmacher, als musikalischer Universalist bezeichnet wurde - seine Kindheit zwischen Jazz und Gewalt, seine religiöse Prägung, seine radikale künstlerische…",html:dra
https://hoerspiele.dra.de/detailansicht/5051454,ETTY (1. Teil),DRA,"Etty Hillesum war eine niederländische Jüdin, die 1943 im Konzentrationslager Auschwitz ermordet wurde. Nachdem sie 1941 Julius Spier kennengelernt hatte, der sowohl psychoanalytisch als auch körpertherapeutisch arbeitete, begann sie auf dessen Empfehlung, Tagebücher zu schreiben.",html:dra
https://hoerspiele.dra.de/detailansicht/5050267,Die wirkliche Lämmchenhaftigkeit,DRA,"Fünf Personen suchen eine Kindheit. Eine Wunderkammer mit Puppen, Plüschtieren, gefalteten Papieren, die tief in ihnen vergraben ist oder ein Traum, der zärtlich auf der Zunge vergeht.",html:dra
https://wirklichkeitimradio.de/stueck/bananen-heinz/,Bananen-Heinz,Wirklichkeit,"Ein Glücksfall: Obwohl scheinbar gänzlich verschieden, treibt beide dieselbe Frage um: Wie erzählt man eine Lebensgeschichte? – Der hessische Straßenhändler Heinz B.",html:wirklichkeit
https://wirklichkeitimradio.de/stueck/so-long-goodbye/,So long good-bye,Wirklichkeit,"Eine Ikone des Dokumentarfilms mit einer Radioarbeit, bei der Popmusik buchstäblich dekonstruiert wird. Extrem nah und extrem analytisch zugleich. Hat nicht genau in diesem Jahr an diesem Ort David Bowie „Heroes“ aufgenommen?",html:wirklichkeit
https://wirklichkeitimradio.de/stueck/ein-weites-dunkles-land/,Ein weites dunkles Land,Wirklichkeit,"Der Autor geht ins dunkle Land der Psychiatrie und hält das Mikrofon in den Garten, ins Badezimmer, in den Schlafsaal, in die Küche und auch in die Isolierzelle.",html:wirklichkeit
https://wirklichkeitimradio.de/stueck/gar-nicht-so-einfach-sich-am-leben-vorbeizuschleifen/,"Gar nicht so einfach, sich am Leben vorbeizuschleifen",Wirklichkeit,"O-Ton aus dem Jahr 1981: Erich Graf, 85 Jahre alt, ist der letzte Scherenschleifer Berlins. Pfeifend zieht er durch die Hinterhöfe und bietet seine Dienste an. Seine Erinnerungen reichen bis in die Kaiserzeit.",html:wirklichkeit
https://wirklichkeitimradio.de/stueck/mein-partner-hansipiepchen/,Mein Partner Hansipiepchen,Wirklichkeit,"Ein O-Ton-Stück und zugleich ein beklemmendes Kammerspiel – das uns zuvor komplett unbekannt war. Welserstraße 13, West-Berlin, 1973. Die Orts- und Zeitangaben sind präzise.",html:wirklichkeit
https://wirklichkeitimradio.de/stueck/springtime-it-brings-on-the-shearing/,Springtime it brings on the shearing,Wirklichkeit,Den Sound von Kaye Mortley muss man einfach gehört haben.,html:wirklichkeit
https://wirklichkeitimradio.de/stueck/der-dicke-lipinski/,Der dicke Lipinski,Wirklichkeit,"Bild eines sterbenden Staates: Hans Lipinski arbeitet im Braunkohle-Kraftwerk Jänschwalde. Sein Porträt soll zum 40. Jahrestag der DDR im Oktober 1989 gesendet werden. „Der dicke Lipinski“ gehört zu den seltenen Stücken, bei denen „unterwegs“ etwas passiert, das den ursprünglichen Plan komplett über den Haufen wirft, ohne dass das Projekt aufgegeben wird.",html:wirklichkeit
https://wirklichkeitimradio.de/stueck/die-callas-beschreibung-einer-leidenschaft/,Die Callas — Beschreibung einer Leidenschaft,Wirklichkeit,"Eine Autorin geht ihrer persönlichen Leidenschaft auf den Grund. Ihr Feature sprengt die journalistische Norm und ist Hommage und Verteidigung zugleich. Den ersten Teil des Features können Sie oben im Player hören, der zweite Teil ist hier.",html:wirklichkeit
https://wirklichkeitimradio.de/stueck/vorname-jonas/,Vorname Jonas,Wirklichkeit,"Endfertigung AdK-Mischung: Rolf Haberlandt Schnitt: Anette Gudra Uraufführung: Akademie der Künste 20.09.1989 Ursendung: Berliner Rundfunk Januar 1990 Länge: 53‘30 Heises ""Jonas"" offenbart seltene Einblicke in den Behördenapparat der DDR.",html:wirklichkeit
https://wirklichkeitimradio.de/stueck/mirjam/,Mirjam,Wirklichkeit,"Sonst nichts (außer am Anfang einer Badewanne). Und gerade dadurch: extrem anschlussfähig ans Heute. Das wäre doch mal eine tolle Subkategorie: Feature-Portraits, die weibliche Vornamen als Titel tragen.",html:wirklichkeit
https://wirklichkeitimradio.de/stueck/jetzt/,Jetzt,Wirklichkeit,Jetzt – Berlin bei Nacht Berlin bei Nacht. Sechs Studenten schwärmen gleichzeitig aus und simulieren ein „live“-Feature.,html:wirklichkeit
https://wirklichkeitimradio.de/stueck/verkaufskanonen/,Verkaufskanonen,Wirklichkeit,Verkaufskanonen Stationen des ambulanten Gewerbes Von Henryk M. Broder von einer ungewohnten Seite: als O-Ton-Chronist einer wortgewaltigen Zunft.,html:wirklichkeit
https://wirklichkeitimradio.de/stueck/steh-auf-es-ist-krieg/,"Steh auf, es ist Krieg!",Wirklichkeit,Die Berichte der Zeitzeugen aus der Sowjetunion und die der deutschen Soldaten decken sich an kaum einer Stelle. Paul Kohl lässt beide Seiten erzählen.,html:wirklichkeit
https://wirklichkeitimradio.de/stueck/die-bidonvilles-von-paris/,Die Bidonvilles von Paris,Wirklichkeit,"Die Bidonvilles von Paris Versuch, eine Landkarte Frankreichs zu ergänzen Von Hubert Fichte Mit: Herbert Duprow und Walter Andreas Schwarz Regie: Imo Wilimzig Produktion: SDR 1967 Länge: 57'56 Kein schönes Déjà-vu: was Hubert Fichte 1967 über die Armutssiedlungen der Pariser Banlieues erzählt, kommt einem heute noch bekannt vor.",html:wirklichkeit
https://wirklichkeitimradio.de/stueck/schnee-auf-pflaumenbluete/,Schnee auf Pflaumenblüte,Wirklichkeit,"Ja, wenn man die Selbstironie nicht verliert und es trotzdem ganz ernst nimmt.",html:wirklichkeit
https://www.hoerspielundfeature.de/angst-haben-fast-alle-100.html,Angst haben fast alle,DLF/DLF Kultur,"Brandattacken, Streit im Milieu, Angriffe durch Rechtsextreme – das Leben wohnungsloser Menschen ist von Gewalt geprägt. Sie werden von Securities vertrieben und von Unbekannten beleidigt.",html:dlf
https://www.hoerspielundfeature.de/feature-verlorene-freiheit-100.html,Verlorene Freiheit,DLF/DLF Kultur,"Zahra studiert, macht Kampfsport und finanziert ihre Familie mit. Dann ergreifen die Taliban die Macht. Von dem, was einmal ihr Leben war, ist heute nichts mehr übrig. Ein Feature über den Kampf afghanischer Frauen, nicht zu verschwinden.",html:dlf
https://www.hoerspielundfeature.de/feature-eingraviert-100.html,Eingraviert,DLF/DLF Kultur,"In Christins Tattoostudio werden Lebens-, Leidens- und Verlustgeschichten auf die Haut graviert. Die Chefin bietet allen einen sicheren Ort. Doch als der Krebs kommt, braucht Christin selbst Hilfe.",html:dlf
https://www.hoerspielundfeature.de/la-belle-teil-1-krimi-terror-auf-der-tanzflaeche-100.html,Terror auf der Tanzfläche (1/2),DLF/DLF Kultur,Ein Bombenleger zeigt sich selbst an: Er will den Anschlag auf die Diskothek „La Belle“ am 5. April 1986 begangen haben. Im Verhörraum erzählt er aus seinem Leben. Ein Krimi-Hörspiel frei nach wahren Begebenheiten.,html:dlf
https://www.hoerspielundfeature.de/unsere-vergorenen-wunden-100.html,Unsere vergorenen Wunden,DLF/DLF Kultur,"Psychogramm • Eine Patientin lotet die Grenzen ihres Psychoanalytikers aus. Mal hält sie ihn hin, mal liefert sie ihm bereitwillig Träume, Erlebnisse, Widersprüchlichkeiten.",html:dlf
https://www.hoerspielundfeature.de/doku-drops-12-unvergessen-100.html,doku drops 12: (Un)Vergessen,DLF/DLF Kultur,"Eine Hungersnot, die keine gewesen sein soll; eine Vatersprache, die verstummt ist. Zwei Kurzdokus auf rumänisch und tschechisch umkreisen verschüttete Erinnerungen. Auf Deutsch werden sie nicht nur übersetzt, sondern auch weitergedacht.",html:dlf
https://www.hoerspielundfeature.de/laendliche-kueche-in-zentralfrankreich-106.html,Ländliche Küche in Zentralfrankreich,DLF/DLF Kultur,"Kulinarik • Es brutzelt und zischt in der Studioküche. „Gefüllter Lammschulterrollbraten, ohne Knochen (farce double)“ steht auf der Menü-Karte des Küchenchefs im „Tour Lambert“.",html:dlf
https://www.hoerspielundfeature.de/feature-prinzenbad-100.html,Prinzenbad,DLF/DLF Kultur,Das Prinzenbad in Berlin-Kreuzberg ist das vermutlich bekannteste Freibad Deutschlands. Unser Autor Ralf Bei der Kellen ist seit Jahren Stammgast. Eine komplette Sommersaison lang hat er andere Stammgäste begleitet: Lebensgeschichten am Beckenrand.,html:dlf
https://www.hoerspielundfeature.de/ostdeutsche-leben-2-4-liebe-in-zeiten-der-schichtarbeit-100.html,Liebe in Zeiten der Schichtarbeit,DLF/DLF Kultur,"Die Entrümpelung eines Hauses in einem früheren Leipziger Arbeiterviertel fördert ein Notizheftchen zutage. Es ist randvoll gekritzelt mit Liebesschwüren, Kochrezepten und vergeblichen Verabredungsversuchen.",html:dlf
https://www.hoerspielundfeature.de/immer-der-nase-nach-vom-stallgeruch-bis-zum-stinkefinger-104.html,Immer der Nase nach – vom Stallgeruch bis zum Stinkefinger,DLF/DLF Kultur,"Man bemerkt den eigenen Geruchssinn oft erst, wenn einem etwas stinkt. Das Hören und Sehen kann einem in turbulenten Zeiten recht schnell vergehen, aber wir ahnen immer sofort, wenn etwas in der Luft liegt.",html:dlf
https://www.hoerspielundfeature.de/iolanda-eine-poetin-aus-sardinien-100.html,Iolanda,DLF/DLF Kultur,"Wer die Stimme von Orlanda Sassu (1924–2015) gehört hat, vergisst sie nicht. Zum Glück hat die sardische Poetin, Sängerin und Ökologin ihr Leben auf Kassetten aufgezeichnet.",html:dlf
https://www.hoerspielundfeature.de/dona-dora-und-die-wueste-100.html,Doña Dora und die Wüste,DLF/DLF Kultur,"Zwischen der mexikanischen Grenze und der Hoffnung auf ein gutes Leben liegt eine erbarmungslose Wüste. Viele sterben bei dem Versuch, sie zu durchqueren. Doch es gibt Menschen, denen ihr Schicksal nicht gleichgültig ist.",html:dlf
https://www.hoerspielundfeature.de/feature-ein-zimmer-fuer-mich-allein-und-jetzt-eigenbedarf-umverteilung-100.html,"Eigenbedarf, Umverteilung und ein Fernsehpromi",DLF/DLF Kultur,Die Autorin wohnt mit Mann und Kindern auf 75 Quadratmetern - ein Killer für Beziehung und Arbeit.,html:dlf
https://www.hoerspielundfeature.de/feature-zimmer-fuer-mich-allein-kleine-wohnung-100.html,"Kleine Wohnung, Deadlines und Luxusprobleme",DLF/DLF Kultur,Die Autorin wohnt mit Mann und Kindern auf 75 Quadratmetern - ein Killer für Beziehung und Arbeit.,html:dlf
https://www.hoerspielundfeature.de/heroin-im-alter-100.html,Heroin im Alter,DLF/DLF Kultur,"Wie leben Menschen, die regelmäßig Heroin und andere Drogen nehmen? Jörn Klare hat Betroffene im Alter von 50, 60, 70 und mehr Jahren getroffen. Ihre Geschichten zeigen: Es gibt leichtere Schicksale – und keinen Standardablauf der Sucht.",html:dlf
https://www.hoerspielundfeature.de/feature-100.html,Feature,DLF/DLF Kultur,"Der Dokumentarfilm im Radio: Features, Kurz-Dokus, Audio Stories mit ganz eigenen Handschriften. Best-of der kreativen Autorenszene. Preisgekrönte Dokus und Feature-Klassiker.",html:dlf
https://www.hoerspielundfeature.de/hoerspiel-des-monats-dezember-2025-nie-wieder-gut-100.html,NIEWIEDERGUT oder Darf jetzt wirklich ein Jude der König von Bayern sein,DLF/DLF Kultur,Die Jury der Deutschen Akademie der Darstellenden Künste benannte „NIEWIEDERGUT oder Darf jetzt wirklich ein Jude der König von Bayern sein“ zum Hörspiel des Monats Dezember 2025.,html:dlf
https://www.hoerspielundfeature.de/hoerspiel-100.html,Hörspiel,DLF/DLF Kultur,"Klassiker der Literatur, spannende Dramen, unterhaltende Erzählungen und innovatives Audio-Theater. Hier gibt es große Stories, starke Stimmen und feine Sounds - Hörspiele aus dem Programm vom Deutschlandfunk.",html:dlf
https://www.hoerspielundfeature.de/hoerspiel-ueber-nationalistische-gewalt-wolfwelt-100.html,Wolfwelt,DLF/DLF Kultur,"Erinnerungskultur • Verdrängte Verantwortung und gepanzerte Körper: Gerhild Steinbuch komponiert eine vielstimmige Erzählung aus persönlichen Familienerinnerungen, gesellschaftlichem Vergessen und moderner Gewaltforschung.",html:dlf
https://www.hoerspielundfeature.de/reihe-wirklichkeit-im-radio-die-callas-beschreibung-einer-leidenschaft-teil-2-100.html,Die Callas – Beschreibung einer Leidenschaft (2/2),DLF/DLF Kultur,"Ein Feature-Klassiker, der das Sprechen über Musik zum Thema macht. Im zweiten Teil geht es um das schwierige Verhältnis der Primadonna zu ihrem Publikum. Wer reinen Schönklang suchte, wurde bei ihr nicht fündig.",html:dlf
https://www.hoerspielundfeature.de/reihe-wirklichkeit-im-radio-die-callas-beschreibung-einer-leidenschaft-teil-1-100.html,Die Callas - Beschreibung einer Leidenschaft (1/2),DLF/DLF Kultur,"Die Autorin ist 17 Jahre alt, als sie zum ersten Mal diese Stimme hört – da ist es um sie geschehen. Jahrzehnte nach der berauschenden Frühinfektion will sie ihrer Leidenschaft endlich auf den Grund gehen.",html:dlf
https://www.hoerspielundfeature.de/lone-star-texas-feature-teil-2-100.html,Lone Star (2/2),DLF/DLF Kultur,"Der zweite Teil des Feature aus Texas gibt Raum für eine einzige Biografie. Wie die Protagonistin sich als Kind drogenabhängiger Eltern durchschlug, kann man sich erst vorstellen, wenn man es gehört hat.",html:dlf
https://www.hoerspielundfeature.de/kunststuecke-ich-bin-der-ursprung-von-allem-100.html,Ich bin der Ursprung von allem,DLF/DLF Kultur,"Künstler-Biografie • Aus den theoretischen Schriften „Gott ist nicht gestürzt“ über Kunst, Kirche und Fabrik entsteht ein Porträt des Künstlers Kasimir Malewitsch.",html:dlf
https://www.hoerspielundfeature.de/wiedersehen-nach-70-jahren-mein-freund-lennie-oder-die-reise-100.html,Mein Freund Lennie oder die Reise,DLF/DLF Kultur,"Biografie • Der Autor macht sich nach Jahrzehnten auf die Suche nach seinem verloren geglaubten Jugendfreund, den er kurz nach dem Ende des Zweiten Weltkriegs zuletzt gesehen hat.",html:dlf
https://www.hoerspielundfeature.de/die-konferenz-der-fluesse-teil-05-100.html,Die Konferenz der Flüsse (5/6) - Stimmen im Fluss,DLF/DLF Kultur,"Klimawandel • Flüsse sind Lebensgrundlage und können Leben wieder nehmen. Aber haben sie auch selbst eine Biografie mit Geburt und Tod? Darüber sinnieren die Konferenzteilnehmer, nachdem Garonne und Jordan berichtet haben, wie es um sie steht.",html:dlf
https://www.hoerspielundfeature.de/reihe-wirklichkeit-im-radio-bananen-heinz-100.html,Bananen-Heinz,DLF/DLF Kultur,"„Was soll ich Ihne saache...“ – Bananen-Heinz aus Hessen ist Hausierer und fliegender Händler, vor allem aber: ein begnadeter Sprachperformer.",html:dlf
https://www.hoerspielundfeature.de/sanguiniker-zwischen-spass-und-unvernunft-leicht-leben-100.html,Leicht leben,DLF/DLF Kultur,"Oberflächlich, konfliktscheu, unkritisch und grenzenlos optimistisch - der Sanguiniker. Ist er damit der Prototyp der Fun-, Event- und Konsumkultur? Ein Vorbild für ein leichteres Leben oder für ein Weglaufen vor Problemen?",html:dlf
https://www.hoerspielundfeature.de/ich-war-ein-praktisches-maedchen-das-ukrainische-tagebuch-meiner-mutter-dlf-dc7a1484-100.html,Ich war ein praktisches Mädchen - Das ukrainische Tagebuch meiner Mutter,DLF/DLF Kultur,"Klassiker der Literatur, spannende Dramen, unterhaltende Erzählungen und innovative Sound Art. Hier gibt es große Stories, starke Stimmen und feine Klänge – Hörspiele von Deutschlandfunk und Deutschlandfunk Kultur.",html:dlf
https://www.hoerspielundfeature.de/ich-war-ein-praktisches-maedchen-100.html,Ich war ein praktisches Mädchen,DLF/DLF Kultur,"„Jetzt, wo ich meine Lebensgeschichte abschließend betrachte, möchte ich hervorheben, dass ich mit 22 Jahren völlig alleine blieb; ich verlor Vater, Mutter, zwei Brüder, das Zuhause.",html:dlf
https://www.hoerspielundfeature.de/anne-lister-100.html,Anne Lister - Eine erotische Biografie,DLF/DLF Kultur,"Anne Lister (1791-1840) frühreif und sexpositiv! Jungs spielten dabei keine Rolle, denn schon in der Schule fühlt sie sich zu Mädchen hingezogen und verliebte sich in ihre bildhübsche Zimmernachbarin Eliza Raine.",html:dlf
https://www.hoerspielundfeature.de/hoerspiel-nach-max-frisch-montauk-2-100.html,Montauk (2/2),DLF/DLF Kultur,"In einer Collage aus Erinnerungen, Tagebuchauszügen, Selbstreflexionen und anderem autobiographischen Material seziert der Schweizer Schriftsteller Max Frisch sein Leben – und seine Liebesbeziehungen.",html:dlf
https://www.hoerspielundfeature.de/hoerspiel-hoerspiel-des-monats-ein-schwarm-regenbrachvoegel-100.html,Hörspiel des Monats: Ein Schwarm Regenbrachvögel,DLF/DLF Kultur,"Maarten `t Harts Hörspiel Ein Schwarm Regenbrachvögel ist eine Adaption seines gleichnamigen, autobiografisch gefärbten Romans aus dem Jahre 1978 – und dennoch viel mehr: Dieses Hörspiel über das karge und einsame Leben in einem pietistischen Dorf in der niederländischen Provinz überzeugt durch seine akustische Erzählweise.",html:dlf
https://www.hoerspielundfeature.de/die-angestellten-poetische-dystopie-von-olga-ravn-100.html,Die Angestellten,DLF/DLF Kultur,"Olga Ravn erschafft ein vielschichtiges Porträt der Arbeitswelt an Bord des Raumschiffs 6000. Dabei ergründet sie fundamentale Fragen nach der Natur der Arbeit, Identität und Menschlichkeit im technologischen Zeitalter.",html:dlf
https://www.hoerspielundfeature.de/monument-fuer-eine-stimme-100.html,Monument für eine Stimme,DLF/DLF Kultur,Die russische Autorin Nadeschda Mandelstam rettete auf einzigartige Weise viele Gedichte ihres verstorbenen Mannes Ossip Mandelstam vor dem Vergessen und vor der Beschlagnahmung: Sie lernte sie auswendig.,html:dlf
https://www.hoerspielundfeature.de/hoerspiel-ein-held-unserer-zeit-100.html,Ein Held unserer Zeit,DLF/DLF Kultur,"Mit der Figur des Offiziers Petschorin schuf Michail Lermontov einen der ersten Dandys der Weltliteratur. „Ein Held unserer Zeit"" erzählt Geschichten aus dem Leben dieses „überflüssigen“ Menschen, der mit dem Leben und den Gefühlen anderer Menschen spielt.",html:dlf
https://www.hoerspielundfeature.de/plus-null-komma-fuenf-windstill-100.html,plus null komma fünf windstill,DLF/DLF Kultur,"Drama • Die finnisch-russische Grenze teilt Karelien, die Region ist geprägt von Konflikten und Vertreibung. Eine junge Frau will der Familiengeschichte nachspüren und stößt auf Eiswände.",html:dlf
https://www.hoerspielundfeature.de/van-gogh-vermeer-raffael-auf-der-suche-nach-verschollenen-meisterwerken-dlf-f122d4c3-100.html,Auf der Suche nach verschollenen Meisterwerken,DLF/DLF Kultur,"Van Goghs Porträt seines Arztes Dr. Gachet, ein Interieur mit zwei Frauen von Vermeer beim Konzert, das Bildnis eines jungen Mannes von Raffael: Drei Kunstwerke, die seit Jahrzehnten nicht mehr öffentlich zu sehen waren.",html:dlf
https://www.hoerspielundfeature.de/feature-van-gogh-vermeer-raffael-100.html,Auf der Suche nach verschollenen Meisterwerken,DLF/DLF Kultur,"Van Goghs Porträt seines Arztes Dr. Gachet, ein Interieur mit zwei Frauen von Vermeer beim Konzert, das Bildnis eines jungen Mannes von Raffael: Drei Kunstwerke, die seit Jahrzehnten nicht mehr öffentlich zu sehen waren.",html:dlf
https://www.hoerspielundfeature.de/reihe-wirklichkeit-im-radio-der-dicke-lipinski-100.html,Der dicke Lipinski,DLF/DLF Kultur,"Hans Lipinski – Brigadier im Kraftwerk Jänschwalde. Die Autorin trifft ihn vor, während und nach der Wende. Ein Porträt und zugleich ein Stück live dokumentierter Zeitgeschichte – entstanden im Jahr 1989.",html:dlf
https://www.hoerspielundfeature.de/frauenliteraturmonat-sasha-marianna-salzmann-stoert-das-100.html,Sasha Marianna Salzmann stört das Schema,DLF/DLF Kultur,"Nicht nur in der Literaturwelt, sondern auch am Theater ist Sasha Marianna Salzmann ein Shootingstar: Bühne und Buchseiten werden zum Experiment mit Identität, auch mit der eigenen.",html:dlf
https://www.hoerspielundfeature.de/klangkunst-achim-freyer-trifft-100.html,Achim Freyer trifft Don Giovanni am Checkpoint Charlie,DLF/DLF Kultur,"Achim Freyer prägt seit über 50 Jahren die Theaterwelt – als Regisseur, Maler, Bühnen- und Kostümbildner. Ähnlich umtriebig zeigt sich der Komponist und Klangkünstler Alvin Curran.",html:dlf
https://www.hoerspielundfeature.de/achim-freyer-trifft-don-giovanni-am-checkpoint-charlie-dlf-kultur-95b4978e-100.html,Achim Freyer trifft Don Giovanni am Checkpoint Charlie,DLF/DLF Kultur,"Achim Freyer prägt seit über 50 Jahren die Theaterwelt – als Regisseur, Maler, Bühnen- und Kostümbildner. Ähnlich umtriebig zeigt sich der Komponist und Klangkünstler Alvin Curran.",html:dlf
https://www.hoerspielundfeature.de/der-legendenseher-erinnerungen-an-sergej-paradschanow-dlf-ffd60d9f-100.html,Der Legendenseher,DLF/DLF Kultur,"In seinen Filmen erweckt er armenische, georgische, ukrainische und aserbaidschanische Legenden zu neuem Leben. Dafür hat ihn die sowjetische Kulturbürokratie drangsaliert.",html:dlf
https://www.hoerspielundfeature.de/erinnerungen-an-sergei-paradschanow-der-legendenseher-100.html,Der Legendenseher,DLF/DLF Kultur,"In seinen Filmen erweckt er armenische, georgische, ukrainische und aserbaidschanische Legenden zu neuem Leben. Dafür hat ihn die sowjetische Kulturbürokratie drangsaliert.",html:dlf
https://www.hoerspielundfeature.de/maestro-der-comebacks-100.html,Maestro der Comebacks,DLF/DLF Kultur,"Porträt des brasilianischen Pianisten und Dirigenten João Carlos Martins, der zu den großen, zu Unrecht vergessenen Bachinterpreten des 20. Jahrhunderts gehört. Eine Lebensgeschichte, so ungewöhnlich wie seine Musik.",html:dlf
https://www.hoerspielundfeature.de/mysterioeser-tiefton-es-brummt-100.html,Es brummt,DLF/DLF Kultur,"Der mysteriöse Tiefton, den nur wenige Menschen hören können, ist ein Rätsel - weder Quelle noch Ursache sind bisher bekannt. Die Autorin Beate Mayer begab sich auf die Suche nach dem Brummton.",html:dlf
https://www.hoerspielundfeature.de/der-fall-padura-100.html,Der Fall Padura,DLF/DLF Kultur,"Ein berühmter Autor, dessen Werk im eigenen Land von den Medien totgeschwiegen wird. Leonardo Padura hat das Genre des kubanischen Kriminalromans neu aufgerollt. Zwischen internationalem Erfolg und Ächtung führt Padura ein ereignisreiches Leben.",html:dlf
https://www.hoerspielundfeature.de/portrait-einer-jaegerin-weidwerk-100.html,Weidwerk,DLF/DLF Kultur,Beim Schießen kommen die Glückshormone. Beim Ausweiden kommen sie noch stärker. Mit 55 Jahren hat sie den Jagdschein gemacht. Um sich selbst als Teil der Natur zu begreifen.,html:dlf
https://www.hoerspielundfeature.de/portrait-sven-ingo-koch-100.html,Vom Glück der Abwechslung,DLF/DLF Kultur,Der Komponist Sven-Ingo Koch über die Herausforderungen und Freuden bei der Arbeit mit Hörspielen.,html:dlf
https://www.hoerspielundfeature.de/eine-jugend-am-rand-der-grossstadt-kevin-100.html,Kevin,DLF/DLF Kultur,Wie wachsen Kinder und Jugendliche an der Peripherie der Stadt auf?,html:dlf
https://www.hoerspielundfeature.de/frauenstimmen-portrait-der-sexualwissenschaftlerin-100.html,"Die Pionierin der Sexualwissenschaft, Charlotte Wolff, bittet um die Hand",DLF/DLF Kultur,"Zur Frauenuniversität Berlin reiste 1979 eine 82-jährige Emigrantin aus England an. Eine Ärztin, die in den 1920er-Jahren in der Schwangerenfürsorge gearbeitet hatte und mit Walter Benjamin und Franz Hessel befreundet war.",html:dlf
https://www.hoerspielundfeature.de/portrait-des-hoerspiel-komponisten-dietrich-petzold-100.html,Sprachmusik,DLF/DLF Kultur,"Für Dietrich Petzold ist in seinen Hörspielkompositionen vor allem der Klang der Worte wichtig, diese 'Sprachmusik' inspiriert ihn zur instrumentalen Gestaltung. Nora Bauer über den Tonkünstler, der mit seinen erfundenen Instrumenten Geräusche erzeugt, die Gegenstände oder Ereignisse hörbar werden lassen.",html:dlf
https://www.hoerspielundfeature.de/hoerspielmagazin-04-21-neues-aus-der-welt-der-akustischen-100.html,Neues aus der Welt der Akustischen Kunst,DLF/DLF Kultur,"Wir porträtieren den Hörspielmusiker Dietrich Petzold, setzen unsere Geschichte der Hörspieldramaturgie fort und werfen einen Blick auf interessante Neuproduktionen im April.",html:dlf
https://www.hoerspielundfeature.de/portrait-der-tuerkische-komponist-emre-duendar-100.html,Der türkische Komponist Emre Dündar,DLF/DLF Kultur,"Der türkische Komponist Emre Dündar beschäftigt sich als Performer vor allem mit Sprache, lässt aus Lauten geschriebene Gedichte, vorgetragene Poesie, Erzählungen oder Gesang entstehen.",html:dlf
https://www.hoerspielundfeature.de/hoerspielmagazin-02-21-neues-aus-der-welt-der-akustischen-100.html,Neues aus der Welt der Akustischen Kunst,DLF/DLF Kultur,"Es erwarten Sie akustische Impressionen aus verschiedenen Kulturen: Ein Interview zum Hörspiel des Monats November „Atlas“, das sich mit dem Schicksal vietnamesischer Einwanderer in Deutschland beschäftigt, ein Porträt des türkischen Komponisten Emre Dündar und eine neue Folge unserer Reihe „Geschichte der Hörspieldramaturgie.",html:dlf
https://www.hoerspielundfeature.de/hoerspielmagazin-09-20-portrait-martin-schuetz-podcast-dlf-8320ec4f-100.html,Hörspielmagazin 09/20: Portrait Martin Schütz (Podcast),DLF/DLF Kultur,"Klassiker der Literatur, spannende Dramen, unterhaltende Erzählungen und innovative Sound Art. Hier gibt es große Stories, starke Stimmen und feine Klänge – Hörspiele von Deutschlandfunk und Deutschlandfunk Kultur.",html:dlf
https://www.hoerspielundfeature.de/hoerspielmagazin-08-20-portrait-hardy-kurda-podcast-dlf-09bde680-100.html,Hörspielmagazin 08/20: Portrait Hardy Kurda (Podcast),DLF/DLF Kultur,"Klassiker der Literatur, spannende Dramen, unterhaltende Erzählungen und innovative Sound Art. Hier gibt es große Stories, starke Stimmen und feine Klänge – Hörspiele von Deutschlandfunk und Deutschlandfunk Kultur.",html:dlf
https://www.hoerspielundfeature.de/hoerspielmagazin-07-20-portrait-annika-von-trier-podcast-dlf-8d98c01c-100.html,Hörspielmagazin 07/20: Portrait AnniKa von Trier (Podcast),DLF/DLF Kultur,"Klassiker der Literatur, spannende Dramen, unterhaltende Erzählungen und innovative Sound Art. Hier gibt es große Stories, starke Stimmen und feine Klänge – Hörspiele von Deutschlandfunk und Deutschlandfunk Kultur.",html:dlf
https://www.hoerspielundfeature.de/hoerspielmagazin-06-20-portrait-volkan-t-podcast-dlf-b38182b7-100.html,Hörspielmagazin 06/ 20 - Portrait Volkan T(Podcast),DLF/DLF Kultur,"Klassiker der Literatur, spannende Dramen, unterhaltende Erzählungen und innovative Sound Art. Hier gibt es große Stories, starke Stimmen und feine Klänge – Hörspiele von Deutschlandfunk und Deutschlandfunk Kultur.",html:dlf
https://www.hoerspielundfeature.de/hoerspielmagazin-06-20-neues-aus-der-welt-der-akustischen-100.html,Neues aus der Welt der akustischen Kunst,DLF/DLF Kultur,"In dieser Ausgabe stellen wir das Hörspiel des Monats vor: „Wenn das noch geht, kann es nicht so schlimm sein“ von Benjamin Maack. Wir sichten kritisch die Neuproduktionen im Juni und lernen den Musiker, Performer und Hörspielmacher Volkan T.",html:dlf
https://www.hoerspielundfeature.de/40-jahre-freie-republik-wendland-ausgrabung-einer-utopie-100.html,Ausgrabung einer Utopie,DLF/DLF Kultur,"Im Mai 1980 wurde die Utopie für einige Tage Wirklichkeit: Die Anti-Atomkraft-Bewegung rief die Freie Republik Wendland aus. Heute graben Archäologen nach Überresten dieses Urmoments der alternativen Szene, in den die Autorin hineingeboren wurde.",html:dlf
https://www.hoerspielundfeature.de/tagebuecher-eines-radikalen-kuenstlers-im-schatten-des-100.html,Im Schatten des amerikanischen Traums,DLF/DLF Kultur,"So viel Aufmerksamkeit hatte der New Yorker Künstler David Wojnarowicz noch nie. In den 1980ern war er Teil des New Yorker Undergrounds. Heute ist seine radikale, politische Kunst nicht nur in den USA gefragter denn je.",html:dlf
https://www.hoerspielundfeature.de/jane-eyre-teil-1-wiederholung-100.html,Jane Eyre (1/3),DLF/DLF Kultur,"Jane Eyre (1/3) - Hörspiel nach Charlotte Brontë • Klassiker • Ein Roman über weibliche Selbstbestimmung: Er erzählt die Lebensgeschichte einer Frau im 19. Jahrhundert, die um ihre Freiheit und Autonomie kämpft – trotz vieler Widerstände mit Erfolg.",html:dlf
https://www.hoerspielundfeature.de/albatros-100.html,Albatros,DLF/DLF Kultur,"Liebesgeschichte • Robert, ohne festen Wohnsitz, aber dem Leben positiv zugewandt, zieht durch das nächtliche Berlin und erzählt seine Lebensgeschichte: von unfreiwilliger Berühmtheit, vom Ethos des Obdachlosen, von Liebe und anderen Gebrechen.",html:dlf
https://www.hoerspielundfeature.de/feature-bruder-eine-geschichte-in-drei-teilen-100.html,BRUDER. Eine deutsch-litauische Geschwistergeschichte,DLF/DLF Kultur,"Für beide führten sie von Litauen nach Deutschland, für ihn immer wieder ins Gefängnis. Ihre Leben verliefen unterschiedlich: er hat mit 36 mehr Gefängniszellen von innen gesehen als er zählen konnte.",html:dlf
https://www.hoerspielundfeature.de/wolfgang-ein-leben-auf-20000-kassetten-100.html,Wolfgang – Ein Leben auf 20.000 Kassetten,DLF/DLF Kultur,Der Hörfunkarchivar Christian Collet stieß nach dem Tod des Berliner Bankangestellten Wolfgang Seelbinder auf dessen Lebensgeschichte – festgehalten auf 20.000 Kassetten.,html:dlf
https://www.hoerspielundfeature.de/amerika-der-traeume-100.html,Amerika der Träume,DLF/DLF Kultur,Kurz vor Austers 75. Geburtstag am 3. Februar hat Feature-Autor Thomas David den Schriftsteller in New York besucht und mit ihm über sein „Amerika der Träume“ gesprochen.,html:dlf
https://www.hoerspielundfeature.de/generation-u-100.html,Generation U,DLF/DLF Kultur,"Auch 350.000 Kinder sind seit 2022 aus der Ukraine nach Deutschland geflüchtet. Nach dreieinhalb Jahren fragen sich viele, wo ihre Zukunft liegt. Einige sehnen sich trotz des Krieges nach der Heimat.",html:dlf
https://www.hoerspielundfeature.de/erzaehlen-wie-es-weitergeht-100.html,"Erzählen, wie es weitergeht",DLF/DLF Kultur,"Literatur • Wer sind wir, wenn wir allein sind? Wie lenken unsere Erinnerungen unser Bewusstsein? Das Hörspiel des Büchner-Preisträgers Jürgen Becker schärft unsere Wahrnehmung für Prozesse der Erfahrung.",html:dlf
https://www.hoerspielundfeature.de/heimgesucht-100.html,Heimgesucht,DLF/DLF Kultur,"Im Kinderkurheim Johannaberg bei Detmold mussten Verschickungskinder Heimweh, Angst und Gewalt erleben. Jahrzehnte später macht sich eine Gruppe von Zeitzeug*innen auf die Reise.",html:dlf
https://www.hoerspielundfeature.de/doku-drops-6-old-tapes-100.html,doku drops 6: Old Tapes,DLF/DLF Kultur,"Auf Dachböden, in Schubladen und auf alten Festplatten schlummern sie: Aufnahmen, die lange nicht mehr angehört worden sind. In unseren Kurzdokus wird der Staub von der Kassettenhülle gewischt und halbvergessene Stimmen erwachen zu neuem Leben.",html:dlf
https://www.hoerspielundfeature.de/hoerspiel-des-monats-september-2025-der-afrik-100.html,Der Afrik,DLF/DLF Kultur,"Vom Schwarzwald nach Algerien und zurück. Ein verbannter Außenseiter will Rache üben an seinem Heimatdorf, dem Weindorf Pfaffenweiler in Baden, das ihn unter falschen Versprechungen nach Algerien gelockt hatte.",html:dlf
https://www.hoerspielundfeature.de/warum-vergessen-wir-dinge-100.html,Warum vergessen wir Dinge?,DLF/DLF Kultur,"Es hat Gründe, warum wir uns nicht alles merken können und Vergessen kann manchmal sogar richtig nützlich sein.",html:dlf
https://www.hoerspielundfeature.de/hoerspiel-des-monats-juni-2025-schwebende-bruecken-100.html,Schwebende Brücken,DLF/DLF Kultur,"Das Hörspiel ""Schwebende Brücken"" wurde von der Akademie der Darstellenden Künste zum Hörspiel des Monats Juni 2025 gewählt.",html:dlf
https://www.hoerspielundfeature.de/konsum-und-konkurs-abschiedstour-durchs-warenhaus-2-6-100.html,Damenabteilung,DLF/DLF Kultur,Die Autoren verlaufen sich in die Damenabteilung. In Troisdorf bei Köln treffen sich 150 ehemalige Hertie-Verkäuferinnen zu einem Revival. Die Filiale wurde 40 Jahren zuvor geschlossen.,html:dlf
https://www.hoerspielundfeature.de/kindheit-und-jugend-alleestrasse-100.html,Alleestraße,DLF/DLF Kultur,"Aufwachsen im Ruhrgebiet der 60er- und 70er-Jahre: Enge, die Sprachlosigkeit einer bürgerlichen Kleinfamilie, die Gewalt in der innerlich beschädigten Nachkriegsgesellschaft.",html:dlf
https://www.hoerspielundfeature.de/hoerspiel-ueber-koeln-die-stadt-und-die-stimmen-100.html,Die Stadt und die Stimmen,DLF/DLF Kultur,"„Unterwegs in der Stadt, die ich gut zu kennen glaube. Bald weiß ich, dass ich mich täusche. Was ich noch kenne, sind Erinnerungen an die Stadt.“ (Jürgen Becker)",html:dlf
https://www.hoerspielundfeature.de/ein-mongolisches-roadmovie-rueckkehr-der-zauberfloete-100.html,Rückkehr der Zauberflöte,DLF/DLF Kultur,"Anne-Katrin Probst ist in Ulan Bator geboren. Ihre Eltern kehrten vom Hilfseinsatz für die sozialistische Mongolei in die DDR zurück, als sie zwei Jahre alt war. Sie ist voller Bilder, Klänge, Geschichten aus einem Zauberland, schön und schrecklich zugleich.",html:dlf
https://www.hoerspielundfeature.de/also-muss-ich-ueberleben-100.html,Also muss ich überleben!,DLF/DLF Kultur,"Sie will nicht nur zusehen: Als der Krieg ausbricht, geht Savita Wagner in die Ukraine, um zu helfen. Sie rettet als Sanitäterin an der Front viele Verwundete. Bis sie von einem Granatsplitter tödlich getroffen wird.",html:dlf
https://www.hoerspielundfeature.de/wer-war-anne-frank-100.html,Wer war Anne Frank?,DLF/DLF Kultur,"Anne Frank wurde vor allem durch ihr Tagebuch weltberühmt, das sie im Hinterhaus-Versteck in Amsterdam führte. Doch Anne hat auch Geschichten geschrieben.",html:dlf
https://www.hoerspielundfeature.de/herzbefellt-lyrischer-nachruf-auf-friederike-mayroecker-100.html,"HERZBEFELLT, ein Nachrufen",DLF/DLF Kultur,Lyrik • Die junge Autorin Frieda Paris schreibt einen Nachruf auf die berühmte Friederike Mayröcker. Über einen intimen Schaffensprozess und eine poetische Auseinandersetzung.,html:dlf
https://www.hoerspielundfeature.de/krimi-die-vier-soehne-des-dr-march-100.html,Die vier Söhne des Dr. March,DLF/DLF Kultur,Dem Hausmädchen Jeanie fällt das Tagebuch eines Triebtäters in die Hände. Der Mörder ist einer der vier Söhne ihres Arbeitgebers. Mitten in ihren Nachforschungen gerät sie selbst in eine sadistische Treibjagd.,html:dlf
https://www.hoerspielundfeature.de/schiessbuden-haben-noch-immer-einen-reiz-fuer-mich-100.html,Schießbuden haben noch immer einen Reiz für mich,DLF/DLF Kultur,"Die Künstlerin Ré Soupault radelt durch ein Nachkriegsdeutschland in Trümmern. Wie das Land, so ist auch Ré im Aufbruch. Andra Joeckle inszeniert das Fahrtenbuch der deutsch-französischen Künstlerin, und wir pedalieren mit.",html:dlf
https://www.hoerspielundfeature.de/zwischen-allen-stuehlen-3-3-100.html,Zwischen allen Stühlen (3/3),DLF/DLF Kultur,"Zeitdokument • Letztes Lebenskapitel eines bürgerlichen Humanisten: Victor Klemperer führt unablässig Tagebuch, begleitet schreibend persönliche Tragödien und seinen Alltag in der DDR.",html:dlf
https://www.hoerspielundfeature.de/zwischen-allen-stuehlen-2-3-100.html,Zwischen allen Stühlen (2/3),DLF/DLF Kultur,Zeitdokument • „Man hat mich mehr missachtet als einen Hund. Man bewirbt sich jetzt mit allen Mitteln um mich. Was wird morgen sein?“ Der Philologe Victor Klemperer protokolliert sein Leben in der jungen DDR.,html:dlf
https://www.hoerspielundfeature.de/die-tagebuecher-des-victor-klemperer-teil-5-100.html,Zeugnis ablegen (2/6),DLF/DLF Kultur,"Zeitdokument • „Ich habe den Eindruck, dass eine Explosion bevorsteht. Ich rechne mit Pogromen, Ghetto, Geld und Hausentziehung. Vielmehr: Ich rechne mit nichts.“ Akribisch dokumentiert Klemperer seinen Alltag im Nationalsozialismus.",html:dlf
https://www.hoerspielundfeature.de/flog-ein-vogel-federlos-100.html,Flog ein Vogel federlos,DLF/DLF Kultur,"Literatur • Eine Kleinstadt Mitte der 80er-Jahre. Eine heile Familie in ihrer kleinen Welt. Tschernobyl, Aufrüstung und Umweltzerstörung haben da keinen Platz. Dann verschwindet die Tochter in sich selbst.",html:dlf
https://www.hoerspielundfeature.de/tagebuch-wh-100.html,Tagebuch 1985–1989,DLF/DLF Kultur,"Literarisches Dokument • Die Tagebücher des Schriftstellers Sándor Márai sind das Protokoll einer großen Liebe, und gleichzeitig eine schonungslose Betrachtung der letzten Dinge: Einsamkeit, Krankheit, Tod.",html:dlf
https://www.hoerspielundfeature.de/liebe-in-zeiten-der-schichtarbeit-dlf-c483e783-100.html,Liebe in Zeiten der Schichtarbeit,DLF/DLF Kultur,"Die Entrümpelung eines Hauses in einem früheren Leipziger Arbeiterviertel fördert ein Notizheftchen zutage. Es ist randvoll gekritzelt mit Liebesschwüren, Kochrezepten und vergeblichen Verabredungsversuchen.",html:dlf
https://www.hoerspielundfeature.de/meine-liebe-aenne-wh-100.html,Meine liebe Änne!,DLF/DLF Kultur,"Autobiographie • Erst nach dem Tod ihrer Mutter erfährt Ricarda Bethke von deren Zwangssterilisierung im Jahr 1942. Anhand von Briefen und Dokumenten zeichnet die Autorin ein Leben nach, das nach dem erlittenen Unrecht Stillschweigen bewahrt.",html:dlf
https://www.hoerspielundfeature.de/elterntagebuecher-aus-zwei-jahrhunderten-erinnern-und-100.html,Erinnern und verklären,DLF/DLF Kultur,"„Jede große Zeit erfordert große und harte Menschen, groß im Können, im Charakter und im Glauben. Hierzu wollen wir Dich erziehen …” (für Hans-Martin, 1939). - halten Gedanken und Empfindungen fest, die nach der Ankunft ihres Kindes über sie hereinbrechen, formen ein Erinnerungsbuch, einen Wegweiser für die Heranwachsenden.",html:dlf
https://www.hoerspielundfeature.de/freistil-natur-an-autorin-100.html,Natur an Autorin - Autorin an Natur,DLF/DLF Kultur,Nature Writing ist mehr als Naturlyrik. Es ist die literarische Antwort auf das Zeitalter des Anthropozäns. Autorin Elke Heinemann gelingt ein Selbstversuch in der Tradition von Henry David Thoreaus „Walden“.,html:dlf
https://www.hoerspielundfeature.de/ein-deutsch-deutsches-seniorenhaus-und-seine-geschichten-100.html,Zeitenwende,DLF/DLF Kultur,"In einer Einrichtung für Senioren treffen West- auf Ost-Biografien. Ein Ort der erwartbaren Geschichten? Was die Menschen aus ihren Leben erzählen, ist viel reicher und komplexer.",html:dlf
https://www.hoerspielundfeature.de/hoerspiel-des-monats-mai-2025-lele-100.html,LÉLÉ,DLF/DLF Kultur,"Ein Mann schreibt einen Dankesbrief. ""Lélé"" ist der erfundene Briefwechsel zwischen zwei Menschen, die unterschiedlicher nicht sein, und auch nicht leben könnten.",html:dlf
https://www.hoerspielundfeature.de/hoerspiel-ost-west-frauenbilder-schubladen-100.html,Schubladen,DLF/DLF Kultur,"Biografien • Sechs Frauen – drei im Osten, drei im Westen Deutschlands aufgewachsen – öffnen ihre Schubladen. Beim Zeigen und Vergleichen von Briefen, Tagebüchern, Fotos und Klängen wollen sie sich besser kennenlernen.",html:dlf
https://www.hoerspielundfeature.de/hoerspiel-des-monats-oktober-2024-kein-koenig-in-israel-100.html,Kein König in Israel,DLF/DLF Kultur,"Maxim Billers Doku-Fiktion über jüdische Identität, den Schriftsteller Jossl Brenner, der vor mehr als 100 Jahren ermordet wurde, und die antijüdischen Pogrome in Palästina 1921.",html:dlf
https://www.hoerspielundfeature.de/hauptsache-hoerspiel-folge-dlf-649e2aee-100.html,Hauptsache Hörspiel - Folge 25,DLF/DLF Kultur,"Wenn zwei wortgewitzte Schriftsteller sich jahrelang Briefe schreiben, ist es relativ logisch, dass daraus ein sehr unterhaltsames Buch werden kann.",html:dlf
https://www.hoerspielundfeature.de/feature-briefe-an-mich-schelander-100.html,Briefe an mich,DLF/DLF Kultur,"„Was hat meine Sexualität geprägt?“ Das fragt sich die Autorin anhand von Briefen, die sie sich seit ihrer Jugend selber schreibt. Sie sucht Antworten in den popkulturellen Relikten der Neunziger, in BRAVO-Heften, Hollywoodfilmen, Popsongs.",html:dlf
https://www.hoerspielundfeature.de/der-schatten-des-meisters-teil-2-auf-goethes-spuren-100.html,Der Schatten des Meisters (2/2),DLF/DLF Kultur,Literaturexperte Udo Stahl folgt der Spur der verschwundenen Studentin Bettina B. Hier wurden aus einem Archiv geheime Briefe zwischen Goethe und Lenz gestohlen. Was weiß die verschwundene Doktorandin über die Raubkunst?,html:dlf
https://www.hoerspielundfeature.de/wirklichkeit-im-radio-mein-partner-hansipiepchen-100.html,Mein Partner Hansipiepchen,DLF/DLF Kultur,"Briefe an die Kinder, die nie beantwortet werden. Unsere Reihe „Wirklichkeit im Radio“ widmet sich in diesen Monaten „Typen“.",html:dlf
https://www.hoerspielundfeature.de/strafkolonie-der-frauen-politische-gefangene-in-belarus-berichten-dlf-91c85c1b-100.html,Strafkolonie der Frauen,DLF/DLF Kultur,"Kontakte zur Außenwelt sind kaum möglich. Geben Angehörige Informationen weiter, drohen ihnen und den Insassen Repressalien. So lässt Lukaschenkos Regime politische Gefangene verschwinden.",html:dlf
https://www.hoerspielundfeature.de/strafkolonie-der-frauen-100.html,Strafkolonie der Frauen,DLF/DLF Kultur,"Kontakte zur Außenwelt sind kaum möglich. Geben Angehörige Informationen weiter, drohen ihnen und den Insassen Repressalien. So lässt Lukaschenkos Regime politische Gefangene verschwinden.",html:dlf
https://www.hoerspielundfeature.de/goodbye-stranger-teil-2-100.html,Korallenpilz,DLF/DLF Kultur,"Die Väter von Felizitas und Conrad waren auch schon zu Lebzeiten und vor der Krankheit abwesend. Doch wo haben sie die ganze Zeit gesteckt, wenn sie nicht mit ihren Kindern waren?",html:dlf
https://www.hoerspielundfeature.de/jedes-jahr-hat-er-viel-zu-tun-159-gibt-es-den-100.html,Gibt es den Weihnachtsmann wirklich?,DLF/DLF Kultur,"Auch, wenn man ihn nicht immer wirklich sehen kann, wissen alle Kinder, dass es ihn gibt. Aber woran erkennt man eigentlich den echten Weihnachtsmann?",html:dlf
https://www.hoerspielundfeature.de/frauenstimmen-moegen-sie-emily-dickinson-100.html,Mögen Sie Emily Dickinson?,DLF/DLF Kultur,"Zu Lebzeiten wurden lediglich sieben Gedichte von ihr veröffentlicht, doch der Nachlass von Emily Dickinson umfasst knapp 1.800 Texte. Auch in Deutschland galt sie lange als Geheimtipp.",html:dlf
https://www.hoerspielundfeature.de/ernst-ludwig-kirchner-inside-out-hw-100.html,Ernst Ludwig Kirchner – Inside Out,DLF/DLF Kultur,Experimentelle Doku-Fiktion • Das Hörbild collagiert Auszüge aus Ernst Ludwig Kirchners Tage- und Skizzenbüchern mit Zeugenaussagen und Briefen an den befreundeten Arzt und Sammler Dr. Bauer.,html:dlf
https://www.hoerspielundfeature.de/feature-lisa-der-nerd-100.html,"Lisa, der Nerd und die Unsichtbaren",DLF/DLF Kultur,"„Die Programmierung musste erst männlich gemacht werden“, schreibt der Computerhistoriker Nathan Ensmeger. Denn im Anfang war Programmieren ein Frauenberuf.",html:dlf
https://www.hoerspielundfeature.de/reihe-wirklichkeit-im-radio-gar-nicht-so-einfach-sich-am-100.html,"Gar nicht so einfach, sich am Leben vorbeizuschleifen",DLF/DLF Kultur,"O-Ton aus dem Jahr 1981: Erich Graf, 85 Jahre alt, ist der letzte Scherenschleifer Berlins. Pfeifend zieht er durch die Hinterhöfe und bietet seine Dienste an. Seine Erinnerungen reichen bis in die Kaiserzeit.",html:dlf
https://www.hoerspielundfeature.de/der-dichter-richard-o-moore-leben-ist-leben-tod-ist-tod-100.html,Leben ist Leben – Tod ist Tod,DLF/DLF Kultur,Wie lässt sich die Arbeit von Richard O. Was zeichnet sein poetisches Vermächtnis aus? Und was erlebte er als Zeitzeuge der literarischen Bewegung der San Francisco Renaissance in den 1940er-Jahren?,html:dlf
https://www.hoerspielundfeature.de/das-feature-aufraeumen-oder-der-abschied-von-der-dissidenz-100.html,Aufräumen oder Der Abschied von der Dissidenz,DLF/DLF Kultur,"Klassiker der Literatur, spannende Dramen, unterhaltende Erzählungen und innovative Sound Art. Hier gibt es große Stories, starke Stimmen und feine Klänge – Hörspiele von Deutschlandfunk und Deutschlandfunk Kultur.",html:dlf
https://www.hoerspielundfeature.de/pitch-deine-doku-idee-100.html,Pitch' Deine Doku-Idee,DLF/DLF Kultur,"Du hast eine Idee für eine Radio-Doku? Deutschlandfunk und Deutschlandfunk Kultur suchen spannende Themen für politische, gesellschaftliche und kulturelle Formate.",html:dlf
